method,k,n,f1_mean,f1_std,seconds_mean,seconds_std
CASTOR-KRFE,3,5,0.952,0.010954451150103319,1093.74,90.03618133839306
CASTOR-KRFE,4,16,0.974375,0.01364734406395619,1128.025625,73.35977471509847
CASTOR-KRFE,5,35,0.9620000000000001,0.013460180927024532,1116.6285714285714,66.26159721547776
CASTOR-KRFE,7,16,0.955625,0.015041608956491342,1151.755625,81.75082025837212
CASTOR-KRFE,8,11,0.9363636363636364,0.03640679257301505,1098.2081818181819,75.74244501178744
CASTOR-KRFE,9,9,0.9433333333333334,0.0158113883008419,1057.3111111111111,54.94027517323801
CASTOR-KRFE,10,8,0.94875,0.022951812875799452,1124.7975000000001,69.54440796046374
GREAC,5,38,0.9990947368421054,0.0010462151523909565,7.018228545973684,2.901469683475114
GREAC,6,38,0.9996657894736841,0.0003331068457672715,8.389088430684211,3.3259749759159285
GREAC,7,38,0.9995421052631578,0.000373899523247987,8.933632279447368,3.291491976849203
GREAC,8,37,0.9976837837837838,0.006513597466220329,7.098753254216216,2.7203562228492504
GREAC,9,37,0.9966702702702703,0.0030935295254652007,5.2988182213783785,2.0679441535240057
GREAC,10,38,0.9863368421052632,0.017666664608998156,4.987224149105263,1.8974024692661005
KEVOLVE,2,2,0.14,0.18384776310850237,512.9717525243759,221.7196228888702
KEVOLVE,3,100,0.1646,0.17748193819044908,92.86013909339904,159.07804754180484
KEVOLVE,4,100,0.3044,0.25102344049265135,114.95983299255371,126.3620140426086
KEVOLVE,5,100,0.38589999999999997,0.2554698385012179,103.73553641080856,45.4877814779825
KEVOLVE,6,100,0.4515,0.2709294701168143,117.80083029985428,56.587673389125165
KEVOLVE,7,100,0.4081,0.28331263739030504,187.6400397348404,87.48048517172205
KEVOLVE,8,100,0.4729,0.2813865201770933,288.6782401633263,80.61734747674294
KEVOLVE,9,100,0.488,0.27352543138831104,384.5488927769661,91.68071125227833
KEVOLVE,10,100,0.4794,0.2644828000365081,497.0900174236298,126.59949229711367
