timestamp,rep,window,threshold,kmer,metric,f1_score,precision,recall,windows,kmerset,final_len,extract_time,fit_time,classify_time,n_test
2026-09-18T16:47:35.73,1,0.002,0.5,5,manhattan,0.9988,0.9992,0.9984,16,436,3144,0.831719456,4.683875081,3.731894412,5732
2026-09-18T16:47:40.677,1,0.002,0.5,6,manhattan,0.9998,0.9998,0.9998,2,1003,3217,0.339099662,0.912755557,2.90970117,5732
2026-09-18T16:47:44.751,1,0.002,0.5,7,manhattan,0.9998,0.9999,0.9996,14,1069,3139,0.151178284,1.147371366,2.769048529,5732
2026-09-18T16:47:49.659,1,0.002,0.55,5,manhattan,0.9976,0.9984,0.9969,16,436,3144,0.175802165,0.618039208,2.622042773,5732
2026-09-18T16:47:53.841,1,0.002,0.55,6,manhattan,0.9993,0.9988,0.9997,3,1003,3215,0.18410001,1.152798245,2.844071083,5732
2026-09-18T16:47:57.854,1,0.002,0.55,7,manhattan,0.9996,0.9995,0.9997,14,1069,3135,0.144734585,1.136671957,2.72961508,5732
2026-09-18T16:48:02.133,1,0.002,0.6,5,manhattan,0.9908,0.9839,0.9983,16,436,3144,0.173856106,0.613691936,2.611026565,5732
2026-09-18T16:48:06.429,1,0.002,0.6,6,manhattan,0.9998,0.9999,0.9996,3,1003,3215,0.192485925,1.03748403,3.063646078,5732
2026-09-18T16:48:10.447,1,0.002,0.6,7,manhattan,0.9999,0.9999,0.9999,14,1069,3134,0.140330882,1.144458354,2.731169048,5732
2026-09-18T16:48:14.877,1,0.002,0.65,5,manhattan,0.9956,0.9952,0.9961,16,436,3132,0.229784746,0.648719097,2.608799674,5732
2026-09-18T16:48:18.896,1,0.002,0.65,6,manhattan,0.9998,0.9999,0.9998,3,1003,3215,0.198904901,1.012355478,2.804781087,5732
2026-09-18T16:48:23.095,1,0.002,0.65,7,manhattan,0.9999,0.9999,0.9999,15,1069,3131,0.181447088,1.271917763,2.744272186,5732
2026-09-18T16:48:27.468,1,0.002,0.7,5,manhattan,0.999,0.9991,0.999,16,436,3132,0.205689844,0.745434712,2.527107555,5732
2026-09-18T16:48:31.48,1,0.002,0.7,6,manhattan,0.9994,0.9994,0.9994,3,1003,3215,0.186717732,1.014913835,2.808174956,5732
2026-09-18T16:48:35.634,1,0.002,0.7,7,manhattan,0.9998,0.9999,0.9998,17,1069,3126,0.251581031,1.197918523,2.697922281,5732
2026-09-18T16:48:40.181,1,0.002,0.75,5,manhattan,0.9941,0.9914,0.9968,18,436,3126,0.236540844,0.824207325,2.562299611,5732
2026-09-18T16:48:44.28,1,0.002,0.75,6,manhattan,0.9998,0.9999,0.9998,3,1003,3215,0.19134842,1.032242021,2.873281652,5732
2026-09-18T16:48:48.492,1,0.002,0.75,7,manhattan,0.9998,0.9999,0.9997,20,1069,3112,0.153162476,1.295800347,2.76054095,5732
2026-09-18T16:48:53.013,1,0.002,0.8,5,manhattan,0.9989,0.999,0.9988,19,436,3117,0.2227101,0.783710821,2.629469977,5732
2026-09-18T16:48:57.024,1,0.002,0.8,6,manhattan,0.9998,0.9998,0.9997,3,1003,3215,0.194536745,1.02017051,2.794702359,5732
2026-09-18T16:49:01.101,1,0.002,0.8,7,manhattan,0.9992,0.9988,0.9996,22,1069,3091,0.13571074,1.280348306,2.659177956,5732
2026-09-18T16:49:05.535,1,0.0025,0.5,5,manhattan,0.9972,0.996,0.9985,10,436,3178,0.27483644,0.627520026,2.719311531,5732
2026-09-18T16:49:09.618,1,0.0025,0.5,6,manhattan,0.9999,0.9999,0.9999,1,1003,3220,0.20535705,0.857501096,3.017994516,5732
2026-09-18T16:49:14.161,1,0.0025,0.5,7,manhattan,0.9998,0.9999,0.9997,6,1069,3180,0.198433262,1.319717782,3.023583148,5732
2026-09-18T16:49:17.075,1,0.0025,0.5,8,manhattan,0.9991,0.9992,0.999,65,646,2583,0.130677276,0.756510495,2.02507378,5732
2026-09-18T16:49:21.477,1,0.0025,0.55,5,manhattan,0.9929,0.99,0.9958,10,436,3178,0.251066998,0.748647202,2.612215333,5732
2026-09-18T16:49:25.298,1,0.0025,0.55,6,manhattan,0.9998,0.9999,0.9996,1,1003,3220,0.19273477,0.826594851,2.799601656,5732
2026-09-18T16:49:29.469,1,0.0025,0.55,7,manhattan,0.9995,0.9994,0.9996,6,1069,3173,0.182728606,1.237750837,2.74827542,5732
2026-09-18T16:49:32.356,1,0.0025,0.55,8,manhattan,0.9997,0.9997,0.9997,65,646,2583,0.125288392,0.685514432,2.07330465,5732
2026-09-18T16:49:36.524,1,0.0025,0.6,5,manhattan,0.9995,0.9995,0.9994,10,436,3178,0.170318295,0.596096536,2.672988864,5732
2026-09-18T16:49:40.519,1,0.0025,0.6,6,manhattan,0.9998,0.9997,0.9998,1,1003,3220,0.193419354,0.96417622,2.82949199,5732
2026-09-18T16:49:44.629,1,0.0025,0.6,7,manhattan,0.9996,0.9995,0.9997,6,1069,3172,0.144424979,1.126838999,2.836427093,5732
2026-09-18T16:49:47.494,1,0.0025,0.6,8,manhattan,0.9995,0.9997,0.9994,65,646,2580,0.121328389,0.681028245,2.061044219,5732
2026-09-18T16:49:51.853,1,0.0025,0.65,5,manhattan,0.9977,0.997,0.9984,10,436,3166,0.240474726,0.722287626,2.673205582,5732
2026-09-18T16:49:55.71,1,0.0025,0.65,6,manhattan,0.9999,0.9999,0.9999,1,1003,3220,0.193831698,0.829117518,2.825382248,5732
2026-09-18T16:49:59.85,1,0.0025,0.65,7,manhattan,0.9999,0.9999,0.9999,6,1069,3172,0.150177529,1.247300937,2.739754221,5732
2026-09-18T16:50:02.618,1,0.0025,0.65,8,manhattan,0.9991,0.9993,0.9988,64,646,2555,0.123073583,0.664055271,1.978823819,5732
2026-09-18T16:50:06.905,1,0.0025,0.7,5,manhattan,0.992,0.9874,0.997,10,436,3166,0.264699673,0.617907628,2.658021523,5732
2026-09-18T16:50:10.729,1,0.0025,0.7,6,manhattan,0.9998,0.9999,0.9998,1,1003,3220,0.20091228,0.825735244,2.794256981,5732
2026-09-18T16:50:14.861,1,0.0025,0.7,7,manhattan,0.9998,0.9997,0.9998,6,1069,3172,0.135084403,1.263950965,2.731962515,5732
2026-09-18T16:50:17.723,1,0.0025,0.7,8,manhattan,0.9996,0.9998,0.9995,64,646,2547,0.123905603,0.659169802,2.076698658,5732
2026-09-18T16:50:21.986,1,0.0025,0.75,5,manhattan,1.0,1.0,1.0,11,436,3164,0.222102201,0.692865369,2.601066496,5732
2026-09-18T16:50:25.855,1,0.0025,0.75,6,manhattan,0.9997,0.9996,0.9998,1,1003,3220,0.18864193,0.840802179,2.837555658,5732
2026-09-18T16:50:29.992,1,0.0025,0.75,7,manhattan,0.9995,0.9994,0.9996,7,1069,3166,0.181697888,1.236663966,2.716415072,5732
2026-09-18T16:50:32.753,1,0.0025,0.75,8,manhattan,0.9996,0.9996,0.9995,63,646,2534,0.121299894,0.662628692,1.974555887,5732
2026-09-18T16:50:37.028,1,0.0025,0.8,5,manhattan,0.9969,0.9959,0.998,12,436,3157,0.225275441,0.747628846,2.570332409,5732
2026-09-18T16:50:40.879,1,0.0025,0.8,6,manhattan,0.9999,0.9999,0.9999,1,1003,3220,0.194867933,0.82448257,2.829690689,5732
2026-09-18T16:50:45.028,1,0.0025,0.8,7,manhattan,0.9989,0.9986,0.9993,9,1069,3145,0.142443301,1.261522164,2.742487112,5732
2026-09-18T16:50:47.707,1,0.0025,0.8,8,manhattan,0.9978,0.9984,0.9972,64,646,2477,0.118910622,0.647340151,1.910498277,5732
2026-09-18T16:50:52.037,1,0.003,0.5,5,manhattan,0.9978,0.9964,0.9993,4,436,3211,0.246457681,0.700397615,2.657277644,5732
2026-09-18T16:50:55.912,1,0.003,0.5,6,manhattan,0.9993,0.9988,0.9997,1,1003,3220,0.192726809,0.819480815,2.860967512,5732
2026-09-18T16:51:00.13,1,0.003,0.5,7,manhattan,0.9998,0.9999,0.9998,3,1069,3201,0.150790874,1.216269815,2.84883475,5732
2026-09-18T16:51:03.3,1,0.003,0.5,8,manhattan,0.9995,0.9997,0.9994,44,646,2835,0.125017407,0.739331071,2.303579403,5732
2026-09-18T16:51:05.822,1,0.003,0.5,9,manhattan,0.9964,0.9964,0.9965,54,583,2103,0.185187299,0.538550232,1.795557294,5732
2026-09-18T16:51:08.452,1,0.003,0.5,10,manhattan,0.9258,0.9924,0.8966,45,510,1567,0.600421948,0.61255485,1.415203002,5732
2026-09-18T16:51:11.873,1,0.003,0.55,5,manhattan,0.9992,0.999,0.9993,4,436,3211,0.192506459,0.570690225,2.656137205,5732
2026-09-18T16:51:15.923,1,0.003,0.55,6,manhattan,0.9997,0.9997,0.9998,1,1003,3220,0.205845031,0.836381433,3.005248339,5732
2026-09-18T16:51:19.936,1,0.003,0.55,7,manhattan,0.9992,0.9988,0.9995,4,1069,3198,0.144727881,1.102397754,2.760199845,5732
2026-09-18T16:51:23.076,1,0.003,0.55,8,manhattan,0.9993,0.9992,0.9993,44,646,2835,0.122566187,0.745090813,2.269904229,5732
2026-09-18T16:51:25.585,1,0.003,0.55,9,manhattan,0.9969,0.9988,0.9949,54,583,2103,0.177324915,0.542308952,1.786764414,5732
2026-09-18T16:51:28.098,1,0.003,0.55,10,manhattan,0.9927,0.9967,0.9889,45,510,1567,0.592906325,0.552520379,1.365227496,5732
2026-09-18T16:51:31.46,1,0.003,0.6,5,manhattan,0.9995,0.9994,0.9997,4,436,3211,0.182350136,0.582946187,2.595619851,5732
2026-09-18T16:51:35.493,1,0.003,0.6,6,manhattan,0.9998,0.9999,0.9996,1,1003,3220,0.198117649,0.835047744,2.997252556,5732
2026-09-18T16:51:39.508,1,0.003,0.6,7,manhattan,0.9989,0.9986,0.9992,4,1069,3197,0.145214465,1.113196618,2.754781906,5732
2026-09-18T16:51:42.73,1,0.003,0.6,8,manhattan,0.9991,0.9995,0.9987,44,646,2832,0.122680237,0.876139925,2.221649194,5732
2026-09-18T16:51:45.196,1,0.003,0.6,9,manhattan,0.9984,0.9991,0.9976,54,583,2103,0.178284673,0.533473537,1.752073119,5732
2026-09-18T16:51:47.847,1,0.003,0.6,10,manhattan,0.9933,0.9919,0.9949,45,510,1567,0.613278685,0.632583381,1.403168087,5732
2026-09-18T16:51:51.228,1,0.003,0.65,5,manhattan,0.999,0.9986,0.9994,5,436,3200,0.188456152,0.570152446,2.620087986,5732
2026-09-18T16:51:55.337,1,0.003,0.65,6,manhattan,0.9998,0.9999,0.9998,1,1003,3220,0.205139425,0.825859142,3.075457709,5732
2026-09-18T16:51:59.315,1,0.003,0.65,7,manhattan,0.9998,0.9999,0.9997,4,1069,3193,0.155194928,1.115798905,2.704837549,5732
2026-09-18T16:52:02.539,1,0.003,0.65,8,manhattan,0.9995,0.9997,0.9994,44,646,2802,0.12274065,0.730321751,2.369186232,5732
2026-09-18T16:52:05.059,1,0.003,0.65,9,manhattan,0.9972,0.997,0.9975,54,583,2103,0.220869014,0.54719938,1.744686354,5732
2026-09-18T16:52:07.696,1,0.003,0.65,10,manhattan,0.9947,0.9976,0.9918,45,510,1567,0.6065383,0.633088474,1.395401245,5732
2026-09-18T16:52:11.066,1,0.003,0.7,5,manhattan,0.9971,0.9957,0.9986,5,436,3200,0.184713566,0.574775172,2.609110399,5732
2026-09-18T16:52:15.083,1,0.003,0.7,6,manhattan,0.997,0.9944,0.9996,1,1003,3220,0.194192917,0.82924861,2.990480045,5732
2026-09-18T16:52:19.203,1,0.003,0.7,7,manhattan,0.9997,0.9997,0.9997,4,1069,3193,0.148369058,1.09424441,2.875912713,5732
2026-09-18T16:52:22.418,1,0.003,0.7,8,manhattan,0.9982,0.9982,0.9982,44,646,2794,0.121965272,0.744215282,2.342538909,5732
2026-09-18T16:52:24.919,1,0.003,0.7,9,manhattan,0.9967,0.9986,0.9949,53,583,2088,0.181322421,0.547854351,1.77027977,5732
2026-09-18T16:52:27.412,1,0.003,0.7,10,manhattan,0.9874,0.9911,0.9844,45,510,1561,0.584063717,0.53736314,1.368951015,5732
2026-09-18T16:52:30.789,1,0.003,0.75,5,manhattan,0.9997,0.9997,0.9998,5,436,3200,0.1863269,0.571226046,2.617449311,5732
2026-09-18T16:52:34.797,1,0.003,0.75,6,manhattan,0.9992,0.9988,0.9996,1,1003,3220,0.19373406,0.830046757,2.976370844,5732
2026-09-18T16:52:38.863,1,0.003,0.75,7,manhattan,0.9993,0.9996,0.999,4,1069,3193,0.15650983,1.091849202,2.815414288,5732
2026-09-18T16:52:42.089,1,0.003,0.75,8,manhattan,0.9974,0.9977,0.997,44,646,2777,0.124416493,0.868924759,2.230062697,5732
2026-09-18T16:52:44.596,1,0.003,0.75,9,manhattan,0.9993,0.9996,0.9991,52,583,2063,0.182833299,0.538224912,1.778645641,5732
2026-09-18T16:52:47.144,1,0.003,0.75,10,manhattan,0.993,0.9948,0.9914,45,510,1561,0.592409684,0.559775704,1.38792173,5732
2026-09-18T16:52:50.58,1,0.003,0.8,5,manhattan,0.998,0.9966,0.9994,5,436,3200,0.184256734,0.582637487,2.666280957,5732
2026-09-18T16:52:54.654,1,0.003,0.8,6,manhattan,0.9999,0.9999,0.9999,1,1003,3220,0.200039333,0.829253918,3.04309653,5732
2026-09-18T16:52:58.698,1,0.003,0.8,7,manhattan,0.9999,0.9999,0.9999,5,1069,3185,0.148014893,1.101095424,2.793291285,5732
2026-09-18T16:53:01.83,1,0.003,0.8,8,manhattan,0.9999,0.9999,0.9999,45,646,2729,0.121179348,0.880331451,2.128488572,5732
2026-09-18T16:53:04.288,1,0.003,0.8,9,manhattan,0.9809,0.9823,0.981,52,583,2053,0.180015551,0.529359256,1.741460803,5732
2026-09-18T16:53:06.785,1,0.003,0.8,10,manhattan,0.9848,0.9932,0.9779,45,510,1561,0.612440938,0.532768419,1.349965354,5732
2026-09-18T16:53:48.32,2,0.002,0.5,5,manhattan,0.9987,0.9983,0.9991,16,432,3148,0.84092042,4.698417159,3.834420543,5732
2026-09-18T16:53:53.0,2,0.002,0.5,6,manhattan,0.9986,0.9983,0.999,3,1014,3211,0.217219107,0.92070238,2.756661126,5732
2026-09-18T16:53:56.835,2,0.002,0.5,7,manhattan,0.9995,0.9994,0.9996,12,1047,3170,0.146934727,0.957418514,2.728789835,5732
2026-09-18T16:54:01.904,2,0.002,0.55,5,manhattan,0.9983,0.9982,0.9982,16,432,3148,0.298853888,0.662521766,2.645317948,5732
2026-09-18T16:54:05.643,2,0.002,0.55,6,manhattan,0.9999,0.9999,0.9999,4,1014,3209,0.196539306,0.892436905,2.648829779,5732
2026-09-18T16:54:09.402,2,0.002,0.55,7,manhattan,0.9997,0.9997,0.9998,12,1047,3162,0.184895014,1.005639327,2.566923734,5732
2026-09-18T16:54:13.676,2,0.002,0.6,5,manhattan,0.996,0.9949,0.9971,16,432,3148,0.211299148,0.667245482,2.533220136,5732
2026-09-18T16:54:17.543,2,0.002,0.6,6,manhattan,0.9996,0.9995,0.9996,5,1014,3204,0.192305666,0.936159659,2.737011553,5732
2026-09-18T16:54:21.423,2,0.002,0.6,7,manhattan,0.998,0.9965,0.9995,12,1047,3162,0.184567877,1.032847825,2.660758464,5732
2026-09-18T16:54:25.65,2,0.002,0.65,5,manhattan,0.9967,0.9951,0.9984,16,432,3148,0.217306199,0.664024122,2.494888083,5732
2026-09-18T16:54:29.537,2,0.002,0.65,6,manhattan,0.9998,0.9999,0.9998,5,1014,3204,0.193227292,0.938648174,2.752782978,5732
2026-09-18T16:54:33.479,2,0.002,0.65,7,manhattan,0.9959,0.9932,0.9987,11,1047,3152,0.188511745,1.053952052,2.69690602,5732
2026-09-18T16:54:37.818,2,0.002,0.7,5,manhattan,0.9982,0.9975,0.9989,16,432,3137,0.22969458,0.700162179,2.569942276,5732
2026-09-18T16:54:41.819,2,0.002,0.7,6,manhattan,0.9996,0.9997,0.9996,5,1014,3204,0.189455651,0.945655772,2.863614986,5732
2026-09-18T16:54:45.682,2,0.002,0.7,7,manhattan,0.9992,0.999,0.9994,11,1047,3152,0.139255814,1.069006206,2.65348128,5732
2026-09-18T16:54:49.939,2,0.002,0.75,5,manhattan,0.9908,0.9886,0.9933,18,432,3130,0.212634374,0.675003734,2.531977239,5732
2026-09-18T16:54:53.893,2,0.002,0.75,6,manhattan,0.9999,0.9999,0.9999,5,1014,3204,0.192595367,0.941104283,2.818777076,5732
2026-09-18T16:54:57.854,2,0.002,0.75,7,manhattan,0.9961,0.9949,0.9973,11,1047,3152,0.255727089,0.96066397,2.743176306,5732
2026-09-18T16:55:02.092,2,0.002,0.8,5,manhattan,0.96,0.9737,0.9509,20,432,3118,0.239922002,0.731665428,2.442125699,5732
2026-09-18T16:55:05.955,2,0.002,0.8,6,manhattan,0.9997,0.9998,0.9997,5,1014,3204,0.193644244,0.937861411,2.72921426,5732
2026-09-18T16:55:09.843,2,0.002,0.8,7,manhattan,0.9996,0.9995,0.9996,15,1047,3121,0.147465031,1.123391981,2.615136027,5732
2026-09-18T16:55:14.099,2,0.0025,0.5,5,manhattan,0.9991,0.999,0.9992,9,432,3183,0.273170655,0.577237776,2.518112972,5732
2026-09-18T16:55:18.026,2,0.0025,0.5,6,manhattan,0.9991,0.9986,0.9995,2,1014,3216,0.189502235,0.891764054,2.843674943,5732
2026-09-18T16:55:21.93,2,0.0025,0.5,7,manhattan,0.9993,0.9993,0.9994,4,1047,3199,0.187097669,0.995006617,2.719491512,5732
2026-09-18T16:55:24.544,2,0.0025,0.5,8,manhattan,0.9975,0.9986,0.9964,58,616,2588,0.125345661,0.600278843,1.886166893,5732
2026-09-18T16:55:28.711,2,0.0025,0.55,5,manhattan,0.9973,0.9959,0.9987,9,432,3183,0.254083235,0.63800593,2.488523236,5732
2026-09-18T16:55:32.671,2,0.0025,0.55,6,manhattan,0.9999,0.9999,0.9999,2,1014,3216,0.191378731,0.898052705,2.868085807,5732
2026-09-18T16:55:36.52,2,0.0025,0.55,7,manhattan,0.9995,0.9994,0.9997,4,1047,3191,0.181871025,1.00043189,2.665615788,5732
2026-09-18T16:55:39.198,2,0.0025,0.55,8,manhattan,0.9966,0.9965,0.9967,60,616,2575,0.123599209,0.605926281,1.946582697,5732
2026-09-18T16:55:43.527,2,0.0025,0.6,5,manhattan,0.9976,0.9961,0.9991,9,432,3183,0.225914979,0.678323431,2.677842905,5732
2026-09-18T16:55:47.391,2,0.0025,0.6,6,manhattan,0.9999,0.9999,0.9999,2,1014,3216,0.197059553,0.88975451,2.775852678,5732
2026-09-18T16:55:51.286,2,0.0025,0.6,7,manhattan,0.9998,0.9999,0.9998,4,1047,3191,0.147092778,1.023439991,2.722301787,5732
2026-09-18T16:55:54.093,2,0.0025,0.6,8,manhattan,0.9994,0.9994,0.9995,60,616,2565,0.129428374,0.614567606,2.06098604,5732
2026-09-18T16:55:58.386,2,0.0025,0.65,5,manhattan,0.9942,0.9904,0.9982,9,432,3183,0.205943927,0.628146432,2.611498483,5732
2026-09-18T16:56:02.263,2,0.0025,0.65,6,manhattan,0.9996,0.9996,0.9997,2,1014,3216,0.194440574,0.883290836,2.797946697,5732
2026-09-18T16:56:06.144,2,0.0025,0.65,7,manhattan,0.9996,0.9996,0.9997,4,1047,3191,0.18654264,0.996734002,2.694747924,5732
2026-09-18T16:56:08.853,2,0.0025,0.65,8,manhattan,0.9978,0.998,0.9977,60,616,2555,0.1202807,0.620726771,1.966410993,5732
2026-09-18T16:56:13.134,2,0.0025,0.7,5,manhattan,0.998,0.998,0.9981,9,432,3172,0.225072274,0.671239917,2.644331091,5732
2026-09-18T16:56:16.979,2,0.0025,0.7,6,manhattan,0.9999,0.9999,0.9999,2,1014,3216,0.203048445,0.866361723,2.772847896,5732
2026-09-18T16:56:20.882,2,0.0025,0.7,7,manhattan,0.9994,0.9992,0.9995,5,1047,3178,0.143739767,1.016481004,2.740539168,5732
2026-09-18T16:56:23.473,2,0.0025,0.7,8,manhattan,0.9991,0.9992,0.9989,60,616,2529,0.123415247,0.58687916,1.87962779,5732
2026-09-18T16:56:27.647,2,0.0025,0.75,5,manhattan,0.9977,0.9977,0.9978,10,432,3170,0.230890683,0.703677292,2.499509203,5732
2026-09-18T16:56:31.447,2,0.0025,0.75,6,manhattan,0.9998,0.9998,0.9998,2,1014,3216,0.198448627,0.885499498,2.714248036,5732
2026-09-18T16:56:35.364,2,0.0025,0.75,7,manhattan,0.9994,0.9994,0.9995,5,1047,3178,0.146534536,1.040985315,2.727715466,5732
2026-09-18T16:56:38.081,2,0.0025,0.75,8,manhattan,0.9982,0.9984,0.998,59,616,2500,0.118195168,0.591843061,2.004594493,5732
2026-09-18T16:56:42.251,2,0.0025,0.8,5,manhattan,0.9946,0.993,0.9964,11,432,3163,0.214184572,0.67367647,2.533282015,5732
2026-09-18T16:56:46.146,2,0.0025,0.8,6,manhattan,0.9997,0.9998,0.9997,2,1014,3216,0.20501804,0.872917936,2.81457675,5732
2026-09-18T16:56:50.061,2,0.0025,0.8,7,manhattan,0.999,0.9988,0.9992,7,1047,3158,0.144815881,1.086430355,2.681444063,5732
2026-09-18T16:56:52.657,2,0.0025,0.8,8,manhattan,0.9949,0.9922,0.9977,59,616,2473,0.123685952,0.586701414,1.883952644,5732
2026-09-18T16:56:56.878,2,0.003,0.5,5,manhattan,0.9982,0.9968,0.9997,3,432,3213,0.228444351,0.649002653,2.610980819,5732
2026-09-18T16:57:00.637,2,0.003,0.5,6,manhattan,0.9998,0.9997,0.9999,1,1014,3220,0.200337206,0.757841811,2.799299593,5732
2026-09-18T16:57:04.481,2,0.003,0.5,7,manhattan,0.9992,0.9991,0.9994,2,1047,3212,0.14715298,1.008872352,2.685684058,5732
2026-09-18T16:57:07.521,2,0.003,0.5,8,manhattan,0.9971,0.9958,0.9983,33,616,2793,0.13296451,0.64893819,2.256193262,5732
2026-09-18T16:57:09.821,2,0.003,0.5,9,manhattan,0.9925,0.989,0.9963,52,512,2030,0.187558202,0.475324433,1.635093888,5732
2026-09-18T16:57:12.163,2,0.003,0.5,10,manhattan,0.9953,0.9945,0.9962,57,445,1560,0.599860703,0.517864075,1.222062942,5732
2026-09-18T16:57:15.452,2,0.003,0.55,5,manhattan,0.9977,0.9963,0.9992,3,432,3213,0.18143305,0.507931873,2.597547053,5732
2026-09-18T16:57:19.288,2,0.003,0.55,6,manhattan,0.9983,0.9968,0.9998,1,1014,3220,0.193187971,0.762778753,2.877257089,5732
2026-09-18T16:57:23.094,2,0.003,0.55,7,manhattan,0.9997,0.9997,0.9998,3,1047,3205,0.142990159,0.913260789,2.748523636,5732
2026-09-18T16:57:26.106,2,0.003,0.55,8,manhattan,0.9992,0.9989,0.9994,34,616,2786,0.127450958,0.630004421,2.252622836,5732
2026-09-18T16:57:28.402,2,0.003,0.55,9,manhattan,0.9982,0.9975,0.999,52,512,2024,0.178520877,0.448896482,1.665394399,5732
2026-09-18T16:57:30.724,2,0.003,0.55,10,manhattan,0.9941,0.9931,0.9952,57,445,1560,0.627672839,0.463439119,1.228403067,5732
2026-09-18T16:57:34.051,2,0.003,0.6,5,manhattan,0.9973,0.9951,0.9995,3,432,3213,0.188988762,0.518245338,2.618590379,5732
2026-09-18T16:57:37.965,2,0.003,0.6,6,manhattan,0.9996,0.9998,0.9995,1,1014,3220,0.198338627,0.761764726,2.951557763,5732
2026-09-18T16:57:41.788,2,0.003,0.6,7,manhattan,0.9989,0.9983,0.9994,3,1047,3205,0.160066638,0.90627596,2.754187835,5732
2026-09-18T16:57:44.82,2,0.003,0.6,8,manhattan,0.9982,0.9977,0.9987,36,616,2779,0.130308096,0.652741538,2.246380839,5732
2026-09-18T16:57:47.105,2,0.003,0.6,9,manhattan,0.9944,0.9961,0.9927,52,512,2013,0.177809334,0.448816514,1.656483417,5732
2026-09-18T16:57:49.559,2,0.003,0.6,10,manhattan,0.9924,0.994,0.9909,57,445,1560,0.616593633,0.553267123,1.281770625,5732
2026-09-18T16:57:52.757,2,0.003,0.65,5,manhattan,0.999,0.999,0.999,3,432,3213,0.189300952,0.507218095,2.500043629,5732
2026-09-18T16:57:56.605,2,0.003,0.65,6,manhattan,0.999,0.9986,0.9994,1,1014,3220,0.198040684,0.743172831,2.905060355,5732
2026-09-18T16:58:00.43,2,0.003,0.65,7,manhattan,0.9975,0.996,0.999,3,1047,3205,0.158319279,0.91686949,2.747826968,5732
2026-09-18T16:58:03.407,2,0.003,0.65,8,manhattan,0.9984,0.998,0.9989,37,616,2773,0.122317761,0.623204392,2.229944385,5732
2026-09-18T16:58:05.654,2,0.003,0.65,9,manhattan,0.9938,0.993,0.9948,50,512,1984,0.182837209,0.432721515,1.628675821,5732
2026-09-18T16:58:07.954,2,0.003,0.65,10,manhattan,0.9973,0.9979,0.9968,56,445,1547,0.590364869,0.470032278,1.238055414,5732
2026-09-18T16:58:11.205,2,0.003,0.7,5,manhattan,0.9956,0.9927,0.9985,4,432,3202,0.181852517,0.520354547,2.546436765,5732
2026-09-18T16:58:15.06,2,0.003,0.7,6,manhattan,0.9983,0.9968,0.9997,1,1014,3220,0.197174512,0.764318055,2.891807129,5732
2026-09-18T16:58:18.813,2,0.003,0.7,7,manhattan,0.999,0.9985,0.9995,4,1047,3195,0.151486145,0.897535111,2.701421819,5732
2026-09-18T16:58:21.769,2,0.003,0.7,8,manhattan,0.9986,0.9983,0.999,37,616,2746,0.127982729,0.627833124,2.19744939,5732
2026-09-18T16:58:24.015,2,0.003,0.7,9,manhattan,0.9988,0.9988,0.9988,48,512,1952,0.190082896,0.427878649,1.62571434,5732
2026-09-18T16:58:26.405,2,0.003,0.7,10,manhattan,0.9869,0.9947,0.9803,55,445,1528,0.587082677,0.564298836,1.236605718,5732
2026-09-18T16:58:29.781,2,0.003,0.75,5,manhattan,0.9982,0.9978,0.9986,4,432,3202,0.187716253,0.541081351,2.64446763,5732
2026-09-18T16:58:33.586,2,0.003,0.75,6,manhattan,0.9999,0.9999,0.9999,1,1014,3220,0.198945059,0.732641111,2.872400325,5732
2026-09-18T16:58:37.319,2,0.003,0.75,7,manhattan,0.9995,0.9994,0.9996,4,1047,3195,0.151324532,0.912980516,2.666688341,5732
2026-09-18T16:58:40.251,2,0.003,0.75,8,manhattan,0.9988,0.9988,0.9988,38,616,2717,0.126287262,0.635254672,2.16863566,5732
2026-09-18T16:58:42.516,2,0.003,0.75,9,manhattan,0.9913,0.9874,0.9954,47,512,1931,0.179852262,0.457567351,1.625417794,5732
2026-09-18T16:58:44.942,2,0.003,0.75,10,manhattan,0.9889,0.9859,0.9923,55,445,1528,0.622447591,0.549334219,1.253010045,5732
2026-09-18T16:58:48.246,2,0.003,0.8,5,manhattan,0.9993,0.999,0.9995,5,432,3200,0.19062235,0.522809887,2.588348255,5732
2026-09-18T16:58:52.169,2,0.003,0.8,6,manhattan,0.9981,0.9968,0.9995,1,1014,3220,0.202691138,0.748581062,2.970125773,5732
2026-09-18T16:58:55.902,2,0.003,0.8,7,manhattan,0.9999,0.9999,0.9999,5,1047,3188,0.144834179,0.910221854,2.675048485,5732
2026-09-18T16:58:58.828,2,0.003,0.8,8,manhattan,0.9974,0.9957,0.9992,39,616,2705,0.123922015,0.630744949,2.169130277,5732
2026-09-18T16:59:01.039,2,0.003,0.8,9,manhattan,0.9917,0.9891,0.9945,47,512,1925,0.186355745,0.417518599,1.605237707,5732
2026-09-18T16:59:03.397,2,0.003,0.8,10,manhattan,0.997,0.9984,0.9956,55,445,1522,0.59424211,0.539136061,1.223425406,5732
2026-09-18T16:59:46.477,3,0.002,0.5,5,manhattan,0.9989,0.9991,0.9986,16,438,3148,0.870995344,4.783134945,3.910244107,5732
2026-09-18T16:59:51.311,3,0.002,0.5,6,manhattan,0.9994,0.9995,0.9993,5,1013,3207,0.221525802,0.996191405,2.773684595,5732
2026-09-18T16:59:55.242,3,0.002,0.5,7,manhattan,0.9983,0.9968,0.9998,16,1075,3141,0.154654636,1.0636308,2.710132078,5732
2026-09-18T17:00:00.039,3,0.002,0.55,5,manhattan,0.9975,0.9961,0.9989,16,438,3148,0.176315987,0.555359987,2.593389888,5732
2026-09-18T17:00:03.89,3,0.002,0.55,6,manhattan,0.9999,0.9999,0.9999,5,1013,3207,0.194872683,0.923164636,2.730256223,5732
2026-09-18T17:00:07.996,3,0.002,0.55,7,manhattan,0.9992,0.9992,0.9991,16,1075,3138,0.149022982,1.050607212,2.903602906,5732
2026-09-18T17:00:12.303,3,0.002,0.6,5,manhattan,0.9996,0.9997,0.9994,16,438,3148,0.181102141,0.746132985,2.471766629,5732
2026-09-18T17:00:16.395,3,0.002,0.6,6,manhattan,0.999,0.9991,0.9989,6,1013,3205,0.192903786,0.984074427,2.912068929,5732
2026-09-18T17:00:20.615,3,0.002,0.6,7,manhattan,0.9996,0.9996,0.9997,16,1075,3137,0.28755084,1.172759379,2.758343114,5732
2026-09-18T17:00:25.033,3,0.002,0.65,5,manhattan,0.9967,0.9952,0.9982,16,438,3148,0.181132733,0.700144719,2.611201727,5732
2026-09-18T17:00:29.02,3,0.002,0.65,6,manhattan,0.9995,0.9995,0.9995,6,1013,3205,0.18764299,0.988169711,2.80926909,5732
2026-09-18T17:00:33.336,3,0.002,0.65,7,manhattan,0.9999,0.9999,0.9999,16,1075,3137,0.150378531,1.357009478,2.806821432,5732
2026-09-18T17:00:37.847,3,0.002,0.7,5,manhattan,0.9978,0.9981,0.9974,17,438,3145,0.259632057,0.740712043,2.620500259,5732
2026-09-18T17:00:41.639,3,0.002,0.7,6,manhattan,0.9976,0.9982,0.997,6,1013,3205,0.189620058,0.99761924,2.598231567,5732
2026-09-18T17:00:45.689,3,0.002,0.7,7,manhattan,0.9996,0.9994,0.9997,17,1075,3134,0.138954659,1.176206746,2.733629627,5732
2026-09-18T17:00:50.136,3,0.002,0.75,5,manhattan,0.9979,0.9977,0.9981,17,438,3132,0.284577277,0.628752446,2.687969965,5732
2026-09-18T17:00:54.338,3,0.002,0.75,6,manhattan,0.9988,0.9982,0.9994,6,1013,3205,0.194334206,0.983312738,3.022410093,5732
2026-09-18T17:00:58.396,3,0.002,0.75,7,manhattan,0.9995,0.9994,0.9997,18,1075,3126,0.256770728,1.121675352,2.677651819,5732
2026-09-18T17:01:02.846,3,0.002,0.8,5,manhattan,0.9986,0.9993,0.998,19,438,3123,0.2538522,0.753728716,2.534224942,5732
2026-09-18T17:01:06.788,3,0.002,0.8,6,manhattan,0.9989,0.9986,0.9992,7,1013,3200,0.188955098,0.978952615,2.772650804,5732
2026-09-18T17:01:10.656,3,0.002,0.8,7,manhattan,0.9981,0.9966,0.9997,20,1075,3115,0.1420392,1.201125007,2.522042174,5732
2026-09-18T17:01:14.913,3,0.0025,0.5,5,manhattan,0.9944,0.9914,0.9974,9,438,3183,0.179358623,0.637945238,2.554216388,5732
2026-09-18T17:01:18.762,3,0.0025,0.5,6,manhattan,0.9995,0.9994,0.9997,2,1013,3216,0.191712852,0.904831223,2.75089852,5732
2026-09-18T17:01:22.67,3,0.0025,0.5,7,manhattan,0.9996,0.9996,0.9997,8,1075,3175,0.1422152,1.13616889,2.627165773,5732
2026-09-18T17:01:25.373,3,0.0025,0.5,8,manhattan,0.9903,0.983,0.9986,60,619,2639,0.120890414,0.622858887,1.958112937,5732
2026-09-18T17:01:29.757,3,0.0025,0.55,5,manhattan,0.9947,0.9911,0.9984,9,438,3183,0.236580304,0.698218286,2.704093389,5732
2026-09-18T17:01:33.724,3,0.0025,0.55,6,manhattan,0.9996,0.9996,0.9996,2,1013,3216,0.209000671,0.939278771,2.817308453,5732
2026-09-18T17:01:37.906,3,0.0025,0.55,7,manhattan,0.9984,0.9977,0.9991,8,1075,3173,0.155597563,1.186444295,2.837360172,5732
2026-09-18T17:01:40.679,3,0.0025,0.55,8,manhattan,0.999,0.9992,0.9987,62,619,2630,0.121221881,0.622220957,2.02727015,5732
2026-09-18T17:01:45.046,3,0.0025,0.6,5,manhattan,0.9959,0.9931,0.9988,9,438,3183,0.24602704,0.694345516,2.651796149,5732
2026-09-18T17:01:49.205,3,0.0025,0.6,6,manhattan,0.9992,0.9986,0.9998,2,1013,3216,0.205714567,0.969732096,2.980684522,5732
2026-09-18T17:01:53.482,3,0.0025,0.6,7,manhattan,0.9996,0.9996,0.9995,8,1075,3173,0.157643075,1.217163225,2.893730907,5732
2026-09-18T17:01:56.346,3,0.0025,0.6,8,manhattan,0.998,0.9967,0.9994,62,619,2626,0.135241476,0.646141115,2.080888718,5732
2026-09-18T17:02:00.699,3,0.0025,0.65,5,manhattan,0.9992,0.9991,0.9993,9,438,3183,0.244641319,0.706581713,2.622186158,5732
2026-09-18T17:02:04.619,3,0.0025,0.65,6,manhattan,0.9998,0.9999,0.9996,2,1013,3216,0.195336358,0.910479778,2.81220906,5732
2026-09-18T17:02:08.569,3,0.0025,0.65,7,manhattan,0.9995,0.9994,0.9996,8,1075,3172,0.143066356,1.16962099,2.634117987,5732
2026-09-18T17:02:11.329,3,0.0025,0.65,8,manhattan,0.9975,0.9964,0.9987,62,619,2622,0.117165917,0.628336122,2.01273331,5732
2026-09-18T17:02:15.768,3,0.0025,0.7,5,manhattan,0.9992,0.9992,0.9992,9,438,3183,0.27598037,0.652219753,2.769093018,5732
2026-09-18T17:02:19.791,3,0.0025,0.7,6,manhattan,0.9993,0.9988,0.9998,2,1013,3216,0.197900513,0.916399527,2.90735087,5732
2026-09-18T17:02:24.205,3,0.0025,0.7,7,manhattan,0.9999,0.9999,0.9999,8,1075,3172,0.197149369,1.224465553,2.984881077,5732
2026-09-18T17:02:27.4,3,0.0025,0.7,8,manhattan,0.9969,0.9958,0.998,61,619,2604,0.144960243,0.68550605,2.362182266,5732
2026-09-18T17:02:32.207,3,0.0025,0.75,5,manhattan,0.9983,0.9976,0.9989,9,438,3170,0.300128142,0.681876049,2.946004192,5732
2026-09-18T17:02:36.57,3,0.0025,0.75,6,manhattan,0.9994,0.9996,0.9993,2,1013,3216,0.241308631,1.021893705,3.097256858,5732
2026-09-18T17:02:40.713,3,0.0025,0.75,7,manhattan,0.9991,0.9988,0.9993,8,1075,3166,0.190691284,1.169994642,2.780443697,5732
2026-09-18T17:02:43.631,3,0.0025,0.75,8,manhattan,0.9978,0.9982,0.9975,62,619,2590,0.125568874,0.623554157,2.166797647,5732
2026-09-18T17:02:47.995,3,0.0025,0.8,5,manhattan,0.9997,0.9998,0.9996,11,438,3165,0.295493054,0.654358154,2.667180164,5732
2026-09-18T17:02:52.026,3,0.0025,0.8,6,manhattan,0.9999,0.9999,0.9999,3,1013,3213,0.196643928,0.91353296,2.911628999,5732
2026-09-18T17:02:56.065,3,0.0025,0.8,7,manhattan,0.999,0.9985,0.9996,9,1075,3162,0.272441162,1.074442584,2.68988634,5732
2026-09-18T17:02:58.785,3,0.0025,0.8,8,manhattan,0.9981,0.9973,0.999,66,619,2535,0.12825504,0.6110849,1.978702644,5732
2026-09-18T17:03:02.991,3,0.003,0.5,5,manhattan,0.9973,0.9958,0.9988,4,438,3210,0.196877966,0.560113247,2.649735899,5732
2026-09-18T17:03:06.968,3,0.003,0.5,6,manhattan,0.9993,0.9988,0.9998,1,1013,3220,0.203016877,0.791070489,2.980843202,5732
2026-09-18T17:03:10.791,3,0.003,0.5,7,manhattan,0.9996,0.9996,0.9996,3,1075,3208,0.155341455,0.96109063,2.705190037,5732
2026-09-18T17:03:13.88,3,0.003,0.5,8,manhattan,0.9952,0.9947,0.9957,33,619,2856,0.127799745,0.70997174,2.248893729,5732
2026-09-18T17:03:16.266,3,0.003,0.5,9,manhattan,0.5211,0.6052,0.6952,56,532,2205,0.182210244,0.504254938,1.697582581,5732
2026-09-18T17:03:18.829,3,0.003,0.5,10,manhattan,0.9943,0.9959,0.9927,63,461,1750,0.632102803,0.529619345,1.391450881,5732
2026-09-18T17:03:22.189,3,0.003,0.55,5,manhattan,0.999,0.9992,0.9988,4,438,3210,0.177909695,0.550784613,2.630106441,5732
2026-09-18T17:03:26.096,3,0.003,0.55,6,manhattan,0.9997,0.9998,0.9996,1,1013,3220,0.20331971,0.79459936,2.90634746,5732
2026-09-18T17:03:30.154,3,0.003,0.55,7,manhattan,0.9994,0.9992,0.9996,3,1075,3206,0.152917124,0.961891081,2.941431891,5732
2026-09-18T17:03:33.3,3,0.003,0.55,8,manhattan,0.9988,0.9981,0.9995,34,619,2854,0.125038918,0.814959428,2.203902308,5732
2026-09-18T17:03:35.794,3,0.003,0.55,9,manhattan,0.9951,0.9952,0.9949,56,532,2205,0.206887902,0.539489737,1.745154919,5732
2026-09-18T17:03:38.296,3,0.003,0.55,10,manhattan,0.9742,0.9753,0.9754,63,461,1748,0.601246215,0.540005166,1.359109537,5732
2026-09-18T17:03:41.632,3,0.003,0.6,5,manhattan,0.9962,0.993,0.9994,4,438,3210,0.185473509,0.550010283,2.598310418,5732
2026-09-18T17:03:45.985,3,0.003,0.6,6,manhattan,0.9995,0.9995,0.9994,1,1013,3220,0.1986849,0.892452619,3.259683155,5732
2026-09-18T17:03:49.974,3,0.003,0.6,7,manhattan,0.9996,0.9997,0.9996,3,1075,3206,0.145452275,0.987246969,2.854218397,5732
2026-09-18T17:03:53.07,3,0.003,0.6,8,manhattan,0.9954,0.998,0.9929,35,619,2852,0.120754991,0.66765601,2.306349659,5732
2026-09-18T17:03:55.416,3,0.003,0.6,9,manhattan,0.9739,0.963,0.9878,57,532,2202,0.18325053,0.486711429,1.673865452,5732
2026-09-18T17:03:57.959,3,0.003,0.6,10,manhattan,0.635,0.7059,0.677,63,461,1748,0.615999842,0.542130367,1.383041149,5732
2026-09-18T17:04:01.293,3,0.003,0.65,5,manhattan,0.9989,0.9988,0.999,4,438,3210,0.181798041,0.541356037,2.608904227,5732
2026-09-18T17:04:05.18,3,0.003,0.65,6,manhattan,0.9978,0.9963,0.9993,1,1013,3220,0.202708598,0.790510641,2.891103197,5732
2026-09-18T17:04:09.042,3,0.003,0.65,7,manhattan,0.9999,0.9999,0.9999,3,1075,3202,0.14678359,0.959924071,2.752996761,5732
2026-09-18T17:04:12.118,3,0.003,0.65,8,manhattan,0.9833,0.9708,0.9984,35,619,2852,0.118932343,0.66037624,2.294764941,5732
2026-09-18T17:04:14.524,3,0.003,0.65,9,manhattan,0.7578,0.8211,0.8511,57,532,2202,0.188332533,0.503171,1.713051244,5732
2026-09-18T17:04:17.123,3,0.003,0.65,10,manhattan,0.9969,0.9985,0.9955,63,461,1748,0.601989117,0.634961966,1.359986254,5732
2026-09-18T17:04:20.615,3,0.003,0.7,5,manhattan,0.9992,0.9992,0.9991,4,438,3210,0.182563083,0.558273837,2.749024747,5732
2026-09-18T17:04:24.613,3,0.003,0.7,6,manhattan,0.9996,0.9995,0.9997,1,1013,3220,0.213596369,0.778624209,3.002937429,5732
2026-09-18T17:04:28.561,3,0.003,0.7,7,manhattan,0.9997,0.9998,0.9996,3,1075,3202,0.154281124,0.972517367,2.819382391,5732
2026-09-18T17:04:31.709,3,0.003,0.7,8,manhattan,0.997,0.9962,0.9978,36,619,2829,0.128049008,0.690586796,2.327186323,5732
2026-09-18T17:04:34.035,3,0.003,0.7,9,manhattan,0.9876,0.981,0.9944,53,532,2145,0.176108139,0.475099544,1.673047889,5732
2026-09-18T17:04:36.673,3,0.003,0.7,10,manhattan,0.9915,0.9968,0.9864,62,461,1735,0.61455706,0.528727891,1.492079074,5732
2026-09-18T17:04:40.043,3,0.003,0.75,5,manhattan,0.9952,0.9923,0.9983,5,438,3199,0.196588124,0.588589364,2.582257044,5732
2026-09-18T17:04:43.932,3,0.003,0.75,6,manhattan,0.9999,0.9999,0.9999,1,1013,3220,0.211884139,0.788942424,2.88673169,5732
2026-09-18T17:04:47.844,3,0.003,0.75,7,manhattan,0.9998,0.9999,0.9997,4,1075,3198,0.154144166,0.97294738,2.782513514,5732
2026-09-18T17:04:50.956,3,0.003,0.75,8,manhattan,0.9972,0.9959,0.9986,38,619,2820,0.123737705,0.830878147,2.155919933,5732
2026-09-18T17:04:53.225,3,0.003,0.75,9,manhattan,0.8904,0.8689,0.9764,52,532,2122,0.17787694,0.469771979,1.619618801,5732
2026-09-18T17:04:55.742,3,0.003,0.75,10,manhattan,0.8085,0.9603,0.8259,61,461,1705,0.634976005,0.530234856,1.341697819,5732
2026-09-18T17:04:58.969,3,0.003,0.8,5,manhattan,0.9967,0.9951,0.9984,5,438,3199,0.187723656,0.556162045,2.481893689,5732
2026-09-18T17:05:02.876,3,0.003,0.8,6,manhattan,0.9994,0.9995,0.9993,1,1013,3220,0.196529528,0.806384872,2.901742682,5732
2026-09-18T17:05:06.943,3,0.003,0.8,7,manhattan,0.9998,0.9999,0.9998,4,1075,3198,0.148801934,0.96638139,2.949967965,5732
2026-09-18T17:05:10.026,3,0.003,0.8,8,manhattan,0.9999,0.9999,0.9999,39,619,2783,0.124321787,0.66092205,2.289733573,5732
2026-09-18T17:05:12.348,3,0.003,0.8,9,manhattan,0.9811,0.9701,0.9936,53,532,2108,0.201605524,0.466930975,1.651877243,5732
2026-09-18T17:05:14.86,3,0.003,0.8,10,manhattan,0.9713,0.9772,0.968,61,461,1694,0.652463081,0.539288455,1.317982714,5732
2026-09-18T17:05:56.944,4,0.002,0.5,5,manhattan,0.9981,0.9987,0.9976,15,437,3152,0.852356445,4.876726976,3.819183544,5732
2026-09-18T17:06:01.719,4,0.002,0.5,6,manhattan,0.9999,0.9999,0.9999,4,1004,3207,0.216710174,1.021533743,2.753430407,5732
2026-09-18T17:06:05.72,4,0.002,0.5,7,manhattan,0.9997,0.9998,0.9997,17,1065,3141,0.146895615,1.111091949,2.741811397,5732
2026-09-18T17:06:10.846,4,0.002,0.55,5,manhattan,0.9958,0.994,0.9977,15,437,3152,0.231455768,0.78982452,2.616383882,5732
2026-09-18T17:06:14.82,4,0.002,0.55,6,manhattan,0.9999,0.9999,0.9999,4,1004,3207,0.193647317,1.022401939,2.756013487,5732
2026-09-18T17:06:18.829,4,0.002,0.55,7,manhattan,0.9995,0.9994,0.9996,18,1065,3122,0.183686759,1.220607799,2.602312325,5732
2026-09-18T17:06:23.483,4,0.002,0.6,5,manhattan,0.9976,0.9982,0.9971,15,437,3152,0.28557489,0.693464747,2.771185324,5732
2026-09-18T17:06:27.576,4,0.002,0.6,6,manhattan,0.9999,0.9999,0.9999,5,1004,3202,0.199001561,1.067329316,2.823903708,5732
2026-09-18T17:06:31.683,4,0.002,0.6,7,manhattan,0.9994,0.9995,0.9994,18,1065,3122,0.180957221,1.254191899,2.669702552,5732
2026-09-18T17:06:35.974,4,0.002,0.65,5,manhattan,0.9951,0.9935,0.9967,15,437,3152,0.205859419,0.704152492,2.53006254,5732
2026-09-18T17:06:40.274,4,0.002,0.65,6,manhattan,0.999,0.9996,0.9984,5,1004,3202,0.189669924,1.028706514,3.079419527,5732
2026-09-18T17:06:44.461,4,0.002,0.65,7,manhattan,0.9991,0.9986,0.9996,18,1065,3122,0.195769655,1.277405195,2.712260143,5732
2026-09-18T17:06:48.964,4,0.002,0.7,5,manhattan,0.9907,0.9888,0.9929,15,437,3152,0.233064633,0.735270845,2.667780728,5732
2026-09-18T17:06:52.952,4,0.002,0.7,6,manhattan,0.9995,0.9995,0.9996,5,1004,3202,0.188877784,1.020926403,2.776586292,5732
2026-09-18T17:06:57.377,4,0.002,0.7,7,manhattan,0.9994,0.9995,0.9994,18,1065,3121,0.142585289,1.282027641,2.997927852,5732
2026-09-18T17:07:02.009,4,0.002,0.75,5,manhattan,0.9937,0.9914,0.9962,17,437,3132,0.241513057,0.899550032,2.630464169,5732
2026-09-18T17:07:06.13,4,0.002,0.75,6,manhattan,0.9999,0.9999,0.9999,5,1004,3202,0.193625945,1.052185556,2.872619067,5732
2026-09-18T17:07:10.068,4,0.002,0.75,7,manhattan,0.9996,0.9996,0.9996,20,1065,3105,0.141160038,1.249784493,2.545592384,5732
2026-09-18T17:07:14.39,4,0.002,0.8,5,manhattan,0.9956,0.9928,0.9985,18,437,3123,0.168909596,0.629736649,2.654145959,5732
2026-09-18T17:07:18.494,4,0.002,0.8,6,manhattan,0.9999,0.9999,0.9999,5,1004,3202,0.192604516,1.023474492,2.886169328,5732
2026-09-18T17:07:22.556,4,0.002,0.8,7,manhattan,0.9978,0.9963,0.9994,22,1065,3090,0.142031797,1.224537629,2.693242215,5732
2026-09-18T17:07:26.976,4,0.0025,0.5,5,manhattan,0.9989,0.9986,0.9992,7,437,3198,0.221894074,0.724363589,2.64411591,5732
2026-09-18T17:07:31.095,4,0.0025,0.5,6,manhattan,0.9999,0.9999,0.9999,2,1004,3219,0.213841651,0.972130376,2.926740772,5732
2026-09-18T17:07:35.321,4,0.0025,0.5,7,manhattan,0.9998,0.9999,0.9998,9,1065,3187,0.161116703,1.303083189,2.754937512,5732
2026-09-18T17:07:38.433,4,0.0025,0.5,8,manhattan,0.9979,0.9963,0.9995,52,629,2741,0.124014136,0.718182564,2.267013497,5732
2026-09-18T17:07:43.065,4,0.0025,0.55,5,manhattan,0.9994,0.9994,0.9994,7,437,3198,0.235947403,0.771339691,2.769041195,5732
2026-09-18T17:07:47.298,4,0.0025,0.55,6,manhattan,0.9999,0.9999,0.9999,2,1004,3219,0.196536233,0.984917971,3.049425969,5732
2026-09-18T17:07:51.673,4,0.0025,0.55,7,manhattan,0.9993,0.9992,0.9995,9,1065,3170,0.150567731,1.304035196,2.918981124,5732
2026-09-18T17:07:54.803,4,0.0025,0.55,8,manhattan,0.9957,0.9958,0.9957,52,629,2718,0.128964208,0.77325006,2.225267672,5732
2026-09-18T17:07:59.337,4,0.0025,0.6,5,manhattan,0.9993,0.9991,0.9995,7,437,3198,0.278166333,0.787574163,2.682007822,5732
2026-09-18T17:08:03.558,4,0.0025,0.6,6,manhattan,0.9999,0.9999,0.9999,2,1004,3219,0.208482029,1.001905052,3.008409844,5732
2026-09-18T17:08:07.969,4,0.0025,0.6,7,manhattan,0.9998,0.9997,0.9998,9,1065,3170,0.155073334,1.342839864,2.91096418,5732
2026-09-18T17:08:11.129,4,0.0025,0.6,8,manhattan,0.9986,0.9976,0.9996,52,629,2716,0.141113104,0.736530504,2.280534007,5732
2026-09-18T17:08:15.64,4,0.0025,0.65,5,manhattan,0.9983,0.9982,0.9984,7,437,3198,0.242596086,0.728516843,2.694271537,5732
2026-09-18T17:08:19.619,4,0.0025,0.65,6,manhattan,0.9999,0.9999,0.9999,2,1004,3219,0.202844579,0.968159269,2.806571749,5732
2026-09-18T17:08:23.841,4,0.0025,0.65,7,manhattan,0.9999,0.9999,0.9999,9,1065,3170,0.142263251,1.243316141,2.834080774,5732
2026-09-18T17:08:26.994,4,0.0025,0.65,8,manhattan,0.9986,0.9979,0.9992,52,629,2709,0.127799046,0.725910435,2.296725736,5732
2026-09-18T17:08:31.638,4,0.0025,0.7,5,manhattan,0.9981,0.9973,0.999,7,437,3198,0.24199161,0.790229041,2.819912766,5732
2026-09-18T17:08:35.749,4,0.0025,0.7,6,manhattan,0.9997,0.9996,0.9998,2,1004,3219,0.209255103,1.04418705,2.855782843,5732
2026-09-18T17:08:40.126,4,0.0025,0.7,7,manhattan,0.9998,0.9999,0.9998,9,1065,3170,0.144811411,1.41540624,2.815495023,5732
2026-09-18T17:08:43.302,4,0.0025,0.7,8,manhattan,0.9988,0.9985,0.999,52,629,2709,0.119152623,0.748215304,2.306033158,5732
2026-09-18T17:08:47.694,4,0.0025,0.75,5,manhattan,0.9993,0.9992,0.9994,7,437,3186,0.30639777,0.674571944,2.607231789,5732
2026-09-18T17:08:51.825,4,0.0025,0.75,6,manhattan,0.9994,0.9992,0.9995,2,1004,3219,0.192765152,1.066316101,2.865188657,5732
2026-09-18T17:08:56.016,4,0.0025,0.75,7,manhattan,0.9993,0.9992,0.9995,11,1065,3158,0.196025974,1.240018342,2.753577108,5732
2026-09-18T17:08:59.024,4,0.0025,0.75,8,manhattan,0.998,0.9965,0.9996,53,629,2663,0.124792843,0.6825583,2.198394594,5732
2026-09-18T17:09:03.376,4,0.0025,0.8,5,manhattan,0.9979,0.9974,0.9984,7,437,3183,0.221238486,0.722419333,2.641803528,5732
2026-09-18T17:09:07.401,4,0.0025,0.8,6,manhattan,0.9983,0.9968,0.9997,3,1004,3217,0.193787978,0.984026529,2.844803718,5732
2026-09-18T17:09:11.616,4,0.0025,0.8,7,manhattan,0.9996,0.9998,0.9994,11,1065,3152,0.144055013,1.272650587,2.795790607,5732
2026-09-18T17:09:14.549,4,0.0025,0.8,8,manhattan,0.9981,0.9966,0.9997,54,629,2640,0.121952745,0.702711646,2.106134332,5732
2026-09-18T17:09:18.976,4,0.003,0.5,5,manhattan,0.9989,0.9987,0.9992,4,437,3214,0.236948456,0.698927432,2.729084591,5732
2026-09-18T17:09:22.771,4,0.003,0.5,6,manhattan,0.9999,0.9999,0.9999,1,1004,3224,0.198995349,0.82569923,2.768338494,5732
2026-09-18T17:09:27.009,4,0.003,0.5,7,manhattan,0.9998,0.9998,0.9998,3,1065,3211,0.148257575,1.221209093,2.860090798,5732
2026-09-18T17:09:30.534,4,0.003,0.5,8,manhattan,0.9984,0.9974,0.9994,36,629,2886,0.130490359,0.746161545,2.646509996,5732
2026-09-18T17:09:32.959,4,0.003,0.5,9,manhattan,0.9958,0.9933,0.9985,56,528,2054,0.218207442,0.496675383,1.708800353,5732
2026-09-18T17:09:35.424,4,0.003,0.5,10,manhattan,0.9855,0.9798,0.9915,53,462,1635,0.607565471,0.383857745,1.460749919,5732
2026-09-18T17:09:38.998,4,0.003,0.55,5,manhattan,0.9967,0.9939,0.9995,4,437,3214,0.183397124,0.629647484,2.760064949,5732
2026-09-18T17:09:42.958,4,0.003,0.55,6,manhattan,0.9996,0.9994,0.9998,1,1004,3224,0.198552205,0.831054664,2.927836891,5732
2026-09-18T17:09:47.015,4,0.003,0.55,7,manhattan,0.9995,0.9994,0.9996,4,1065,3200,0.142672085,1.108759099,2.803867688,5732
2026-09-18T17:09:50.317,4,0.003,0.55,8,manhattan,0.9988,0.9986,0.999,36,629,2864,0.12601814,0.733560842,2.439846628,5732
2026-09-18T17:09:52.803,4,0.003,0.55,9,manhattan,0.9947,0.992,0.9974,56,528,2054,0.242297464,0.539733333,1.701104536,5732
2026-09-18T17:09:55.525,4,0.003,0.55,10,manhattan,0.9729,0.9643,0.9849,53,462,1635,0.696869488,0.553283529,1.470134289,5732
2026-09-18T17:09:59.092,4,0.003,0.6,5,manhattan,0.9974,0.997,0.9979,4,437,3214,0.190463251,0.618550395,2.755703987,5732
2026-09-18T17:10:02.978,4,0.003,0.6,6,manhattan,0.9997,0.9998,0.9996,1,1004,3224,0.199351679,0.808262573,2.876135518,5732
2026-09-18T17:10:07.176,4,0.003,0.6,7,manhattan,0.9977,0.9962,0.9993,5,1065,3195,0.145999676,1.109376147,2.940619602,5732
2026-09-18T17:10:10.609,4,0.003,0.6,8,manhattan,0.9982,0.9968,0.9996,36,629,2861,0.128183431,0.758616769,2.544414189,5732
2026-09-18T17:10:13.117,4,0.003,0.6,9,manhattan,0.9943,0.9954,0.9932,56,528,2054,0.190469049,0.505630997,1.809779467,5732
2026-09-18T17:10:15.723,4,0.003,0.6,10,manhattan,0.9928,0.9959,0.9899,53,462,1635,0.674007067,0.495406785,1.434067038,5732
2026-09-18T17:10:19.26,4,0.003,0.65,5,manhattan,0.9995,0.9995,0.9995,4,437,3214,0.181953085,0.573043738,2.780064784,5732
2026-09-18T17:10:23.308,4,0.003,0.65,6,manhattan,0.9996,0.9996,0.9995,1,1004,3224,0.215304556,0.844126657,2.986260564,5732
2026-09-18T17:10:27.272,4,0.003,0.65,7,manhattan,0.9999,0.9999,0.9999,5,1065,3195,0.146755079,1.096817697,2.718889503,5732
2026-09-18T17:10:30.524,4,0.003,0.65,8,manhattan,0.9993,0.9988,0.9997,37,629,2855,0.129085431,0.756696761,2.363971562,5732
2026-09-18T17:10:32.818,4,0.003,0.65,9,manhattan,0.9704,0.9754,0.9692,57,528,2030,0.194771345,0.478991557,1.618333478,5732
2026-09-18T17:10:35.325,4,0.003,0.65,10,manhattan,0.992,0.9944,0.9896,53,462,1635,0.614459858,0.517791561,1.373111548,5732
2026-09-18T17:10:39.129,4,0.003,0.7,5,manhattan,0.9997,0.9998,0.9996,4,437,3214,0.190731652,0.615043801,2.996372192,5732
2026-09-18T17:10:43.405,4,0.003,0.7,6,manhattan,0.9998,0.9998,0.9998,1,1004,3224,0.20960739,0.87269239,3.191977722,5732
2026-09-18T17:10:47.525,4,0.003,0.7,7,manhattan,0.9997,0.9998,0.9996,5,1065,3195,0.15755248,1.158536763,2.801572422,5732
2026-09-18T17:10:51.013,4,0.003,0.7,8,manhattan,0.9993,0.9991,0.9995,37,629,2855,0.137049438,0.74203469,2.606591135,5732
2026-09-18T17:10:53.455,4,0.003,0.7,9,manhattan,0.9982,0.9974,0.999,57,528,2029,0.222686436,0.511122971,1.705840897,5732
2026-09-18T17:10:56.095,4,0.003,0.7,10,manhattan,0.8408,0.8902,0.8436,53,462,1633,0.692365141,0.556134243,1.390095214,5732
2026-09-18T17:10:59.533,4,0.003,0.75,5,manhattan,0.9992,0.9988,0.9996,5,437,3203,0.181843575,0.58776664,2.666010883,5732
2026-09-18T17:11:03.525,4,0.003,0.75,6,manhattan,0.9999,0.9999,0.9999,1,1004,3224,0.184578141,0.822916821,2.981162565,5732
2026-09-18T17:11:07.527,4,0.003,0.75,7,manhattan,0.9998,0.9998,0.9998,5,1065,3195,0.141654147,1.116108363,2.73953949,5732
2026-09-18T17:11:10.726,4,0.003,0.75,8,manhattan,0.9999,0.9999,0.9999,39,629,2820,0.115316422,0.877476242,2.204463176,5732
2026-09-18T17:11:12.962,4,0.003,0.75,9,manhattan,0.9973,0.9974,0.9972,55,528,1955,0.169219055,0.467800182,1.596835757,5732
2026-09-18T17:11:15.526,4,0.003,0.75,10,manhattan,0.9747,0.9858,0.9657,53,462,1633,0.591624676,0.598019697,1.372817655,5732
2026-09-18T17:11:18.944,4,0.003,0.8,5,manhattan,1.0,1.0,1.0,6,437,3201,0.176945462,0.573252074,2.666300446,5732
2026-09-18T17:11:22.81,4,0.003,0.8,6,manhattan,0.9997,0.9998,0.9997,1,1004,3224,0.184871056,0.80167451,2.87593675,5732
2026-09-18T17:11:26.883,4,0.003,0.8,7,manhattan,0.9992,0.9988,0.9995,7,1065,3186,0.144173324,1.113040792,2.813438884,5732
2026-09-18T17:11:30.136,4,0.003,0.8,8,manhattan,0.9997,0.9998,0.9997,41,629,2796,0.127998979,0.759660548,2.363812045,5732
2026-09-18T17:11:32.401,4,0.003,0.8,9,manhattan,0.9969,0.996,0.9979,55,528,1953,0.17201641,0.474909821,1.611557192,5732
2026-09-18T17:11:34.95,4,0.003,0.8,10,manhattan,0.9887,0.988,0.9896,53,462,1630,0.610509841,0.598440002,1.337631662,5732
2026-09-18T17:12:18.383,5,0.002,0.5,5,manhattan,0.9992,0.9993,0.999,16,440,3146,0.82749981,4.803749256,3.859075176,5732
2026-09-18T17:12:23.432,5,0.002,0.5,6,manhattan,1.0,1.0,1.0,3,986,3217,0.337869112,0.957434651,2.921786258,5732
2026-09-18T17:12:27.396,5,0.002,0.5,7,manhattan,0.9994,0.9993,0.9994,22,1052,3125,0.152838748,1.011457272,2.796597833,5732
2026-09-18T17:12:32.833,5,0.002,0.55,5,manhattan,0.9988,0.9986,0.9991,16,440,3146,0.301707295,0.694109847,2.834658636,5732
2026-09-18T17:12:37.008,5,0.002,0.55,6,manhattan,0.9989,0.9989,0.9989,4,986,3215,0.178652943,0.932977893,3.06078399,5732
2026-09-18T17:12:41.116,5,0.002,0.55,7,manhattan,0.9982,0.9966,0.9998,25,1052,3108,0.194740894,1.160280283,2.750295264,5732
2026-09-18T17:12:45.428,5,0.002,0.6,5,manhattan,0.9994,0.9989,0.9999,16,440,3146,0.273321403,0.611565563,2.540361716,5732
2026-09-18T17:12:49.637,5,0.002,0.6,6,manhattan,0.9998,0.9998,0.9998,4,986,3215,0.179060467,0.918474781,3.109436161,5732
2026-09-18T17:12:53.677,5,0.002,0.6,7,manhattan,0.9999,0.9999,0.9999,25,1052,3102,0.208932513,1.189444207,2.638704389,5732
2026-09-18T17:12:57.877,5,0.002,0.65,5,manhattan,0.998,0.9968,0.9991,16,440,3146,0.279623745,0.601036354,2.474283364,5732
2026-09-18T17:13:01.846,5,0.002,0.65,6,manhattan,0.9998,0.9997,0.9999,4,986,3215,0.176717011,0.93922911,2.851476499,5732
2026-09-18T17:13:06.084,5,0.002,0.65,7,manhattan,0.9996,0.9996,0.9997,25,1052,3102,0.195001611,1.210430619,2.830597781,5732
2026-09-18T17:13:10.428,5,0.002,0.7,5,manhattan,0.9995,0.9994,0.9995,16,440,3146,0.272950685,0.585913889,2.583458987,5732
2026-09-18T17:13:14.568,5,0.002,0.7,6,manhattan,1.0,1.0,1.0,4,986,3215,0.187665338,0.987473408,2.963494594,5732
2026-09-18T17:13:18.55,5,0.002,0.7,7,manhattan,0.9999,0.9998,0.9999,26,1052,3091,0.173260563,1.17476272,2.63082035,5732
2026-09-18T17:13:22.899,5,0.002,0.75,5,manhattan,0.9944,0.9919,0.997,18,440,3125,0.272740044,0.608948189,2.553569899,5732
2026-09-18T17:13:26.913,5,0.002,0.75,6,manhattan,1.0,1.0,1.0,4,986,3215,0.179745121,0.915022594,2.917102977,5732
2026-09-18T17:13:30.683,5,0.002,0.75,7,manhattan,1.0,1.0,1.0,27,1052,3088,0.118713783,1.021118143,2.628483668,5732
2026-09-18T17:13:35.015,5,0.002,0.8,5,manhattan,0.9994,0.9996,0.9992,19,440,3118,0.215694831,0.754599775,2.530361554,5732
2026-09-18T17:13:38.999,5,0.002,0.8,6,manhattan,0.9998,0.9997,0.9999,4,986,3215,0.188692075,0.910749282,2.877998885,5732
2026-09-18T17:13:43.158,5,0.002,0.8,7,manhattan,0.9999,0.9999,0.9999,27,1052,3070,0.152337008,1.224530816,2.779818662,5732
2026-09-18T17:13:47.722,5,0.0025,0.5,5,manhattan,0.9987,0.9981,0.9993,10,440,3181,0.297929927,0.632140541,2.671725162,5732
2026-09-18T17:13:51.853,5,0.0025,0.5,6,manhattan,0.9992,0.999,0.9993,1,986,3223,0.208053071,0.809222472,3.111714245,5732
2026-09-18T17:13:55.941,5,0.0025,0.5,7,manhattan,0.9996,0.9995,0.9998,11,1052,3173,0.18126403,1.191227745,2.712601408,5732
2026-09-18T17:13:58.611,5,0.0025,0.5,8,manhattan,0.9993,0.9996,0.9989,64,587,2558,0.126295829,0.59156098,1.950000679,5732
2026-09-18T17:14:02.891,5,0.0025,0.55,5,manhattan,0.9995,0.9993,0.9997,10,440,3181,0.223089142,0.692429815,2.600692685,5732
2026-09-18T17:14:06.589,5,0.0025,0.55,6,manhattan,0.9999,0.9999,0.9999,1,986,3223,0.179574918,0.735899619,2.780611571,5732
2026-09-18T17:14:10.866,5,0.0025,0.55,7,manhattan,0.9996,0.9995,0.9998,11,1052,3164,0.143632334,1.257499417,2.873776767,5732
2026-09-18T17:14:13.589,5,0.0025,0.55,8,manhattan,0.9976,0.9983,0.9969,65,587,2556,0.125575835,0.581826914,2.013385461,5732
2026-09-18T17:14:18.007,5,0.0025,0.6,5,manhattan,1.0,1.0,1.0,10,440,3181,0.205448967,0.699083039,2.783458444,5732
2026-09-18T17:14:21.721,5,0.0025,0.6,6,manhattan,1.0,1.0,1.0,1,986,3223,0.195025707,0.750419422,2.766111392,5732
2026-09-18T17:14:25.907,5,0.0025,0.6,7,manhattan,0.9995,0.9992,0.9997,11,1052,3158,0.168440115,1.266815413,2.74956214,5732
2026-09-18T17:14:28.698,5,0.0025,0.6,8,manhattan,0.9985,0.9993,0.9977,66,587,2554,0.112461378,0.584746282,2.091360655,5732
2026-09-18T17:14:32.913,5,0.0025,0.65,5,manhattan,0.9983,0.9974,0.9993,10,440,3181,0.260607067,0.634287883,2.589842344,5732
2026-09-18T17:14:36.753,5,0.0025,0.65,6,manhattan,0.9984,0.9982,0.9987,1,986,3223,0.176205423,0.754343667,2.907375546,5732
2026-09-18T17:14:40.718,5,0.0025,0.65,7,manhattan,0.9996,0.9995,0.9996,11,1052,3158,0.175328006,1.113307655,2.674573222,5732
2026-09-18T17:14:43.401,5,0.0025,0.65,8,manhattan,0.9971,0.9956,0.9986,67,587,2548,0.13414362,0.593338023,1.953243971,5732
2026-09-18T17:14:47.729,5,0.0025,0.7,5,manhattan,0.9984,0.9982,0.9984,10,440,3181,0.222296862,0.677020162,2.653118452,5732
2026-09-18T17:14:51.41,5,0.0025,0.7,6,manhattan,0.9998,0.9998,0.9997,1,986,3223,0.187065192,0.743948133,2.747247947,5732
2026-09-18T17:14:55.353,5,0.0025,0.7,7,manhattan,0.9998,0.9997,0.9998,11,1052,3156,0.14476509,1.154835173,2.640733419,5732
2026-09-18T17:14:57.893,5,0.0025,0.7,8,manhattan,0.9931,0.997,0.9896,67,587,2532,0.116433883,0.563922739,1.857720165,5732
2026-09-18T17:15:02.127,5,0.0025,0.75,5,manhattan,0.9985,0.998,0.9991,12,440,3164,0.233672688,0.687038831,2.602015899,5732
2026-09-18T17:15:05.837,5,0.0025,0.75,6,manhattan,0.9998,0.9996,0.9999,1,986,3223,0.186189102,0.740680886,2.780089158,5732
2026-09-18T17:15:09.817,5,0.0025,0.75,7,manhattan,0.9998,0.9997,0.9999,11,1052,3151,0.135919755,1.144036445,2.693903067,5732
2026-09-18T17:15:12.426,5,0.0025,0.75,8,manhattan,0.9995,0.9995,0.9994,67,587,2515,0.113651544,0.565345477,1.927273332,5732
2026-09-18T17:15:16.748,5,0.0025,0.8,5,manhattan,0.9961,0.9968,0.9954,12,440,3160,0.219053011,0.569972185,2.714961765,5732
2026-09-18T17:15:20.597,5,0.0025,0.8,6,manhattan,0.9997,0.9997,0.9998,1,986,3223,0.180339471,0.757092273,2.909951853,5732
2026-09-18T17:15:24.671,5,0.0025,0.8,7,manhattan,0.9998,0.9999,0.9997,11,1052,3134,0.181768704,1.075150123,2.8156634,5732
2026-09-18T17:15:27.382,5,0.0025,0.8,8,manhattan,0.9996,0.9996,0.9997,68,587,2488,0.125396202,0.595714304,1.987492066,5732
2026-09-18T17:15:31.582,5,0.003,0.5,5,manhattan,0.9948,0.9907,0.9991,4,440,3215,0.265725041,0.607157178,2.601916933,5732
2026-09-18T17:15:35.307,5,0.003,0.5,6,manhattan,0.9999,0.9999,0.9999,1,986,3225,0.187209205,0.750018813,2.785546909,5732
2026-09-18T17:15:39.252,5,0.003,0.5,7,manhattan,0.9998,0.9998,0.9998,3,1052,3205,0.173202874,1.052175676,2.718346835,5732
2026-09-18T17:15:42.221,5,0.003,0.5,8,manhattan,1.0,1.0,1.0,40,587,2793,0.122102485,0.618798821,2.225558192,5732
2026-09-18T17:15:44.308,5,0.003,0.5,9,manhattan,0.996,0.9967,0.9953,62,482,2004,0.173763979,0.409162447,1.502512103,5732
2026-09-18T17:15:46.652,5,0.003,0.5,10,manhattan,0.9933,0.9955,0.9913,52,420,1520,0.654489697,0.442248172,1.245093921,5732
2026-09-18T17:15:49.947,5,0.003,0.55,5,manhattan,0.9983,0.9973,0.9994,4,440,3215,0.179429019,0.534179411,2.57917471,5732
2026-09-18T17:15:53.785,5,0.003,0.55,6,manhattan,0.9998,0.9997,0.9998,1,986,3225,0.181175053,0.745977444,2.908552093,5732
2026-09-18T17:15:57.692,5,0.003,0.55,7,manhattan,0.9993,0.9992,0.9995,4,1052,3198,0.141898452,0.986272905,2.777348794,5732
2026-09-18T17:16:00.688,5,0.003,0.55,8,manhattan,0.9998,0.9997,0.9999,40,587,2793,0.121223462,0.619202574,2.249220646,5732
2026-09-18T17:16:02.764,5,0.003,0.55,9,manhattan,0.9964,0.996,0.9967,62,482,1998,0.177467805,0.403020391,1.493020736,5732
2026-09-18T17:16:05.161,5,0.003,0.55,10,manhattan,0.9854,0.992,0.98,52,420,1520,0.591491697,0.541711728,1.262166984,5732
2026-09-18T17:16:08.475,5,0.003,0.6,5,manhattan,0.9955,0.9919,0.9992,4,440,3215,0.17390478,0.51681043,2.62084596,5732
2026-09-18T17:16:12.313,5,0.003,0.6,6,manhattan,0.9998,0.9999,0.9996,1,986,3225,0.189823714,0.738564554,2.902524018,5732
2026-09-18T17:16:16.066,5,0.003,0.6,7,manhattan,0.9998,0.9996,0.9999,4,1052,3198,0.135616294,0.99247726,2.62363647,5732
2026-09-18T17:16:19.051,5,0.003,0.6,8,manhattan,0.9996,0.9997,0.9994,40,587,2793,0.119942013,0.620614765,2.24159495,5732
2026-09-18T17:16:21.16,5,0.003,0.6,9,manhattan,0.9874,0.9922,0.9834,63,482,1987,0.17507532,0.400980744,1.531155501,5732
2026-09-18T17:16:23.574,5,0.003,0.6,10,manhattan,0.9962,0.9953,0.9971,52,420,1520,0.612972308,0.530920964,1.268050907,5732
2026-09-18T17:16:26.835,5,0.003,0.65,5,manhattan,0.9982,0.9968,0.9997,4,440,3215,0.17185319,0.522640715,2.564618448,5732
2026-09-18T17:16:30.629,5,0.003,0.65,6,manhattan,0.9992,0.9988,0.9996,1,986,3225,0.185535107,0.748781992,2.858051431,5732
2026-09-18T17:16:34.437,5,0.003,0.65,7,manhattan,0.9999,0.9999,0.9999,5,1052,3194,0.144950379,0.984530155,2.67595594,5732
2026-09-18T17:16:37.44,5,0.003,0.65,8,manhattan,0.9996,0.9998,0.9995,41,587,2791,0.117413897,0.631393727,2.25279757,5732
2026-09-18T17:16:39.56,5,0.003,0.65,9,manhattan,0.9879,0.985,0.9913,63,482,1987,0.176177277,0.418034741,1.522762318,5732
2026-09-18T17:16:41.95,5,0.003,0.65,10,manhattan,0.993,0.9937,0.9924,52,420,1520,0.59640287,0.529477623,1.262048323,5732
2026-09-18T17:16:45.218,5,0.003,0.7,5,manhattan,1.0,1.0,1.0,4,440,3215,0.169403925,0.519501137,2.576046236,5732
2026-09-18T17:16:49.005,5,0.003,0.7,6,manhattan,1.0,1.0,1.0,1,986,3225,0.184177392,0.739205349,2.862232832,5732
2026-09-18T17:16:52.884,5,0.003,0.7,7,manhattan,0.9997,0.9997,0.9997,5,1052,3192,0.136653787,0.996321048,2.743744776,5732
2026-09-18T17:16:55.879,5,0.003,0.7,8,manhattan,0.9992,0.999,0.9993,42,587,2776,0.123331204,0.6305828,2.238259119,5732
2026-09-18T17:16:58.009,5,0.003,0.7,9,manhattan,0.9988,0.9993,0.9983,63,482,1981,0.173837033,0.411886678,1.542581892,5732
2026-09-18T17:17:00.493,5,0.003,0.7,10,manhattan,0.9931,0.995,0.9912,52,420,1514,0.632819329,0.541709424,1.307853552,5732
2026-09-18T17:17:03.855,5,0.003,0.75,5,manhattan,0.999,0.999,0.9989,5,440,3204,0.169299722,0.526358997,2.657045422,5732
2026-09-18T17:17:07.676,5,0.003,0.75,6,manhattan,1.0,1.0,1.0,1,986,3225,0.187353147,0.748916437,2.882646826,5732
2026-09-18T17:17:11.514,5,0.003,0.75,7,manhattan,1.0,1.0,1.0,5,1052,3190,0.136113076,0.977170555,2.722862636,5732
2026-09-18T17:17:14.436,5,0.003,0.75,8,manhattan,0.9995,0.9996,0.9994,42,587,2767,0.118605739,0.60277645,2.198601115,5732
2026-09-18T17:17:16.524,5,0.003,0.75,9,manhattan,0.9943,0.9968,0.9918,60,482,1939,0.183783207,0.399796165,1.498470595,5732
2026-09-18T17:17:18.896,5,0.003,0.75,10,manhattan,0.9773,0.9815,0.9743,52,420,1514,0.60099403,0.540570381,1.227072622,5732
2026-09-18T17:17:22.221,5,0.003,0.8,5,manhattan,0.9998,0.9998,0.9999,5,440,3204,0.171700029,0.529371184,2.615824228,5732
2026-09-18T17:17:26.095,5,0.003,0.8,6,manhattan,0.9999,0.9999,0.9999,1,986,3225,0.185584136,0.741995929,2.944143935,5732
2026-09-18T17:17:30.188,5,0.003,0.8,7,manhattan,0.9999,0.9999,0.9999,5,1052,3185,0.141634871,0.981206616,2.968369938,5732
2026-09-18T17:17:33.184,5,0.003,0.8,8,manhattan,0.9991,0.9985,0.9996,43,587,2750,0.124574659,0.623602158,2.24527049,5732
2026-09-18T17:17:35.315,5,0.003,0.8,9,manhattan,0.9948,0.9964,0.9933,60,482,1939,0.177051131,0.402221685,1.550126711,5732
2026-09-18T17:17:37.804,5,0.003,0.8,10,manhattan,0.9961,0.9974,0.9948,52,420,1514,0.622268887,0.536822695,1.327428751,5732
2026-09-18T17:18:19.166,6,0.002,0.5,5,manhattan,0.9948,0.9929,0.9968,14,429,3158,0.868503098,4.589446854,3.708316023,5732
2026-09-18T17:18:23.873,6,0.002,0.5,6,manhattan,0.9997,0.9998,0.9997,3,992,3216,0.324769043,0.857641932,2.757870605,5732
2026-09-18T17:18:27.619,6,0.002,0.5,7,manhattan,0.9985,0.9976,0.9995,21,1007,3109,0.143341794,0.962552275,2.638777932,5732
2026-09-18T17:18:32.501,6,0.002,0.55,5,manhattan,0.9982,0.9985,0.9979,14,429,3158,0.215959808,0.6649777,2.531840304,5732
2026-09-18T17:18:36.32,6,0.002,0.55,6,manhattan,0.9998,0.9999,0.9997,3,992,3216,0.185018981,0.852274067,2.775161503,5732
2026-09-18T17:18:40.397,6,0.002,0.55,7,manhattan,0.9997,0.9997,0.9997,22,1007,3092,0.172874201,1.099605065,2.802938239,5732
2026-09-18T17:18:44.958,6,0.002,0.6,5,manhattan,0.9942,0.9922,0.9962,15,429,3156,0.167411911,0.712372029,2.750866008,5732
2026-09-18T17:18:48.846,6,0.002,0.6,6,manhattan,0.9997,0.9997,0.9997,3,992,3216,0.189215537,0.885864396,2.81083897,5732
2026-09-18T17:18:52.67,6,0.002,0.6,7,manhattan,0.9991,0.9991,0.9992,22,1007,3092,0.133950928,1.105614773,2.582726142,5732
2026-09-18T17:18:57.196,6,0.002,0.65,5,manhattan,0.9987,0.9985,0.9989,15,429,3156,0.163361882,0.709854808,2.816166537,5732
2026-09-18T17:19:01.058,6,0.002,0.65,6,manhattan,0.9998,0.9997,0.9998,3,992,3216,0.186746855,0.841707632,2.831970024,5732
2026-09-18T17:19:04.954,6,0.002,0.65,7,manhattan,0.9997,0.9997,0.9997,22,1007,3084,0.137403464,1.014953598,2.741519072,5732
2026-09-18T17:19:09.6,6,0.002,0.7,5,manhattan,0.9967,0.9955,0.9978,15,429,3156,0.263161165,0.77625415,2.747993574,5732
2026-09-18T17:19:13.481,6,0.002,0.7,6,manhattan,0.9997,0.9996,0.9997,3,992,3216,0.180408335,0.879835203,2.818588285,5732
2026-09-18T17:19:17.427,6,0.002,0.7,7,manhattan,0.9997,0.9997,0.9997,23,1007,3073,0.140692433,1.184632279,2.619558715,5732
2026-09-18T17:19:21.846,6,0.002,0.75,5,manhattan,0.9957,0.993,0.9984,16,429,3138,0.239524623,0.729642743,2.513832555,5732
2026-09-18T17:19:25.778,6,0.002,0.75,6,manhattan,0.9995,0.9994,0.9996,3,992,3216,0.194598557,0.861522316,2.874225358,5732
2026-09-18T17:19:29.602,6,0.002,0.75,7,manhattan,0.9959,0.9925,0.9994,25,1007,3059,0.133216476,1.109342693,2.57963203,5732
2026-09-18T17:19:33.838,6,0.002,0.8,5,manhattan,0.9992,0.9991,0.9993,17,429,3131,0.165427508,0.560871581,2.678824254,5732
2026-09-18T17:19:37.61,6,0.002,0.8,6,manhattan,0.9994,0.9992,0.9996,3,992,3216,0.181669878,0.843005703,2.745698797,5732
2026-09-18T17:19:41.312,6,0.002,0.8,7,manhattan,0.9996,0.9996,0.9996,30,1007,3030,0.131429306,0.963884638,2.604809272,5732
2026-09-18T17:19:45.611,6,0.0025,0.5,5,manhattan,0.9984,0.9982,0.9987,9,429,3188,0.168100756,0.54210284,2.756953029,5732
2026-09-18T17:19:49.306,6,0.0025,0.5,6,manhattan,0.9996,0.9997,0.9996,1,992,3222,0.17879039,0.746355565,2.768196297,5732
2026-09-18T17:19:53.127,6,0.0025,0.5,7,manhattan,0.9979,0.9964,0.9994,11,1007,3160,0.131623675,0.962181487,2.72448526,5732
2026-09-18T17:19:55.879,6,0.0025,0.5,8,manhattan,0.9981,0.9972,0.999,56,624,2585,0.114299672,0.608130837,2.027974547,5732
2026-09-18T17:20:00.131,6,0.0025,0.55,5,manhattan,0.9978,0.997,0.9986,9,429,3188,0.228760956,0.65838831,2.615051923,5732
2026-09-18T17:20:03.852,6,0.0025,0.55,6,manhattan,0.9996,0.9995,0.9997,1,992,3222,0.184843958,0.743577975,2.790381605,5732
2026-09-18T17:20:07.758,6,0.0025,0.55,7,manhattan,0.9998,0.9998,0.9997,11,1007,3147,0.137057819,1.108553207,2.658473047,5732
2026-09-18T17:20:10.471,6,0.0025,0.55,8,manhattan,0.9992,0.9993,0.9991,58,624,2581,0.113616554,0.594632881,2.003118296,5732
2026-09-18T17:20:14.718,6,0.0025,0.6,5,manhattan,0.9995,0.9994,0.9996,9,429,3188,0.237433364,0.68124696,2.58178035,5732
2026-09-18T17:20:18.485,6,0.0025,0.6,6,manhattan,0.9996,0.9994,0.9998,1,992,3222,0.191455488,0.740717623,2.832417637,5732
2026-09-18T17:20:22.408,6,0.0025,0.6,7,manhattan,0.9963,0.9935,0.9992,11,1007,3147,0.136939438,1.10237176,2.680741119,5732
2026-09-18T17:20:25.101,6,0.0025,0.6,8,manhattan,0.9978,0.997,0.9985,58,624,2581,0.109845401,0.609111269,1.969512812,5732
2026-09-18T17:20:29.28,6,0.0025,0.65,5,manhattan,0.9922,0.9858,0.999,9,429,3188,0.228522518,0.667575309,2.568412929,5732
2026-09-18T17:20:32.963,6,0.0025,0.65,6,manhattan,0.9991,0.9987,0.9996,1,992,3222,0.187834075,0.760385571,2.731674028,5732
2026-09-18T17:20:36.927,6,0.0025,0.65,7,manhattan,0.9996,0.9996,0.9997,11,1007,3147,0.142916879,1.130166305,2.68898952,5732
2026-09-18T17:20:39.715,6,0.0025,0.65,8,manhattan,0.9993,0.9993,0.9992,58,624,2580,0.113344172,0.607705642,2.064986263,5732
2026-09-18T17:20:43.967,6,0.0025,0.7,5,manhattan,0.9994,0.9994,0.9994,9,429,3188,0.225938319,0.667892389,2.634295515,5732
2026-09-18T17:20:47.789,6,0.0025,0.7,6,manhattan,0.9996,0.9996,0.9997,1,992,3222,0.184995583,0.744030547,2.890632204,5732
2026-09-18T17:20:51.811,6,0.0025,0.7,7,manhattan,0.9994,0.9994,0.9995,13,1007,3130,0.135845374,1.114730603,2.769266405,5732
2026-09-18T17:20:54.681,6,0.0025,0.7,8,manhattan,0.9966,0.995,0.9982,57,624,2560,0.117806196,0.618753773,2.131263174,5732
2026-09-18T17:20:58.978,6,0.0025,0.75,5,manhattan,0.9983,0.9986,0.998,10,429,3173,0.228695166,0.655987445,2.680451487,5732
2026-09-18T17:21:02.854,6,0.0025,0.75,6,manhattan,0.9998,0.9999,0.9998,1,992,3222,0.193333381,0.763375827,2.917643688,5732
2026-09-18T17:21:07.009,6,0.0025,0.75,7,manhattan,0.9997,0.9998,0.9996,14,1007,3125,0.139626654,1.146686854,2.86675876,5732
2026-09-18T17:21:09.808,6,0.0025,0.75,8,manhattan,0.9988,0.9986,0.9989,56,624,2518,0.117053236,0.632684116,2.047113517,5732
2026-09-18T17:21:14.139,6,0.0025,0.8,5,manhattan,0.9994,0.9994,0.9994,11,429,3168,0.232153918,0.744540808,2.632473145,5732
2026-09-18T17:21:17.926,6,0.0025,0.8,6,manhattan,0.9981,0.9966,0.9996,1,992,3222,0.181368722,0.755923688,2.847114977,5732
2026-09-18T17:21:21.895,6,0.0025,0.8,7,manhattan,0.9993,0.9992,0.9993,19,1007,3096,0.13587324,1.13682442,2.689467164,5732
2026-09-18T17:21:24.801,6,0.0025,0.8,8,manhattan,0.9995,0.9995,0.9995,58,624,2465,0.122368581,0.621323725,2.161012509,5732
2026-09-18T17:21:29.466,6,0.003,0.5,5,manhattan,0.9994,0.9995,0.9994,3,429,3219,0.25001088,0.702491156,2.882384222,5732
2026-09-18T17:21:33.239,6,0.003,0.5,6,manhattan,0.9999,0.9999,0.9999,1,992,3224,0.209484678,0.763776367,2.797209783,5732
2026-09-18T17:21:37.412,6,0.003,0.5,7,manhattan,0.9994,0.9994,0.9996,2,1007,3204,0.140497785,1.072558451,2.958967827,5732
2026-09-18T17:21:40.551,6,0.003,0.5,8,manhattan,0.9999,0.9999,0.9999,34,624,2787,0.123591642,0.664951021,2.348076513,5732
2026-09-18T17:21:42.802,6,0.003,0.5,9,manhattan,0.9794,0.9729,0.988,57,482,2049,0.181085936,0.429199646,1.638523001,5732
2026-09-18T17:21:45.042,6,0.003,0.5,10,manhattan,0.9264,0.9165,0.9632,53,415,1465,0.579764849,0.305998277,1.352426849,5732
2026-09-18T17:21:48.363,6,0.003,0.55,5,manhattan,0.999,0.9989,0.999,3,429,3219,0.174486418,0.508866118,2.629565441,5732
2026-09-18T17:21:52.187,6,0.003,0.55,6,manhattan,0.9998,0.9998,0.9998,1,992,3224,0.191410859,0.757783772,2.872310867,5732
2026-09-18T17:21:56.035,6,0.003,0.55,7,manhattan,0.9996,0.9996,0.9996,4,1007,3189,0.145531948,0.937914976,2.762682114,5732
2026-09-18T17:21:59.155,6,0.003,0.55,8,manhattan,0.9972,0.9958,0.9986,34,624,2787,0.113344312,0.654924739,2.349467054,5732
2026-09-18T17:22:01.346,6,0.003,0.55,9,manhattan,0.9882,0.9831,0.9937,58,482,2047,0.167000196,0.419367663,1.602263476,5732
2026-09-18T17:22:03.565,6,0.003,0.55,10,manhattan,0.9928,0.9941,0.9917,53,415,1465,0.592766581,0.29414732,1.329850918,5732
2026-09-18T17:22:06.877,6,0.003,0.6,5,manhattan,0.9994,0.9992,0.9996,3,429,3219,0.176542826,0.515104415,2.618360656,5732
2026-09-18T17:22:10.625,6,0.003,0.6,6,manhattan,0.9997,0.9997,0.9998,1,992,3224,0.186064156,0.73491276,2.82564184,5732
2026-09-18T17:22:14.449,6,0.003,0.6,7,manhattan,0.9988,0.9985,0.9992,4,1007,3189,0.147631309,0.933810959,2.739174359,5732
2026-09-18T17:22:17.365,6,0.003,0.6,8,manhattan,0.9985,0.9982,0.9988,34,624,2787,0.120453462,0.637723866,2.155397056,5732
2026-09-18T17:22:19.711,6,0.003,0.6,9,manhattan,0.9755,0.9651,0.9898,58,482,2047,0.175071479,0.591812968,1.577602013,5732
2026-09-18T17:22:21.996,6,0.003,0.6,10,manhattan,0.9909,0.9946,0.9874,53,415,1465,0.583999538,0.486613552,1.21263977,5732
2026-09-18T17:22:25.299,6,0.003,0.65,5,manhattan,0.9968,0.9953,0.9984,3,429,3219,0.18099123,0.511223053,2.609217657,5732
2026-09-18T17:22:29.144,6,0.003,0.65,6,manhattan,0.9998,0.9999,0.9997,1,992,3224,0.184862186,0.758838376,2.898466865,5732
2026-09-18T17:22:32.988,6,0.003,0.65,7,manhattan,0.9998,0.9999,0.9998,4,1007,3189,0.14100609,0.933054718,2.768095725,5732
2026-09-18T17:22:36.021,6,0.003,0.65,8,manhattan,0.9998,0.9999,0.9998,34,624,2786,0.120437537,0.640080522,2.270418328,5732
2026-09-18T17:22:38.231,6,0.003,0.65,9,manhattan,0.9939,0.99,0.9978,57,482,2033,0.172804988,0.415632547,1.61892692,5732
2026-09-18T17:22:40.582,6,0.003,0.65,10,manhattan,0.9102,0.9055,0.949,53,415,1465,0.588297643,0.436752427,1.324390303,5732
2026-09-18T17:22:43.794,6,0.003,0.7,5,manhattan,0.9986,0.9979,0.9992,3,429,3219,0.180715846,0.517071288,2.511847944,5732
2026-09-18T17:22:47.708,6,0.003,0.7,6,manhattan,0.9993,0.9988,0.9998,1,992,3224,0.188770438,0.750510844,2.972545262,5732
2026-09-18T17:22:51.431,6,0.003,0.7,7,manhattan,0.9968,0.9944,0.9992,5,1007,3175,0.135718542,0.944515681,2.640760657,5732
2026-09-18T17:22:54.45,6,0.003,0.7,8,manhattan,0.9995,0.9996,0.9994,34,624,2764,0.113306178,0.641778365,2.260812142,5732
2026-09-18T17:22:56.591,6,0.003,0.7,9,manhattan,0.9921,0.988,0.9965,55,482,2005,0.174513447,0.422499837,1.541612424,5732
2026-09-18T17:22:58.903,6,0.003,0.7,10,manhattan,0.9445,0.9525,0.9435,53,415,1454,0.596911036,0.521588624,1.191000901,5732
2026-09-18T17:23:02.17,6,0.003,0.75,5,manhattan,0.9974,0.9959,0.9989,4,429,3208,0.178854714,0.526758419,2.560041187,5732
2026-09-18T17:23:06.095,6,0.003,0.75,6,manhattan,0.9996,0.9996,0.9996,1,992,3224,0.191041748,0.736416234,2.995634528,5732
2026-09-18T17:23:09.89,6,0.003,0.75,7,manhattan,0.9993,0.9988,0.9997,6,1007,3172,0.133482781,0.95032585,2.708660122,5732
2026-09-18T17:23:12.929,6,0.003,0.75,8,manhattan,0.9993,0.9996,0.999,34,624,2735,0.118545536,0.63695638,2.281139671,5732
2026-09-18T17:23:15.025,6,0.003,0.75,9,manhattan,0.8692,0.9559,0.8692,53,482,1961,0.165607909,0.409193805,1.518840518,5732
2026-09-18T17:23:17.34,6,0.003,0.75,10,manhattan,0.9754,0.9756,0.9768,53,415,1448,0.573569293,0.436091868,1.303202049,5732
2026-09-18T17:23:20.679,6,0.003,0.8,5,manhattan,0.998,0.9984,0.9976,5,429,3206,0.177660986,0.530460988,2.628960685,5732
2026-09-18T17:23:24.86,6,0.003,0.8,6,manhattan,0.9988,0.9984,0.9993,1,992,3224,0.220201202,0.846219941,3.112360907,5732
2026-09-18T17:23:28.908,6,0.003,0.8,7,manhattan,0.9996,0.9996,0.9996,7,1007,3169,0.158224911,1.044027777,2.839272145,5732
2026-09-18T17:23:31.854,6,0.003,0.8,8,manhattan,0.9996,0.9995,0.9996,33,624,2675,0.117127548,0.626916409,2.19950521,5732
2026-09-18T17:23:34.02,6,0.003,0.8,9,manhattan,0.9956,0.9938,0.9974,53,482,1960,0.17440191,0.400796642,1.58913959,5732
2026-09-18T17:23:36.334,6,0.003,0.8,10,manhattan,0.9872,0.9922,0.9828,53,415,1448,0.599848004,0.522628143,1.189608474,5732
2026-09-18T17:24:17.469,7,0.002,0.5,5,manhattan,0.9966,0.996,0.9972,16,430,3146,0.815942116,4.660129425,3.556526851,5732
2026-09-18T17:24:22.304,7,0.002,0.5,6,manhattan,0.9998,0.9998,0.9998,5,1005,3202,0.199184199,1.103940117,2.777640102,5732
2026-09-18T17:24:26.281,7,0.002,0.5,7,manhattan,0.9996,0.9996,0.9996,16,1065,3120,0.139316628,1.110143774,2.724645196,5732
2026-09-18T17:24:31.186,7,0.002,0.55,5,manhattan,0.9972,0.9973,0.9972,16,430,3146,0.276233018,0.705164962,2.507427755,5732
2026-09-18T17:24:35.138,7,0.002,0.55,6,manhattan,0.9999,0.9999,0.9998,5,1005,3202,0.187531033,0.950615203,2.8118296,5732
2026-09-18T17:24:39.067,7,0.002,0.55,7,manhattan,0.9992,0.9992,0.9993,16,1065,3120,0.250363789,1.150591194,2.525496617,5732
2026-09-18T17:24:43.366,7,0.002,0.6,5,manhattan,0.9973,0.9952,0.9994,16,430,3146,0.269842606,0.629188906,2.546138012,5732
2026-09-18T17:24:47.419,7,0.002,0.6,6,manhattan,0.9981,0.9967,0.9996,5,1005,3202,0.18826311,0.95440228,2.907927363,5732
2026-09-18T17:24:51.366,7,0.002,0.6,7,manhattan,0.9985,0.998,0.999,16,1065,3120,0.142441887,1.112239782,2.69041589,5732
2026-09-18T17:24:55.726,7,0.002,0.65,5,manhattan,0.9992,0.9994,0.9989,16,430,3146,0.162270611,0.679217929,2.665161823,5732
2026-09-18T17:24:59.512,7,0.002,0.65,6,manhattan,0.9994,0.9996,0.9993,5,1005,3202,0.180121567,0.955029735,2.649169204,5732
2026-09-18T17:25:03.465,7,0.002,0.65,7,manhattan,0.999,0.9988,0.9991,16,1065,3120,0.13615952,1.275410158,2.539670705,5732
2026-09-18T17:25:07.787,7,0.002,0.7,5,manhattan,0.9983,0.9978,0.9988,16,430,3146,0.163311945,0.599480288,2.708465963,5732
2026-09-18T17:25:11.855,7,0.002,0.7,6,manhattan,0.9988,0.9992,0.9983,5,1005,3202,0.179883826,0.953840337,2.930530812,5732
2026-09-18T17:25:15.881,7,0.002,0.7,7,manhattan,0.9996,0.9996,0.9996,18,1065,3113,0.140092215,1.164980324,2.719927694,5732
2026-09-18T17:25:20.236,7,0.002,0.75,5,manhattan,0.998,0.9975,0.9985,17,430,3131,0.203403105,0.720245802,2.558954526,5732
2026-09-18T17:25:24.153,7,0.002,0.75,6,manhattan,0.9982,0.9984,0.998,5,1005,3202,0.182996934,0.963416072,2.76875349,5732
2026-09-18T17:25:28.217,7,0.002,0.75,7,manhattan,0.9993,0.9991,0.9994,18,1065,3109,0.252354197,1.171922972,2.638116604,5732
2026-09-18T17:25:32.73,7,0.002,0.8,5,manhattan,0.9974,0.9973,0.9976,19,430,3119,0.233465328,0.793043867,2.62716248,5732
2026-09-18T17:25:36.773,7,0.002,0.8,6,manhattan,0.9998,0.9997,0.9998,5,1005,3202,0.189708197,0.963744466,2.886894086,5732
2026-09-18T17:25:40.872,7,0.002,0.8,7,manhattan,0.9989,0.9995,0.9983,20,1065,3103,0.137476867,1.295596678,2.663230081,5732
2026-09-18T17:25:45.135,7,0.0025,0.5,5,manhattan,0.9959,0.9944,0.9974,8,430,3194,0.171352149,0.566220798,2.683762036,5732
2026-09-18T17:25:49.005,7,0.0025,0.5,6,manhattan,0.9996,0.9995,0.9998,2,1005,3217,0.200242854,0.888459281,2.778590922,5732
2026-09-18T17:25:53.041,7,0.0025,0.5,7,manhattan,0.9995,0.9994,0.9996,9,1065,3161,0.143456333,1.189325826,2.701802052,5732
2026-09-18T17:25:56.069,7,0.0025,0.5,8,manhattan,0.9978,0.9963,0.9994,51,630,2613,0.126904287,0.812594762,2.086407997,5732
2026-09-18T17:26:00.228,7,0.0025,0.55,5,manhattan,0.9994,0.9994,0.9995,8,430,3194,0.172339147,0.561558819,2.623280349,5732
2026-09-18T17:26:04.318,7,0.0025,0.55,6,manhattan,0.9997,0.9997,0.9998,2,1005,3217,0.196581772,0.992054231,2.899473977,5732
2026-09-18T17:26:08.413,7,0.0025,0.55,7,manhattan,0.9997,0.9997,0.9997,9,1065,3161,0.185587,1.192318178,2.715566033,5732
2026-09-18T17:26:11.621,7,0.0025,0.55,8,manhattan,0.9981,0.9974,0.9989,51,630,2601,0.130004333,0.851487653,2.224121417,5732
2026-09-18T17:26:15.968,7,0.0025,0.6,5,manhattan,0.9958,0.9925,0.9991,8,430,3194,0.192763476,0.604925538,2.67970181,5732
2026-09-18T17:26:20.056,7,0.0025,0.6,6,manhattan,0.9992,0.9988,0.9996,2,1005,3217,0.201494132,1.053989595,2.830157991,5732
2026-09-18T17:26:23.951,7,0.0025,0.6,7,manhattan,0.9994,0.9997,0.9992,9,1065,3161,0.147129568,1.056411693,2.689473869,5732
2026-09-18T17:26:27.29,7,0.0025,0.6,8,manhattan,0.9988,0.9982,0.9993,51,630,2601,0.125197992,0.991895901,2.220404042,5732
2026-09-18T17:26:31.639,7,0.0025,0.65,5,manhattan,0.9988,0.9982,0.9994,8,430,3194,0.230297745,0.721278545,2.614605847,5732
2026-09-18T17:26:35.594,7,0.0025,0.65,6,manhattan,1.0,1.0,1.0,2,1005,3217,0.195104488,0.899554973,2.858208365,5732
2026-09-18T17:26:39.79,7,0.0025,0.65,7,manhattan,0.999,0.9989,0.9991,9,1065,3161,0.141607284,1.2319729,2.821065487,5732
2026-09-18T17:26:42.856,7,0.0025,0.65,8,manhattan,0.9999,0.9999,0.9999,51,630,2588,0.127002274,0.86369103,2.072673698,5732
2026-09-18T17:26:47.432,7,0.0025,0.7,5,manhattan,0.9994,0.9996,0.9992,8,430,3194,0.23887028,0.820508133,2.787684683,5732
2026-09-18T17:26:51.539,7,0.0025,0.7,6,manhattan,0.9991,0.9992,0.9988,2,1005,3217,0.205882403,0.901394105,2.997621025,5732
2026-09-18T17:26:55.875,7,0.0025,0.7,7,manhattan,0.9986,0.9979,0.9992,9,1065,3161,0.151244689,1.267690386,2.909335573,5732
2026-09-18T17:26:59.174,7,0.0025,0.7,8,manhattan,0.9979,0.9964,0.9994,50,630,2572,0.14023113,0.89612283,2.260895742,5732
2026-09-18T17:27:03.823,7,0.0025,0.75,5,manhattan,0.9981,0.9977,0.9985,8,430,3183,0.184758333,0.65866118,2.767409673,5732
2026-09-18T17:27:07.852,7,0.0025,0.75,6,manhattan,0.9992,0.9987,0.9996,2,1005,3217,0.199454974,0.912492592,2.91480841,5732
2026-09-18T17:27:11.799,7,0.0025,0.75,7,manhattan,0.9978,0.9972,0.9985,10,1065,3155,0.146727562,1.067241569,2.730845291,5732
2026-09-18T17:27:15.109,7,0.0025,0.75,8,manhattan,0.9989,0.9989,0.9989,51,630,2556,0.128232179,0.972601744,2.20717316,5732
2026-09-18T17:27:19.461,7,0.0025,0.8,5,manhattan,0.9976,0.9961,0.9991,8,430,3180,0.239646427,0.734836983,2.628075934,5732
2026-09-18T17:27:23.395,7,0.0025,0.8,6,manhattan,0.9999,0.9999,0.9999,2,1005,3217,0.191190439,0.883189961,2.85723806,5732
2026-09-18T17:27:27.471,7,0.0025,0.8,7,manhattan,0.9999,0.9999,0.9999,10,1065,3153,0.14996352,1.236150039,2.687683696,5732
2026-09-18T17:27:30.999,7,0.0025,0.8,8,manhattan,0.9991,0.9991,0.9992,49,630,2523,0.126222355,0.847767974,2.552082209,5732
2026-09-18T17:27:36.398,7,0.003,0.5,5,manhattan,0.9994,0.9995,0.9993,3,430,3214,0.28693299,0.902163547,3.118866137,5732
2026-09-18T17:27:40.718,7,0.003,0.5,6,manhattan,1.0,1.0,1.0,1,1005,3220,0.22858314,0.888826576,3.2000379,5732
2026-09-18T17:27:44.756,7,0.003,0.5,7,manhattan,0.9996,0.9996,0.9996,5,1065,3196,0.16368825,1.20297834,2.668454911,5732
2026-09-18T17:27:47.95,7,0.003,0.5,8,manhattan,0.9988,0.9985,0.9991,39,630,2760,0.12893639,0.795461704,2.267280916,5732
2026-09-18T17:27:50.371,7,0.003,0.5,9,manhattan,0.9988,0.9986,0.9989,47,542,2028,0.186641743,0.599225717,1.633216806,5732
2026-09-18T17:27:53.106,7,0.003,0.5,10,manhattan,0.9862,0.9846,0.9884,55,477,1605,0.671869014,0.735393339,1.325784406,5732
2026-09-18T17:27:56.391,7,0.003,0.55,5,manhattan,0.9937,0.9889,0.9986,3,430,3214,0.190149803,0.522934886,2.569298237,5732
2026-09-18T17:28:00.217,7,0.003,0.55,6,manhattan,0.9995,0.9994,0.9996,1,1005,3220,0.201177751,0.753962753,2.868800013,5732
2026-09-18T17:28:04.279,7,0.003,0.55,7,manhattan,0.9996,0.9996,0.9996,5,1065,3189,0.153480101,1.041438339,2.866001262,5732
2026-09-18T17:28:07.573,7,0.003,0.55,8,manhattan,0.9994,0.9992,0.9996,39,630,2760,0.121345335,0.840725872,2.329026172,5732
2026-09-18T17:28:10.063,7,0.003,0.55,9,manhattan,0.999,0.9988,0.9991,47,542,2028,0.188995606,0.617432724,1.681309338,5732
2026-09-18T17:28:12.955,7,0.003,0.55,10,manhattan,0.9883,0.9925,0.9847,55,477,1605,0.69952744,0.84331985,1.348331983,5732
2026-09-18T17:28:16.349,7,0.003,0.6,5,manhattan,0.9997,0.9997,0.9998,3,430,3214,0.184454942,0.544983306,2.662823045,5732
2026-09-18T17:28:20.379,7,0.003,0.6,6,manhattan,0.9995,0.9994,0.9996,1,1005,3220,0.19490523,0.759202319,3.07328461,5732
2026-09-18T17:28:24.639,7,0.003,0.6,7,manhattan,0.9992,0.9989,0.9994,5,1065,3189,0.169585722,1.118858016,2.97030573,5732
2026-09-18T17:28:28.175,7,0.003,0.6,8,manhattan,0.9991,0.9994,0.9989,39,630,2747,0.151450931,1.045743778,2.336971112,5732
2026-09-18T17:28:30.844,7,0.003,0.6,9,manhattan,0.972,0.979,0.9683,47,542,2015,0.223714292,0.699283903,1.743596353,5732
2026-09-18T17:28:33.687,7,0.003,0.6,10,manhattan,0.9938,0.9949,0.9928,55,477,1605,0.606796168,0.924547764,1.308808702,5732
2026-09-18T17:28:37.306,7,0.003,0.65,5,manhattan,0.9989,0.9987,0.999,3,430,3214,0.193792938,0.574279371,2.842404529,5732
2026-09-18T17:28:41.302,7,0.003,0.65,6,manhattan,0.9996,0.9998,0.9994,1,1005,3220,0.197938509,0.768704302,3.027258055,5732
2026-09-18T17:28:45.3,7,0.003,0.65,7,manhattan,0.9994,0.9993,0.9996,5,1065,3189,0.14857703,1.028944214,2.818005249,5732
2026-09-18T17:28:48.684,7,0.003,0.65,8,manhattan,0.9994,0.9993,0.9996,39,630,2733,0.132545929,0.871199322,2.377981734,5732
2026-09-18T17:28:51.597,7,0.003,0.65,9,manhattan,0.9972,0.9976,0.9969,47,542,2015,0.207503839,0.770542666,1.932599921,5732
2026-09-18T17:28:54.554,7,0.003,0.65,10,manhattan,0.9897,0.9919,0.9876,55,477,1605,0.739441063,0.767546612,1.448598784,5732
2026-09-18T17:28:58.175,7,0.003,0.7,5,manhattan,0.9974,0.9956,0.9991,3,430,3214,0.208324405,0.567183492,2.843111113,5732
2026-09-18T17:29:02.322,7,0.003,0.7,6,manhattan,0.9998,0.9999,0.9998,1,1005,3220,0.223438208,0.831412321,3.089764023,5732
2026-09-18T17:29:06.421,7,0.003,0.7,7,manhattan,0.9994,0.9992,0.9996,5,1065,3189,0.161497607,1.116771017,2.81899553,5732
2026-09-18T17:29:09.879,7,0.003,0.7,8,manhattan,0.9972,0.9975,0.9969,38,630,2716,0.144084905,1.005447773,2.305234932,5732
2026-09-18T17:29:12.452,7,0.003,0.7,9,manhattan,0.9997,0.9997,0.9997,46,542,2001,0.209077294,0.651898793,1.710491561,5732
2026-09-18T17:29:15.321,7,0.003,0.7,10,manhattan,0.9943,0.9955,0.9932,55,477,1605,0.68001433,0.776043369,1.410745271,5732
2026-09-18T17:29:18.786,7,0.003,0.75,5,manhattan,0.999,0.9987,0.9993,4,430,3203,0.194200042,0.585057984,2.683966951,5732
2026-09-18T17:29:22.9,7,0.003,0.75,6,manhattan,0.9998,0.9997,0.9998,1,1005,3220,0.22285203,0.834603092,3.054945814,5732
2026-09-18T17:29:27.014,7,0.003,0.75,7,manhattan,0.9996,0.9996,0.9996,5,1065,3186,0.169714788,1.094230356,2.847478362,5732
2026-09-18T17:29:30.428,7,0.003,0.75,8,manhattan,0.9993,0.999,0.9995,39,630,2700,0.141892725,1.010513435,2.259618693,5732
2026-09-18T17:29:32.999,7,0.003,0.75,9,manhattan,0.998,0.9984,0.9976,44,542,1965,0.206462644,0.634335444,1.729034714,5732
2026-09-18T17:29:35.969,7,0.003,0.75,10,manhattan,0.9799,0.9778,0.9834,55,477,1599,0.653852675,0.864277418,1.449841541,5732
2026-09-18T17:29:39.966,7,0.003,0.8,5,manhattan,0.9989,0.9984,0.9994,5,430,3201,0.195334405,0.604697017,3.194531609,5732
2026-09-18T17:29:44.296,7,0.003,0.8,6,manhattan,0.9996,0.9995,0.9996,1,1005,3220,0.345970427,0.819763555,3.154004779,5732
2026-09-18T17:29:49.228,7,0.003,0.8,7,manhattan,0.9989,0.999,0.9988,5,1065,3186,0.182679575,1.159963412,3.587337774,5732
2026-09-18T17:29:54.295,7,0.003,0.8,8,manhattan,0.9995,0.9996,0.9994,37,630,2666,0.162478039,1.326835868,3.574761027,5732
2026-09-18T17:29:58.315,7,0.003,0.8,9,manhattan,0.9978,0.9983,0.9972,46,542,1940,0.375942486,1.221745893,2.419905671,5732
2026-09-18T17:30:02.279,7,0.003,0.8,10,manhattan,0.9801,0.986,0.9758,55,477,1589,0.943925102,1.304890534,1.71240249,5732
