class,AUC_mean,AUC_sd,TPR_mean,TPR_sd,FPR_mean,FPR_sd,balanced_acc_mean,balanced_acc_sd
Epsilon,0.9973403598363902,0.0046965626383835835,0.9191071002101883,0.254343805708418,0.001824096130876556,0.004012731458635881,0.9586415020396559,0.12706338709614073
Delta,0.9974157271779034,0.0036035887954880006,0.9738070654588096,0.04198765238009027,0.037660538164818576,0.10876313479352476,0.9680732636469955,0.05427256196256834
Kappa,0.9979010432117874,0.005581460707248033,0.657051282051282,0.4155126469002996,8.503303708454496e-05,0.0002479863884506258,0.8284831245070988,0.2077229797452972
Gamma,0.9904431976672361,0.01582740007021818,0.9453555259796877,0.10985248961022279,0.026347035066719874,0.0675811223644054,0.9595042454564839,0.061970462824587694
Iota,0.9934398201549859,0.016050357671790357,0.8729572255233884,0.2703130352277783,0.009016244079238464,0.03136500735555665,0.9319704907220749,0.1351284893111401
Eta,0.9984654298723741,0.0032848961812523584,0.9499800717417297,0.1244161041323052,0.0033197772728370445,0.010078031573499758,0.9733301472344463,0.06267879185637372
Lambda,0.9744131532050987,0.0888542963620206,0.9152647373296866,0.19244072858412595,0.026124124328440083,0.1002184775246857,0.9445703065006232,0.11431880528035454
Omicron,0.9928295724867594,0.010615554792810985,0.8840180774127042,0.21370768830870102,0.03333229855801061,0.13844073581383265,0.9253428894273468,0.12215452139604192
Beta,0.9711778885453037,0.12434155446794458,0.9321790309334793,0.1925068414019213,0.0018719719742839888,0.004879517884111765,0.9651535294795976,0.09657115371749546
Alpha,0.9893959027442725,0.024400213253512694,0.8522063501083879,0.31516657284944555,0.00014761548946709178,0.00048099622983317997,0.9260293673094604,0.15755219213471103
macro,0.9902822094902112,0.019479882493290294,0.8901926466749344,0.11934152208988084,0.013972873410177682,0.020253529469353316,0.9381098866323784,0.06630025001194573
