window,threshold,kmer,n,f1_score_mean,precision_mean,recall_mean,coverage_mean,extract_time_mean,fit_time_mean,train_time_mean,classify_time_mean,f1_score_std,precision_std,recall_std,coverage_std,extract_time_std,fit_time_std,train_time_std,classify_time_std,coverage_min,eligible
0.003,0.6,6,38,0.999666,0.999624,0.999737,1.0,0.414137,1.830396,2.244533,6.144555,0.000333,0.000581,0.000151,0.0,0.145998,0.817644,0.956822,2.390263,1.0,True
0.003,0.8,6,37,0.999659,0.999616,0.999719,1.0,0.410649,1.82102,2.231668,6.220797,0.000385,0.000584,0.00024,0.0,0.127494,0.801284,0.920151,2.408439,1.0,True
0.0025,0.75,6,38,0.999639,0.999582,0.999708,1.0,0.424595,2.083774,2.508369,6.301165,0.000324,0.000499,0.000205,0.0,0.143503,0.853919,0.981603,2.290366,1.0,True
0.003,0.7,6,37,0.999638,0.999519,0.999751,1.0,0.422452,1.900977,2.32343,6.423034,0.0004,0.000722,0.000204,0.0,0.130047,0.820215,0.935741,2.357414,1.0,True
0.002,0.5,6,39,0.999605,0.999587,0.999633,1.0,0.427785,2.203594,2.631379,5.900816,0.000344,0.000514,0.000252,0.0,0.11038,0.797939,0.8914,2.259741,1.0,True
0.0025,0.7,6,38,0.999597,0.999574,0.999639,1.0,0.404417,2.074355,2.478771,6.12136,0.000358,0.000589,0.000262,0.0,0.140975,0.923984,1.048725,2.340201,1.0,True
0.003,0.5,6,38,0.999587,0.999487,0.999718,1.0,0.411216,1.88006,2.291276,6.146731,0.00036,0.000636,0.000209,0.0,0.130049,0.804008,0.920236,2.460394,1.0,True
0.0025,0.8,6,38,0.999579,0.999453,0.999705,1.0,0.413221,2.166012,2.579234,6.230064,0.000595,0.001052,0.000203,0.0,0.130298,0.903157,1.02055,2.362118,1.0,True
0.002,0.75,6,38,0.999571,0.999492,0.999647,1.0,0.404273,2.166258,2.570531,5.939027,0.000438,0.000725,0.000229,0.0,0.131209,0.901243,1.019531,2.204196,1.0,True
0.003,0.65,6,37,0.999565,0.999414,0.999724,1.0,0.425427,1.848961,2.274388,6.223648,0.000532,0.000965,0.000175,0.0,0.133331,0.822172,0.948733,2.411433,1.0,True
0.0025,0.55,6,38,0.999558,0.999458,0.999671,1.0,0.425874,2.113144,2.539017,6.19819,0.000554,0.000916,0.000259,0.0,0.139009,0.803379,0.927014,2.273082,1.0,True
0.003,0.55,6,38,0.999558,0.999471,0.999647,1.0,0.417279,1.793664,2.210943,6.209094,0.000386,0.000641,0.000214,0.0,0.140402,0.740892,0.868411,2.325928,1.0,True
0.0025,0.55,7,38,0.999542,0.999458,0.999626,1.0,0.345762,2.489899,2.835661,6.097971,0.000374,0.000574,0.000246,0.0,0.10541,1.011849,1.096459,2.246424,1.0,True
0.0025,0.75,7,38,0.999529,0.999492,0.999571,1.0,0.348265,2.465909,2.814174,5.842026,0.000431,0.00061,0.00031,0.0,0.107611,1.037033,1.113143,2.186043,1.0,True
0.0025,0.65,6,38,0.999526,0.999403,0.999661,1.0,0.426244,2.146109,2.572353,6.352459,0.00047,0.000783,0.000227,0.0,0.124433,0.849889,0.962345,2.284546,1.0,True
0.0025,0.65,7,38,0.999476,0.999387,0.999576,1.0,0.313743,2.449006,2.762749,5.980928,0.000484,0.000766,0.000387,0.0,0.100351,1.019746,1.106901,2.272347,1.0,True
0.002,0.7,6,38,0.999474,0.999305,0.999639,1.0,0.407957,2.153703,2.561659,5.894468,0.000731,0.00126,0.000293,0.0,0.14299,0.874789,0.99468,2.199297,1.0,True
0.002,0.65,6,38,0.999461,0.999287,0.999674,1.0,0.403151,2.173584,2.576735,5.890088,0.000724,0.001358,0.000197,0.0,0.14738,0.864375,0.989042,2.20057,1.0,True
0.003,0.75,6,37,0.999457,0.999257,0.999681,1.0,0.418536,1.960646,2.379182,6.415541,0.000927,0.001548,0.000298,0.0,0.132553,0.79617,0.920062,2.291078,1.0,True
0.0025,0.5,6,38,0.999455,0.999284,0.999658,1.0,0.394474,1.937319,2.331793,6.018075,0.000565,0.000978,0.000305,0.0,0.132888,0.826294,0.945565,2.151779,1.0,True
0.003,0.55,7,38,0.999418,0.999282,0.999582,1.0,0.345006,2.250933,2.595939,5.753927,0.000576,0.001041,0.000287,0.0,0.157296,1.062073,1.201,2.327559,1.0,True
0.003,0.5,7,38,0.999384,0.999295,0.999503,1.0,0.342743,2.381669,2.724412,6.101954,0.000653,0.000874,0.000504,0.0,0.121462,1.00948,1.125264,2.355771,1.0,True
0.002,0.8,6,38,0.999384,0.999192,0.999587,1.0,0.391349,2.15985,2.5512,5.887271,0.000588,0.001055,0.000274,0.0,0.127726,0.892253,1.007014,2.282174,1.0,True
0.003,0.6,7,37,0.99937,0.999262,0.999486,1.0,0.324833,2.315915,2.640748,5.917049,0.000589,0.000935,0.00041,0.0,0.116638,1.06084,1.170378,2.377578,1.0,True
0.002,0.55,6,39,0.999369,0.999133,0.999595,1.0,0.391303,2.151999,2.543302,5.895745,0.000866,0.001503,0.000324,0.0,0.111486,0.846213,0.943934,2.032411,1.0,True
0.0025,0.6,6,38,0.999366,0.999168,0.9996,1.0,0.41477,2.115382,2.530153,6.348597,0.000733,0.00134,0.000235,0.0,0.13823,0.821152,0.945411,2.330893,1.0,True
0.003,0.7,7,37,0.999332,0.999116,0.999576,1.0,0.340764,2.485837,2.826601,6.2997,0.001069,0.001798,0.000419,0.0,0.123108,1.028078,1.135926,2.313553,1.0,True
0.002,0.6,7,38,0.999329,0.999145,0.999524,1.0,0.324762,2.56284,2.887602,5.668369,0.000581,0.000961,0.000335,0.0,0.112267,1.037965,1.128896,2.148263,1.0,True
0.0025,0.7,7,38,0.999324,0.999066,0.999589,1.0,0.332391,2.517751,2.850143,6.058726,0.000693,0.001257,0.000252,0.0,0.11235,1.033918,1.12775,2.175791,1.0,True
0.002,0.65,7,38,0.999311,0.999145,0.999484,1.0,0.312388,2.521838,2.834225,5.688998,0.000786,0.001218,0.000453,0.0,0.116218,1.090846,1.176658,2.129331,1.0,True
0.003,0.8,7,37,0.999249,0.998986,0.999535,1.0,0.334635,2.338276,2.672911,5.95038,0.00101,0.001757,0.000323,0.0,0.112873,0.996986,1.097951,2.194493,1.0,True
0.003,0.65,7,37,0.999203,0.998905,0.999497,1.0,0.327453,2.343599,2.671052,6.02633,0.000887,0.001566,0.000397,0.0,0.105842,0.99669,1.092199,2.396546,1.0,True
0.0025,0.8,7,38,0.999161,0.998805,0.999553,1.0,0.333712,2.600821,2.934533,5.985725,0.001767,0.003173,0.000308,0.0,0.119308,1.098986,1.208399,2.371844,1.0,True
0.002,0.6,6,38,0.999147,0.998758,0.999553,1.0,0.4033,2.187546,2.590846,6.022365,0.00147,0.002633,0.000431,0.0,0.142257,0.879648,1.005412,2.151348,1.0,True
0.0025,0.6,7,38,0.999118,0.998768,0.999503,1.0,0.339455,2.52337,2.862825,6.156157,0.001127,0.001915,0.000457,0.0,0.113449,1.048496,1.139679,2.380025,1.0,True
0.003,0.6,5,38,0.999095,0.998734,0.999474,1.0,0.366335,1.228288,1.594623,5.423605,0.001046,0.001885,0.000377,0.0,0.162908,0.609952,0.758836,2.171108,1.0,True
0.002,0.55,7,38,0.998908,0.998371,0.999463,1.0,0.319367,2.640963,2.96033,5.640159,0.001637,0.002831,0.000426,0.0,0.109804,0.985517,1.074907,2.085178,1.0,True
0.003,0.75,7,37,0.998886,0.998322,0.999551,1.0,0.341444,2.359441,2.700885,6.041708,0.002855,0.005078,0.00033,0.0,0.126027,0.968782,1.080504,2.081663,1.0,True
0.002,0.8,7,38,0.998884,0.998434,0.99935,1.0,0.338164,2.618997,2.957161,5.557721,0.001095,0.001723,0.000587,0.0,0.113218,1.08943,1.169106,2.065795,1.0,True
0.003,0.65,5,37,0.998868,0.998451,0.999289,1.0,0.386697,1.318797,1.705495,5.569643,0.001205,0.002094,0.000527,0.0,0.129167,0.623061,0.739029,2.183592,1.0,True
0.002,0.7,7,38,0.998858,0.998387,0.999395,1.0,0.330998,2.592696,2.923694,5.669601,0.002574,0.004349,0.000556,0.0,0.114921,1.092645,1.193504,2.038274,1.0,True
0.003,0.55,5,38,0.998842,0.998382,0.999316,1.0,0.369498,1.28941,1.658909,5.468159,0.001106,0.001875,0.000531,0.0,0.128282,0.58506,0.706921,2.046567,1.0,True
0.002,0.5,7,39,0.998841,0.998321,0.999385,1.0,0.315709,2.394814,2.710523,5.494114,0.001528,0.002555,0.000523,0.0,0.093743,0.960515,1.038759,1.869902,1.0,True
0.0025,0.5,7,38,0.998839,0.998271,0.999495,1.0,0.335609,2.376066,2.711675,5.95282,0.002469,0.004387,0.000388,0.0,0.111735,0.91155,1.000767,2.158605,1.0,True
0.003,0.7,5,37,0.99867,0.998084,0.999281,1.0,0.380275,1.367851,1.748127,5.766441,0.001392,0.002403,0.000482,0.0,0.142558,0.643491,0.778353,2.112216,1.0,True
0.003,0.5,5,38,0.998597,0.997813,0.999387,1.0,0.411343,1.351434,1.762777,5.685051,0.001285,0.00235,0.000318,0.0,0.143994,0.576881,0.697476,2.240139,1.0,True
0.003,0.75,5,37,0.998392,0.99743,0.99937,1.0,0.413664,1.371257,1.784922,5.673906,0.00182,0.003183,0.000488,0.0,0.13069,0.535936,0.652122,2.017079,1.0,True
0.0025,0.75,5,38,0.998224,0.99745,0.999024,1.0,0.412081,1.474219,1.886301,5.517336,0.001438,0.002578,0.000512,0.0,0.113562,0.64557,0.739602,2.09467,1.0,True
0.003,0.8,5,37,0.998165,0.997257,0.999259,1.0,0.391651,1.301225,1.692876,5.590179,0.004806,0.008,0.000574,0.0,0.11289,0.57234,0.676002,1.98121,1.0,True
0.0025,0.6,5,38,0.998121,0.997305,0.998958,1.0,0.409491,1.493751,1.903242,5.761134,0.001438,0.002407,0.00065,0.0,0.152683,0.624636,0.754237,2.108716,1.0,True
0.002,0.75,7,38,0.998008,0.996842,0.999429,1.0,0.322722,2.633442,2.956164,5.613792,0.005136,0.008668,0.000369,0.0,0.115533,1.08775,1.181658,2.090705,1.0,True
0.0025,0.8,5,38,0.997768,0.996661,0.998903,1.0,0.421987,1.528733,1.950721,5.743132,0.002031,0.003318,0.001036,0.0,0.141001,0.643027,0.759894,2.040224,1.0,True
0.0025,0.55,5,38,0.997753,0.996632,0.998908,1.0,0.425904,1.477265,1.903169,5.700145,0.002086,0.003684,0.000805,0.0,0.138812,0.633388,0.755559,2.081894,1.0,True
0.003,0.65,8,37,0.997684,0.996903,0.998519,1.0,0.299293,1.881647,2.18094,4.917814,0.006514,0.008848,0.003935,0.0,0.105261,0.803119,0.896028,1.854282,1.0,True
0.0025,0.5,5,38,0.997626,0.996792,0.998489,1.0,0.429619,1.430853,1.860472,5.55264,0.002686,0.003403,0.002457,0.0,0.133793,0.563091,0.667592,2.076639,1.0,True
0.0025,0.65,5,38,0.997611,0.996605,0.99865,1.0,0.433899,1.501988,1.935887,5.912276,0.001811,0.003064,0.00091,0.0,0.145109,0.573794,0.686558,2.075073,1.0,True
0.0025,0.7,5,38,0.997553,0.996458,0.998761,1.0,0.415925,1.47959,1.895515,5.498505,0.003588,0.00594,0.001058,0.0,0.154006,0.640597,0.76605,2.139396,1.0,True
0.003,0.55,8,38,0.997513,0.997382,0.997716,1.0,0.278827,1.814287,2.093114,4.779743,0.005551,0.004116,0.007226,0.0,0.112202,0.815895,0.915857,1.85887,1.0,True
0.002,0.5,5,39,0.997187,0.996521,0.997887,1.0,1.632717,8.946984,10.579701,7.399634,0.002394,0.003042,0.002042,0.0,0.345219,2.115924,2.431881,2.135441,1.0,True
0.003,0.75,9,37,0.99667,0.995968,0.99743,1.0,0.375776,1.41505,1.790827,3.507992,0.003094,0.004822,0.00211,0.0,0.119506,0.679157,0.782741,1.319354,1.0,True
0.0025,0.7,8,38,0.995742,0.996268,0.995766,1.0,0.275116,1.780218,2.055334,4.273993,0.010807,0.007101,0.014159,0.0,0.097632,0.893817,0.979312,1.712669,1.0,True
0.002,0.55,5,39,0.995605,0.994167,0.997267,1.0,0.430717,1.466989,1.897706,5.391411,0.004682,0.006739,0.003912,0.0,0.1345,0.636093,0.743302,1.936006,1.0,True
0.003,0.75,8,37,0.995562,0.994497,0.997281,1.0,0.287936,1.836746,2.124682,4.77071,0.011977,0.014247,0.007834,0.0,0.09387,0.868306,0.950664,1.776893,1.0,True
0.003,0.8,9,37,0.995395,0.995508,0.995492,1.0,0.374691,1.3758,1.750491,3.435304,0.004727,0.003991,0.006212,0.0,0.105792,0.640457,0.737064,1.290509,1.0,True
0.0025,0.5,8,38,0.995361,0.9946,0.996292,1.0,0.283284,1.864962,2.148246,4.442666,0.006138,0.007561,0.005227,0.0,0.105462,0.8833,0.970662,1.709062,1.0,True
0.003,0.5,9,38,0.995266,0.994558,0.996145,1.0,0.387772,1.461886,1.849657,3.534537,0.004052,0.005461,0.003874,0.0,0.117896,0.693496,0.798542,1.37942,1.0,True
0.003,0.7,8,37,0.995176,0.994086,0.998095,1.0,0.309407,2.037296,2.346703,5.217667,0.022231,0.02706,0.00633,0.0,0.099343,0.840282,0.92459,1.83401,1.0,True
0.002,0.7,5,38,0.994374,0.993055,0.996218,1.0,0.411746,1.485988,1.897734,5.363659,0.008788,0.009175,0.008261,0.0,0.115544,0.611972,0.705813,1.888812,1.0,True
0.002,0.6,5,38,0.9934,0.991684,0.996363,1.0,0.433453,1.50662,1.940073,5.474247,0.0174,0.021486,0.007609,0.0,0.139819,0.630026,0.736274,2.004502,1.0,True
0.003,0.7,9,37,0.993341,0.994376,0.993949,1.0,0.40661,1.531626,1.938236,3.780446,0.014278,0.007046,0.018135,0.0,0.124749,0.689784,0.800488,1.385627,1.0,True
0.002,0.65,5,38,0.993095,0.990274,0.996766,1.0,0.428238,1.499952,1.92819,5.35927,0.010862,0.015058,0.003847,0.0,0.123145,0.652022,0.748863,1.888915,1.0,True
0.003,0.6,8,37,0.993003,0.992376,0.997195,1.0,0.287764,1.78237,2.070134,4.803723,0.031517,0.031406,0.010405,0.0,0.105454,0.832969,0.930194,1.867976,1.0,True
0.003,0.6,9,37,0.992141,0.99437,0.99293,1.0,0.378954,1.411795,1.790749,3.576342,0.024569,0.009502,0.022766,0.0,0.123075,0.755565,0.853418,1.394586,1.0,True
0.0025,0.8,8,38,0.992045,0.993658,0.993971,1.0,0.286438,1.861798,2.148236,4.371708,0.033985,0.019838,0.026845,0.0,0.100773,0.930902,1.017134,1.635699,1.0,True
0.0025,0.6,8,38,0.991934,0.991303,0.996547,1.0,0.285192,1.958434,2.243627,4.444208,0.033762,0.033757,0.01014,0.0,0.105455,0.86775,0.95661,1.766277,1.0,True
0.002,0.8,5,38,0.991876,0.989463,0.994963,1.0,0.44448,1.525049,1.96953,5.2742,0.013018,0.013891,0.010581,0.0,0.153566,0.630278,0.759244,1.895143,1.0,True
0.003,0.65,9,37,0.990408,0.991441,0.992632,1.0,0.384983,1.406768,1.791752,3.602138,0.023701,0.019345,0.021682,0.0,0.124586,0.680849,0.785249,1.424322,1.0,True
0.0025,0.75,8,38,0.990284,0.993984,0.9892,1.0,0.272181,1.84092,2.113101,4.398709,0.040317,0.022777,0.045004,0.0,0.094798,0.950538,1.027539,1.672202,1.0,True
0.0025,0.65,8,38,0.990124,0.992276,0.994092,1.0,0.291768,1.894442,2.18621,4.421623,0.048283,0.033399,0.025978,0.0,0.104348,0.874067,0.950949,1.574383,1.0,True
0.002,0.75,5,38,0.989168,0.989511,0.991908,1.0,0.44685,1.52159,1.96844,5.37978,0.026513,0.019258,0.021955,0.0,0.169766,0.606216,0.751226,1.901629,1.0,True
0.003,0.8,8,37,0.989159,0.994519,0.989641,1.0,0.280959,1.792814,2.073773,4.719846,0.059152,0.025508,0.057307,0.0,0.098208,0.800315,0.889423,1.779866,1.0,True
0.003,0.55,9,38,0.988184,0.991745,0.990289,1.0,0.366982,1.335037,1.702019,3.451382,0.031578,0.021665,0.025981,0.0,0.121693,0.692256,0.798966,1.326396,1.0,True
0.003,0.5,8,38,0.987495,0.988155,0.992058,1.0,0.273872,1.866196,2.140067,4.764458,0.067286,0.059853,0.042739,0.0,0.094888,0.86621,0.954433,1.810391,1.0,True
0.003,0.55,10,38,0.986337,0.985292,0.989645,1.0,1.030389,1.179051,2.209441,2.777783,0.017667,0.01621,0.016844,0.0,0.214025,0.532416,0.710593,1.242252,1.0,True
0.0025,0.55,8,38,0.984142,0.988611,0.990374,1.0,0.289563,1.878851,2.168414,4.486756,0.081704,0.047678,0.050658,0.0,0.087939,0.884602,0.959918,1.770246,1.0,True
0.003,0.5,10,38,0.980163,0.984547,0.982426,1.0,1.035875,1.242899,2.278774,2.914576,0.033347,0.012456,0.032453,0.0,0.216935,0.596055,0.785044,1.201568,1.0,True
0.003,0.75,10,37,0.977065,0.979865,0.979841,1.0,1.053579,1.293588,2.347167,2.960424,0.032668,0.020947,0.031776,0.0,0.199604,0.57082,0.73588,1.096756,1.0,True
0.003,0.8,10,37,0.974441,0.975243,0.98283,1.0,1.048127,1.228151,2.276279,2.90331,0.044944,0.035467,0.02954,0.0,0.212662,0.599059,0.783786,1.127508,1.0,True
0.003,0.6,10,37,0.967408,0.973689,0.975822,1.0,1.046035,1.340797,2.386831,2.93823,0.061632,0.041298,0.043789,0.0,0.243846,0.638547,0.832848,1.175914,1.0,True
0.003,0.7,10,37,0.96247,0.971146,0.970503,1.0,1.107453,1.30389,2.411343,3.081497,0.07493,0.039645,0.06475,0.0,0.209391,0.541291,0.715935,1.128904,1.0,True
0.003,0.65,10,37,0.931454,0.956281,0.951651,1.0,1.07564,1.402627,2.478268,2.958217,0.093995,0.052069,0.063894,0.0,0.21882,0.59163,0.764778,1.235909,1.0,True
