window,threshold,kmer,metric,reps,f1_score_mean,precision_mean,recall_mean,extract_time_mean,fit_time_mean,classify_time_mean,f1_score_std,precision_std,recall_std,extract_time_std,fit_time_std,classify_time_std
0.003,0.65,8,manhattan,40,0.9942975000000001,0.9933549999999997,0.9954500000000002,0.4250363824250001,3.004710193325,1.6448214625499997,0.004849768035689952,0.006013614894767059,0.00394292615536567,0.1436807472698798,1.215456638470042,0.6790380567405324
0.003,0.55,8,manhattan,40,0.9924224999999998,0.9910225,0.9941175000000003,0.4579166172250001,3.0800965877,1.62428621585,0.00569297756799933,0.007164280610547488,0.004377675738539222,0.15765981053050465,1.255782188166293,0.6830272328970557
0.003,0.5,8,manhattan,40,0.9920874999999999,0.9904499999999997,0.9939824999999999,0.4499019551499999,2.9780400398499998,1.6650735977250004,0.005405798762108178,0.006272119831403665,0.00474902891558113,0.138770569862025,1.2243658307177097,0.6750295151871375
0.003,0.7,8,manhattan,40,0.9917574999999997,0.9903050000000002,0.9934349999999996,0.4340447424750001,3.2931427433250002,1.6724791733250004,0.005428268246305275,0.006173389959312759,0.005361092024234217,0.12350261444073803,1.2967792048792524,0.6812876409970987
0.002,0.65,7,manhattan,40,0.9915524999999998,0.9899049999999997,0.9935500000000002,0.5397592052,3.4006153505499994,1.5548609069499997,0.00510635539153078,0.0068960765508274255,0.0038898289462094894,0.17845723924483095,1.347575490594858,0.6147654655942618
0.003,0.6,8,manhattan,40,0.9914275,0.9897475,0.993525,0.43587627789999994,3.0163171358,1.6578972045249998,0.007087836728309954,0.008674571961656016,0.005496887231039876,0.13543739947864866,1.2576978661315064,0.6851151986936961
0.0025,0.6,8,manhattan,40,0.9913974999999995,0.9899374999999997,0.9931799999999997,0.39357324579999997,2.9765927159000007,1.4853127872499998,0.006295846718070247,0.007387990514757972,0.00523299198625463,0.14271713188541366,1.1312704595646317,0.6141613602691978
0.002,0.75,7,manhattan,40,0.9911224999999998,0.989355,0.9932574999999998,0.5869844579750002,3.480655366900001,1.5862938979999996,0.006979511683014319,0.0083617551218598,0.005791367913342438,0.17630660836103745,1.395263395656322,0.6649136372116405
0.0025,0.65,8,manhattan,40,0.9909749999999997,0.9895824999999998,0.9927674999999999,0.412873518925,3.1254599221999997,1.506801716975,0.0066769696028155705,0.008135672871798805,0.005112899097330912,0.12273102017488255,1.1956833367313557,0.623520728495378
0.0025,0.7,8,manhattan,40,0.9909125,0.989485,0.9927100000000001,0.39897663342500006,3.1150285759749994,1.4072964466749998,0.0062290958104194065,0.007823585314897972,0.00532569003594599,0.1345198109823902,1.2561892117731137,0.5841838892604696
0.0025,0.65,7,manhattan,40,0.990515,0.9892125000000002,0.9921599999999998,0.584511918275,3.6485462043249997,1.6427516155500002,0.005405436484664642,0.0063187221809476645,0.004922048770843716,0.1749752545551121,1.4102916530610932,0.661631214640632
0.002,0.5,8,manhattan,40,0.9904625000000001,0.9893300000000002,0.9920250000000003,0.389633920925,2.901910498175,1.42517604025,0.008765570395529,0.010495473994011621,0.006947929040276532,0.14035103279702074,1.188971377934777,0.6059203919298936
0.003,0.75,7,manhattan,40,0.9902875,0.988865,0.9921474999999997,0.6128722732749999,3.8949087337000003,1.8006799173499999,0.006966299370761839,0.00798548523002669,0.006353516591378591,0.18462273075752025,1.5246551811767537,0.6877556877059373
0.0025,0.55,8,manhattan,40,0.9901724999999999,0.9882325000000003,0.9925274999999998,0.42068248102500005,2.7856435537750004,1.5145785920500001,0.0067174853162741644,0.008389260151970243,0.005262298781097334,0.14285142494109787,1.060695067681584,0.6281939431189578
0.002,0.7,7,manhattan,40,0.9900899999999998,0.9889724999999997,0.9915899999999999,0.53117908375,3.3153002693999993,1.499023930625,0.0067067818718758955,0.007585985306927716,0.006027067152565864,0.17095394176351936,1.2537704227530808,0.5899448997061213
0.003,0.65,7,manhattan,40,0.9900049999999998,0.9883249999999999,0.9920424999999999,0.5842570608500001,3.8427325014749996,1.7824099456750002,0.007206441207128167,0.00880744877056653,0.005771854232571306,0.1789057756273367,1.4907666045449008,0.7533398682576231
0.003,0.7,7,manhattan,40,0.9897749999999998,0.9884849999999996,0.991455,0.6211600211749999,3.891720861024999,1.7717736072000005,0.007052431840988954,0.007808461879466213,0.006968719486537776,0.18368065707018597,1.5635856182356924,0.7476487453111784
0.002,0.55,8,manhattan,40,0.9896749999999997,0.9883275000000001,0.9915050000000001,0.3693541144,2.9705119377250004,1.3476294143249998,0.007605657475920519,0.009391048315365996,0.005976232841377503,0.13574713286366574,1.246515617332139,0.5954417955704595
0.002,0.6,7,manhattan,40,0.989485,0.9878149999999998,0.9915600000000001,0.5453987009249999,3.41542797055,1.5471537270000006,0.005994465396064545,0.00773521915556472,0.005121488165137259,0.17218850183485795,1.384938953333062,0.6267937520757992
0.0015,0.5,7,manhattan,40,0.9894574999999998,0.98763,0.9917624999999998,0.606480134175,3.880571061925001,1.7449434027500001,0.0067927898237575115,0.008377540181173674,0.005523640916493314,0.18059410219969974,1.5368848966968203,0.6730432245804865
0.0025,0.6,7,manhattan,40,0.9894449999999999,0.9878749999999998,0.9915075,0.5981910384000001,3.6375820113750015,1.6920183588749995,0.007714952182579432,0.0093193416186514,0.006434577566673557,0.17533949508596844,1.4659854190654038,0.679013934265894
0.003,0.75,8,manhattan,40,0.9892050000000001,0.9873274999999999,0.9916525,0.42128182837500006,3.2583996245749995,1.5884511116500002,0.0074533059262832605,0.009372654920373964,0.005527923869563722,0.12386243816852685,1.329024633819143,0.6737980122439217
0.0015,0.6,7,manhattan,40,0.9891425000000001,0.9871525,0.9916175000000003,0.5571057971,3.600985751475001,1.6240520451749998,0.006752621048573736,0.00855956467560691,0.005013105261110564,0.1758860483973719,1.3917126734610181,0.6385771036668331
0.0025,0.55,7,manhattan,40,0.9890800000000001,0.9873825,0.9911600000000002,0.5821712440750001,3.4875027032999997,1.6315459095000002,0.008070179358093286,0.009772249760654677,0.006681578195268486,0.17642910606404366,1.367473453783843,0.6422558938050552
0.003,0.6,7,manhattan,40,0.9890399999999996,0.9875000000000002,0.9909874999999998,0.5954912916499998,3.8768585032750003,1.792918937225,0.0072619062271060755,0.00860327904094771,0.0062164045796131995,0.1664279529015711,1.5314670914965562,0.7153518841058754
0.002,0.8,7,manhattan,40,0.9890000000000002,0.9870474999999999,0.991365,0.5554907423,3.5794919983,1.5905244842749997,0.007176457236097654,0.008488211659677627,0.005958426483044518,0.16952670112293808,1.4379640598431176,0.689890849461702
0.003,0.8,7,manhattan,40,0.9889974999999998,0.9871099999999998,0.9913300000000002,0.6164377867249997,3.901090157,1.7849380401250006,0.0069606397989162155,0.008387866694953346,0.0057924442385240285,0.1654450632829809,1.5079578878730155,0.6956982298349095
0.0025,0.5,8,manhattan,40,0.9889424999999997,0.98661,0.9918924999999998,0.44253708659999996,2.8007398489499997,1.5205066840249999,0.009393065841216916,0.011169252666503938,0.006898992401347179,0.12685819532372966,1.1068186143448595,0.6018320573113395
0.0015,0.7,7,manhattan,40,0.9888624999999998,0.9869600000000002,0.9912100000000004,0.5440834997249999,3.441130065875,1.5640510117999997,0.0069418717456701425,0.008704811519484138,0.00531378468629542,0.17492241724239135,1.3120677708764312,0.6017779844879515
0.002,0.55,7,manhattan,40,0.9888525000000001,0.98708,0.9910950000000002,0.5422975756749999,3.4135071055000004,1.5568318869,0.006586426894057908,0.008090710088959412,0.005133946849784311,0.18532364601904244,1.3718977522508595,0.6318205251055272
0.0015,0.75,7,manhattan,40,0.98863,0.9865550000000001,0.9911825000000001,0.5347269658499998,3.421051555500001,1.5275871159499996,0.00812830445624015,0.009611823648307016,0.006627096185068824,0.1637847820620743,1.405220705633296,0.6035907595589314
0.003,0.5,7,manhattan,40,0.9884324999999998,0.9854249999999999,0.9920024999999999,0.579970730475,3.6592737726749993,1.7037117060249998,0.007700029553722848,0.009616965511065625,0.005755019548185742,0.18859843651131483,1.5788437127422996,0.7140428674846481
0.0015,0.65,7,manhattan,40,0.9884249999999997,0.9866449999999999,0.9906750000000001,0.5631851949749999,3.50039971145,1.5724448527500003,0.0067275457482555805,0.008285543480619172,0.0059446485307245965,0.16264698874105252,1.3469985055872111,0.6334241861275309
0.0025,0.75,7,manhattan,40,0.9884099999999997,0.9872074999999999,0.9901449999999998,0.5802824092000003,3.6579110816500005,1.6641920058750004,0.007006363408011916,0.007712240936096991,0.006541737791545402,0.18153792442974767,1.4861375670914938,0.6485116487560392
0.002,0.5,7,manhattan,40,0.9883875,0.9870324999999998,0.9901425000000001,0.5690950067499998,3.4660834393999997,1.5797706873250004,0.007591735975928363,0.00890048651796127,0.0066671366821493576,0.17588911758092393,1.4131551013333918,0.6640367194949127
0.0025,0.7,7,manhattan,40,0.9882525000000001,0.9861975000000003,0.9907324999999997,0.585148806925,3.660873231925,1.659579618375,0.007569438806553228,0.009243611445971894,0.0061774771840108315,0.15094607224193185,1.389887417580537,0.6566954686240374
0.003,0.55,7,manhattan,40,0.9882399999999997,0.9862024999999999,0.9907725000000001,0.616291318275,3.8670534132749994,1.8040361624499994,0.008772445204832852,0.010204485878832019,0.007470694455070805,0.18368087026588203,1.5230386557127948,0.7445473785013084
0.0015,0.8,7,manhattan,40,0.9881824999999997,0.9858274999999999,0.9910725000000001,0.5345013137750001,3.6206463310499983,1.5269925627249998,0.007226017362494842,0.009411204111085513,0.005245999085994621,0.17923799644711663,1.532775159356396,0.6196488065837928
0.0025,0.5,7,manhattan,40,0.9879199999999997,0.9857400000000001,0.990645,0.5637623597500001,3.5409735426249993,1.67033522135,0.007500605103795095,0.009493366104812355,0.005823028994146152,0.1867485844639965,1.451070668517335,0.6524706135843366
0.003,0.8,8,manhattan,40,0.9878425000000002,0.9857699999999999,0.9904624999999998,0.41854689359999986,3.3078234205250006,1.492945831325,0.007368953844965428,0.008960860764515074,0.005803256711669612,0.1193142985163824,1.3450784917743737,0.6369470108016824
0.0015,0.55,7,manhattan,40,0.9872049999999998,0.9852650000000001,0.9897150000000001,0.593719821575,3.7398104551499998,1.645179795125,0.0077549306069073665,0.009626527184869197,0.006150445053731833,0.18244119651174937,1.4542330121833502,0.6569200322435983
0.002,0.6,8,manhattan,40,0.9871849999999996,0.9851349999999999,0.9898350000000005,0.36021746127499993,2.8832734475999997,1.311133598175,0.008040492075769538,0.009998578104038792,0.006281946048307489,0.12492033905910292,1.2100649995394304,0.5724786299626269
0.0025,0.8,7,manhattan,40,0.9863474999999997,0.9837824999999999,0.9894724999999998,0.5804540633999998,3.7257733350000004,1.6803036670250004,0.007125972268345619,0.008922540959809997,0.005593127078193421,0.1684602201013621,1.4921813189436628,0.6957177375223257
0.002,0.65,8,manhattan,40,0.9858774999999997,0.9829675000000002,0.9894299999999999,0.3442285131499999,2.875245098549999,1.191861907675,0.006984359357952996,0.008649185155039395,0.005668545691481215,0.12773266773158287,1.202206737326715,0.48163352826159805
0.0025,0.75,8,manhattan,40,0.9841625,0.9816050000000001,0.9875025000000001,0.3779295101750001,2.9936084031749997,1.336583316575,0.010409085959526925,0.012314343315096067,0.008136542688579529,0.12937895587604498,1.2430533695158485,0.5748906941434523
0.0015,0.5,8,manhattan,40,0.9833649999999997,0.9806625,0.9870325,0.439696338875,3.25660038035,1.3291221076500002,0.010318754397101063,0.011860982955331598,0.008631141811739572,0.10060362322316013,1.301196390371743,0.5553934422154534
0.002,0.7,8,manhattan,40,0.9822024999999999,0.9794074999999995,0.9859674999999999,0.3397449696,2.5289898522,1.0844986595000001,0.012122187487709452,0.013926683252313032,0.009928962749555015,0.12038175351254232,1.0458745637386146,0.456924138303076
0.0025,0.8,8,manhattan,40,0.9812999999999998,0.9783399999999999,0.9852374999999999,0.38556095465,2.7957661204249997,1.1925399864499995,0.01152920483392346,0.013807649310696569,0.008854310481486638,0.12099504372401804,1.2332769405607285,0.5208034487282891
0.0015,0.7,6,manhattan,40,0.9805274999999998,0.9779249999999997,0.9839849999999997,0.7180206651250001,3.1091658951750003,1.5864561540000002,0.010456037085744366,0.012872147431069124,0.00837442841524431,0.1911400115696571,1.1597996754614852,0.6163736257624775
0.0025,0.8,6,manhattan,40,0.9799300000000001,0.9770674999999999,0.9836174999999999,0.7438019809249998,3.266820130975001,1.6888420624999998,0.009043065057878642,0.010009185204677664,0.008255499720854308,0.19938775773335518,1.316500640647242,0.6841820740669328
0.002,0.7,6,manhattan,40,0.9787125,0.9764175000000002,0.98194,0.692957379675,2.931548697724999,1.521831699825,0.012634916770397494,0.013634193205282603,0.011695206118484885,0.18584750731223681,1.1228447698736919,0.5877440724328059
0.0025,0.65,6,manhattan,40,0.9786874999999998,0.9762124999999999,0.9821150000000001,0.7304380844000002,3.1552461580250015,1.6478296709750002,0.010064234402206867,0.011911192484812622,0.008546840771857587,0.19196702409892294,1.2766397904628246,0.6401546690497298
0.0015,0.55,8,manhattan,40,0.9784200000000001,0.9742700000000004,0.9838749999999999,0.36029990354999997,2.8951776585999998,1.1393486845499998,0.010275667050529284,0.012050858039458413,0.008308375446746646,0.12256466125212825,1.282756765602801,0.45800497406118773
0.0015,0.65,6,manhattan,40,0.9782800000000001,0.9754275,0.9821674999999999,0.722335226125,3.159046065875,1.5830066296,0.010521484734848067,0.012045447858114861,0.009312147773411146,0.18697998516863065,1.2514830994169475,0.6474093756000814
0.002,0.8,6,manhattan,40,0.9774924999999998,0.9745925000000002,0.98153,0.7155671083499999,3.0886987013999994,1.5823708139,0.010661730929368658,0.01203246436595383,0.00908837521796741,0.2123687051511893,1.2712720028820912,0.6242716079776015
0.0025,0.7,6,manhattan,40,0.9774625000000002,0.9752249999999998,0.9806450000000002,0.7605369243500002,3.253027473475,1.6780026221750006,0.010932512965626423,0.012290766807565287,0.00974221451158532,0.1983211376908173,1.3019897019915558,0.6696080424041897
0.003,0.8,6,manhattan,40,0.9773549999999996,0.974585,0.9812324999999997,0.77499796565,3.48265111925,1.7736321605750003,0.008519659015687759,0.009514079984355711,0.00843482972940785,0.20232879261358794,1.4011989524973791,0.7082666901131485
0.003,0.6,6,manhattan,40,0.9773275,0.9745125000000001,0.9810075000000001,0.7459230328000002,3.4591294490749993,1.8044743794750002,0.011849721137041212,0.012978447370692921,0.010840815266437556,0.20294001598812642,1.287326606751371,0.738357123996806
0.003,0.65,6,manhattan,40,0.9772924999999999,0.9744425,0.9812275000000001,0.7609914292000002,3.4086194418250004,1.7483857596250005,0.010612411396144869,0.01156845595042497,0.009695835413154155,0.20794643119387118,1.3809898177092297,0.716996532670292
0.0015,0.6,6,manhattan,40,0.9772424999999998,0.9737525,0.9816400000000002,0.7364421351250001,3.1855039937999994,1.6334894357249996,0.01162450743373341,0.013404572268159387,0.009964058487306337,0.18621323936037018,1.31327040688568,0.6910335286081684
0.0015,0.8,6,manhattan,40,0.977055,0.9746625,0.9805699999999999,0.6732456928499998,3.0917257288750006,1.576787231025,0.011237459106910567,0.012922603681048021,0.010422785689942088,0.2197178577847323,1.3115333963594817,0.653573252787725
0.003,0.75,6,manhattan,40,0.9770099999999996,0.9733824999999999,0.9817224999999998,0.7778374588749999,3.414120994875,1.7736013695750004,0.00961181964682427,0.010037312121050366,0.00935741821449835,0.19017488876104804,1.3284323901293378,0.7087337876969577
0.0015,0.5,6,manhattan,40,0.9767499999999997,0.9728275000000002,0.9819825000000002,0.760540877925,3.2930435971500005,1.771935973975,0.009303735119804691,0.011326754972415014,0.007072115249525008,0.19818446617537683,1.3313133508281565,0.7346608370906302
0.0025,0.55,6,manhattan,40,0.9764950000000001,0.9733499999999999,0.9808225000000002,0.724561354725,3.175850136725,1.6475916498500003,0.011912672631730006,0.012945150562157365,0.011171265509194696,0.1894414597192429,1.2446465790860934,0.6392331557766554
0.002,0.75,6,manhattan,40,0.9764074999999997,0.973315,0.9808850000000001,0.7136713367500002,3.0763998844750007,1.6332947233500001,0.009193096280947421,0.011342987215648219,0.007314563975647913,0.22754718906783644,1.145771817078653,0.61884664311886
0.0025,0.75,6,manhattan,40,0.9763250000000001,0.9720650000000001,0.9816549999999994,0.75609083585,3.19798543685,1.678545302825,0.011402873007295686,0.01289340021990977,0.009929622865769382,0.18910292274302995,1.2211202848382994,0.6534761414873137
0.002,0.65,6,manhattan,40,0.9762725000000001,0.97332,0.9805525000000002,0.697738380425,2.9621220731,1.570063156925,0.012470847800843177,0.014272534139711518,0.01016898218692259,0.20630166906659744,1.1796580185458976,0.6034979511130953
0.002,0.55,6,manhattan,40,0.9762499999999997,0.9726500000000001,0.9810450000000003,0.702370042575,2.9951265776000007,1.5485938608749998,0.010381541805358692,0.011813269375297149,0.00877180652679879,0.2181498195631941,1.2774879598721787,0.6291842820949336
0.002,0.6,6,manhattan,40,0.9762299999999999,0.9727799999999999,0.9809100000000001,0.694122682325,3.0348247667500003,1.5677495859749997,0.009750850061562679,0.011098075601259976,0.008303653814235434,0.20839144219904893,1.2568201786510675,0.646640737579764
0.0025,0.6,6,manhattan,40,0.9761524999999998,0.9729850000000001,0.9805275,0.6985649867999999,3.1284150297749997,1.6662803016249998,0.011406048496639497,0.013086978260851511,0.009680908717147564,0.2035866854565616,1.184565337681868,0.6485832343850426
0.003,0.55,6,manhattan,40,0.9757925000000002,0.9723550000000001,0.9805400000000001,0.77855389035,3.422889101249999,1.7535929273749997,0.01234683365410141,0.014133284046841974,0.010537376698795007,0.2094705916921119,1.376913406803713,0.6859947665184084
0.0015,0.75,6,manhattan,40,0.9756350000000001,0.9720474999999998,0.9806800000000004,0.67123633085,2.9784818494000005,1.5513895543499996,0.011972437362970689,0.014089985305082325,0.009900458419844856,0.19666777274281388,1.2050842716047994,0.6093854479264883
0.003,0.7,6,manhattan,40,0.9755824999999998,0.972215,0.9802774999999997,0.7710558065500001,3.438838606075001,1.76690923695,0.00940771335196925,0.011527282020026695,0.007685100052732743,0.19647682222304902,1.3271473168335473,0.6789909868720717
0.002,0.5,6,manhattan,40,0.9751299999999998,0.9719275000000003,0.9797550000000005,0.699487793925,3.0315511891,1.5951033369999998,0.01015498361927248,0.012457681957073306,0.008226752794296268,0.19866096601455158,1.2425501956134093,0.6604151179692203
0.003,0.5,6,manhattan,40,0.9748850000000001,0.9708475,0.9803600000000003,0.7462877722250002,3.2645012379499994,1.73636565915,0.011765934095013662,0.014040563716859075,0.009382356600802139,0.21123935385707854,1.3064229869682022,0.7310337571563437
0.0015,0.55,6,manhattan,40,0.973545,0.9697249999999998,0.9785624999999998,0.7460441929249998,3.3193707435,1.708942348,0.015158173728033032,0.017125895072996392,0.01313069778644587,0.2014066239467795,1.2999957455828763,0.7177368214139083
0.0025,0.5,6,manhattan,40,0.9730874999999998,0.9696499999999999,0.9780199999999999,0.7471414261999999,3.1609594211250007,1.6618613110749998,0.013772030137295083,0.015876429877054402,0.011246291696513878,0.20579861529464483,1.2041983336674131,0.6779683081288463
0.002,0.75,8,manhattan,40,0.971255,0.9674299999999999,0.9766449999999999,0.33673907599999997,2.524455358250001,0.9645442867500001,0.01307067475157799,0.01485321686645864,0.011754627021316175,0.11838383976743234,1.0463776161128586,0.4230905874293745
0.002,0.7,5,manhattan,40,0.9602175000000003,0.9559700000000001,0.9665799999999998,0.625689046775,2.016154211425,1.4741773891750003,0.013179352295279032,0.013863070293002122,0.012017982253102948,0.23117559056034442,0.8571759675206687,0.6058564030871931
0.0015,0.6,8,manhattan,40,0.9598274999999997,0.9552299999999999,0.9677750000000002,0.3797018052999999,2.5729169888000003,0.9922283358999999,0.01675494550029778,0.01773329766720918,0.01446856450980398,0.1172803786300874,1.1832412813048312,0.41064807228287054
0.002,0.8,5,manhattan,40,0.9566500000000003,0.9529549999999999,0.9624625,0.6086285623500001,2.2172822415250004,1.5546462168999995,0.012761420224796547,0.014354717798581858,0.011582738870560362,0.21868784168273667,1.0265394337572957,0.6398785367263222
0.003,0.7,5,manhattan,40,0.9562649999999999,0.9528075000000001,0.96219,0.658549639825,2.288667078825,1.7009855180750004,0.01581381333858764,0.017210765675245397,0.014145866479701364,0.24268962093344212,0.9462132979037199,0.7094176218944811
0.0015,0.65,5,manhattan,40,0.9556224999999999,0.9510225,0.9624875000000002,0.611309112375,2.23648561965,1.5304000422750001,0.014772192995538473,0.015999398826846985,0.013597137472126153,0.19684184433149557,0.879665646115747,0.6082988582160999
0.002,0.75,5,manhattan,40,0.95549,0.9516200000000001,0.9619375000000001,0.6226688062500002,2.1044674429749994,1.5510509775749999,0.014762353366691799,0.017089615980441876,0.012081426463154724,0.20580036245435387,0.8222896409678235,0.6554044588671635
0.003,0.8,5,manhattan,40,0.9550474999999998,0.95107,0.961355,0.675572676625,2.3185843671499993,1.69538198375,0.017161719289580483,0.018372892518250344,0.016182325749615433,0.21575548988583942,0.9480271814035673,0.6601416860852212
0.003,0.75,5,manhattan,40,0.9547925000000002,0.9496224999999999,0.9625149999999998,0.6582802072499999,2.323449787850001,1.7422144084249997,0.011670967430733021,0.012589504939249384,0.011257784770935968,0.2091053950095945,0.9375007406627676,0.7006312854784764
0.0025,0.8,5,manhattan,40,0.9546674999999999,0.9503749999999999,0.961065,0.655203957275,2.1907556126750003,1.5697162747249995,0.011358547837393608,0.012165878091760972,0.011024298338041921,0.2366493555406978,0.9590956186512231,0.6885421701647855
0.002,0.65,5,manhattan,40,0.9545175000000002,0.9510599999999998,0.9602550000000001,0.6083945487250001,2.025247756425,1.50129418185,0.013716542277530525,0.014866013553550887,0.013184780464514226,0.20194072410763594,0.8373630833327897,0.6490390750384523
0.003,0.65,5,manhattan,40,0.9541449999999998,0.9502775,0.960825,0.6370378654500001,2.3145191363500004,1.6918139845,0.014910673341173419,0.016615230694325044,0.012993977895104395,0.2422456602902769,0.9571505169190564,0.7042540899540726
0.0025,0.65,5,manhattan,40,0.9531575000000002,0.9490075000000002,0.9593475,0.599264605275,2.1272053868249996,1.61154563995,0.014794435674370176,0.014315051922311058,0.015332000847899785,0.21727402196416404,0.8563082104106452,0.6737654211115559
0.0025,0.75,5,manhattan,40,0.9530399999999999,0.9490475,0.9592099999999999,0.6621546925750001,2.2040373380999996,1.6416922318500002,0.018535839159135287,0.019644115547436218,0.016822905630305182,0.21201561649938655,0.9406931090174787,0.6706497479440979
0.0015,0.7,5,manhattan,40,0.9526850000000001,0.9478400000000002,0.9603100000000001,0.5988586451250001,2.3231836217499997,1.5526256501500002,0.011266390908474812,0.012111486389543711,0.01056964206268752,0.18363788101663664,0.8723048114672719,0.595350006911621
0.0025,0.7,5,manhattan,40,0.9507749999999999,0.9463749999999997,0.95809,0.6244936186,2.1442940410499998,1.608549959075,0.016985087728010266,0.01814465733331962,0.015003466266166625,0.19176979412189607,0.8314745567186411,0.6276136474411356
0.0025,0.55,5,manhattan,40,0.9493150000000004,0.9469400000000002,0.95454,0.5916779687249998,2.1328028209000007,1.6176142662749995,0.0195858602843205,0.018810141836186033,0.02054374694308559,0.22022368328176165,0.8992160869341332,0.6359519004721048
0.0015,0.6,5,manhattan,40,0.9492950000000002,0.9455624999999998,0.9559249999999997,0.6569914125749999,2.204279952725,1.611664146775,0.016549164515281312,0.017874644518609775,0.015398563869100563,0.21666490292479113,0.9156838222267182,0.6479549699505748
0.002,0.6,5,manhattan,40,0.9485199999999999,0.9442475000000001,0.956065,0.5740039254249999,1.9994925765749998,1.5066728637250004,0.01633693628497973,0.017587509954801923,0.015649355684287235,0.21126532271608292,0.861085119036322,0.6165522563759666
0.003,0.5,5,manhattan,40,0.9478250000000003,0.94321,0.9553050000000001,0.6921301116749998,2.315132147300001,1.6141487486250004,0.01702478961803821,0.018166407431695435,0.015998604907127338,0.24250782713392968,0.9877864813618566,0.672953953560292
0.002,0.55,5,manhattan,40,0.9476574999999998,0.9446025,0.9532775000000001,0.5891101291250002,2.0694811237749997,1.5135572523999996,0.017738844634709417,0.01752772876447561,0.01840251498280352,0.2233156840226487,0.8610438671989802,0.6432465673771645
0.0025,0.5,5,manhattan,40,0.9467550000000002,0.9429700000000002,0.9531700000000001,0.6529878017249999,2.2227610690749993,1.5629474237750003,0.01646221703609783,0.017561455462139747,0.015359023072565188,0.2086200844309724,0.9145883271826011,0.6295743369358264
0.003,0.55,5,manhattan,40,0.9465675000000001,0.9438725000000001,0.9523599999999997,0.5763865810000001,2.3264404111749997,1.708790981474999,0.016234789923068108,0.01839190161108403,0.014050728605982476,0.21435617085534406,0.9606688319780702,0.7203877543066733
0.003,0.6,5,manhattan,40,0.9464099999999999,0.9423499999999999,0.9537875000000001,0.6147556973999999,2.3329227938500003,1.7599022283500005,0.018525724318861653,0.01883730613872648,0.018289301727849205,0.21594357537879483,0.9728487725247452,0.6755592850245673
0.0025,0.6,5,manhattan,40,0.9459024999999996,0.9418525000000001,0.9525949999999999,0.64179498485,2.1230358380250003,1.56927847355,0.01870933521958957,0.01854632436457148,0.019382968336621238,0.21310163550864525,0.8945671816627411,0.6416672492321094
0.0015,0.55,5,manhattan,40,0.9443800000000003,0.9401675000000003,0.9514175,0.6511964396250001,2.2297951221500005,1.6106469240999999,0.015924746103518843,0.016943259570454405,0.014913646951185869,0.23152170997110688,0.993639989240562,0.679438672539017
0.0015,0.5,5,manhattan,40,0.9443624999999999,0.9420000000000002,0.9497699999999998,1.827764218075,8.215941684424998,3.603263807524999,0.015124995232039922,0.017194677172803305,0.013364729701718618,0.4149457762160189,2.018587238866427,1.0184857005133399
0.002,0.5,5,manhattan,40,0.9443349999999999,0.9423774999999999,0.9499975,0.6381099388000002,2.136675870175001,1.4791973838499997,0.02482193560501451,0.021633609743009145,0.026897473787585436,0.2223991391719335,0.9227503213734696,0.6322211196418535
0.0015,0.75,5,manhattan,40,0.9400800000000002,0.9348999999999996,0.9489074999999998,0.5946938845499999,2.371316819675001,1.4926328523000005,0.01796833682356629,0.01886993267010667,0.016694085971093377,0.19870274915090902,0.9946852359621993,0.5795361363580197
0.002,0.8,8,manhattan,40,0.9333225000000003,0.9277475,0.9454549999999997,0.338493252525,2.0849282563499996,0.8065247424,0.02532174992433913,0.02580988667158382,0.021789587609799505,0.13773663061174582,1.0057773330853395,0.3739710158876658
0.003,0.5,9,manhattan,40,0.9213149999999999,0.9162874999999999,0.9360274999999998,0.4648309371499999,1.7765056922,1.0534046865,0.032246737461688685,0.03018970097354055,0.026846190461733897,0.12149530071655346,0.769533632024867,0.4557695480951684
0.0015,0.8,5,manhattan,40,0.9206249999999999,0.9142925000000004,0.9337750000000005,0.54608510055,2.52559603225,1.4447793173249996,0.023429389280373542,0.025237816431005436,0.018109180983618106,0.1785441863246644,1.0378750375380839,0.6285691550571064
0.0015,0.65,8,manhattan,40,0.9106575000000001,0.9093125000000001,0.9228224999999997,0.32585540945,2.1389579891000006,0.75640977865,0.03459825019660195,0.031052281699062764,0.0312742499756343,0.11818096176239082,0.9860264205903896,0.3439501718638421
0.003,0.55,9,manhattan,40,0.8625849999999999,0.8640699999999999,0.8846875000000003,0.46434366280000006,1.5794196757500008,0.917274427175,0.059063848763598464,0.04961856145663274,0.04862824012011423,0.14052081467007818,0.7519233659142455,0.43606841235949423
0.0025,0.5,9,manhattan,40,0.8110250000000001,0.8209500000000001,0.8366425000000002,0.42109415804999994,1.33663769295,0.75984223405,0.05157204445463422,0.04034202491644382,0.04700898925219324,0.11370154304613353,0.5771570056931672,0.366051385368325
0.003,0.6,9,manhattan,40,0.7939700000000001,0.8043725,0.8213849999999999,0.46452958705,1.3087250690249996,0.7625113820000001,0.06629973972180801,0.053817016599222826,0.061258847817253596,0.1248291109468106,0.5751393562182703,0.35304469070245503
0.0015,0.7,8,manhattan,40,0.76884,0.7847675,0.7906825000000002,0.3331866473249999,1.6076246262749998,0.542307422075,0.053046098964811876,0.04203318217606363,0.04653486086409869,0.11327704983533354,0.832165480749133,0.2657286082439116
0.0025,0.55,9,manhattan,40,0.7281925,0.7513025,0.7548374999999999,0.430526961125,1.1302172481750001,0.605522003325,0.0632651902809282,0.04408957367008958,0.05551931374501983,0.1313485877909093,0.4853434116133367,0.30243031557687106
0.003,0.65,9,manhattan,40,0.6810449999999999,0.718745,0.7150424999999998,0.4520383927000001,1.0554210197749998,0.63801553705,0.08082484052662181,0.05390482567237585,0.07433167488376433,0.12745762061577223,0.49347976187032694,0.30217592742464017
0.0015,0.75,8,manhattan,40,0.6210424999999999,0.671465,0.6484599999999999,0.33340724612499995,1.05388673265,0.38923689182500004,0.06102998375115846,0.04821254518090195,0.05850511614709105,0.10917734894598945,0.5387987870115145,0.20302074957756555
0.0025,0.6,9,manhattan,40,0.6096024999999999,0.6597975,0.6493074999999999,0.45816884010000003,0.8307790475999998,0.505250898675,0.0668683953843821,0.052235961124644625,0.060225696821973825,0.13057504737104103,0.3957607298532433,0.2563267151891604
0.002,0.5,9,manhattan,40,0.5989575,0.6504975,0.63567,0.40984035147500003,0.827209693875,0.46966284125,0.06959007771706154,0.057974523527193636,0.06485314060362725,0.1208218709080117,0.4409325242091823,0.23653341535279068
0.003,0.7,9,manhattan,40,0.5822700000000001,0.6371074999999999,0.6214624999999999,0.4443190905749999,0.7510755451500001,0.49257858405000016,0.08789665610161831,0.06262116619105879,0.07967945296222216,0.11673716278354293,0.3745542501003184,0.24129679406274898
0.0025,0.65,9,manhattan,40,0.5179900000000001,0.5843125,0.5580300000000001,0.4333116762499999,0.5871130833750001,0.4225613766000002,0.07906412781845068,0.05938594838330542,0.0741959436309159,0.13451071663553826,0.31268519621450375,0.20342509796165012
0.002,0.55,9,manhattan,40,0.5179849999999999,0.5867150000000002,0.5532625,0.41117684285000006,0.5699975928000001,0.3754454584749999,0.0711200233264073,0.05731684564656184,0.06690178675127309,0.12908314875942503,0.31611799595534146,0.210158835478095
0.0015,0.8,8,manhattan,40,0.5097874999999998,0.5883225,0.5348324999999999,0.34078663422500005,0.6278343999,0.3240921334,0.06229350786233564,0.05023578501580169,0.06210370312878043,0.12189644691778893,0.3658090323239937,0.15094823459753823
0.003,0.75,9,manhattan,40,0.4988575,0.5647174999999999,0.5384074999999999,0.44190282545,0.5160579054250001,0.41140792370000023,0.0764124532993855,0.06950924265234491,0.07374828077092148,0.13438961291923948,0.25945242584113276,0.20976416088168584
0.0025,0.7,9,manhattan,40,0.4650299999999999,0.5486624999999999,0.5040500000000001,0.43969288569999987,0.44309763242500005,0.35190699415000004,0.08771647566201064,0.07211581030643589,0.08058380889738495,0.12975945271711778,0.23464772110214088,0.17823354699981317
0.003,0.8,9,manhattan,40,0.4588324999999999,0.5342550000000001,0.4924975,0.44634650807499987,0.37569905345,0.3633987001000001,0.0823982025802841,0.06589198601129595,0.0803202005038232,0.1222878018932719,0.23457355158653842,0.17718260852335613
0.002,0.6,9,manhattan,40,0.44837999999999995,0.53362,0.4857699999999999,0.41322390155000005,0.4125371588749999,0.354465281675,0.07574398918353785,0.057710609609832236,0.06908791946052953,0.12398071585084271,0.26206845011014795,0.18764619551756243
0.003,0.5,10,manhattan,40,0.42071249999999993,0.5150825,0.47451999999999994,1.2284836183750003,0.690849949425,0.5899148725750001,0.08987064546706375,0.08436880541363066,0.08255130246374999,0.23931191518593925,0.34514355215767156,0.2568231003441972
0.002,0.65,9,manhattan,40,0.40302249999999995,0.4935299999999997,0.4428925,0.40717657845,0.3218551283250001,0.2997149360750001,0.07095778263634417,0.06766782062929136,0.060201023875354705,0.12168160728817613,0.1999791941692982,0.14778157784201906
0.0025,0.75,9,manhattan,40,0.3981324999999999,0.4876325,0.4377375,0.43295946099999993,0.34642036889999994,0.3434202909999998,0.08019397760974194,0.06264913033754964,0.0729818582567982,0.14109800149099655,0.18930264024338675,0.1851483676870999
0.0015,0.5,9,manhattan,40,0.3687350000000001,0.4682525,0.40888749999999996,0.4817589842,0.43609276700000005,0.36761327495,0.08156068544498883,0.07791264663974815,0.07440070714958948,0.13937669191196864,0.27373642307686213,0.21606687589952112
0.003,0.55,10,manhattan,40,0.36578500000000014,0.45875750000000004,0.421715,1.236065197125,0.5530987337249998,0.510325206975,0.10088543019505357,0.08795381622454784,0.08732569026058243,0.22232210145473,0.28714869227468187,0.24511782528809126
0.002,0.7,9,manhattan,40,0.3604974999999999,0.44876750000000004,0.39493249999999996,0.41892364297499984,0.28314016555,0.3112695049,0.07955085613328407,0.0595485037703052,0.07276429241049484,0.11222316583657563,0.16861191019989163,0.15682686748553817
0.0025,0.8,9,manhattan,40,0.35344749999999997,0.4460775,0.39171999999999996,0.4420926177749999,0.2834441592,0.331683369875,0.07087057900108282,0.07667984888064774,0.06297402476316562,0.12600335660794842,0.16530989992110903,0.16533299888992764
0.0025,0.5,10,manhattan,40,0.33423749999999997,0.440175,0.38699000000000006,1.2082129681249998,0.41795270772500004,0.44071364675,0.09318998154445793,0.09611751554670873,0.08299900153863453,0.21369131207288614,0.26158344388252924,0.20918596560344457
0.0015,0.6,9,manhattan,40,0.3228875,0.4215425,0.36215,0.40792405184999997,0.25285517697500004,0.3169944260499999,0.06860872033794432,0.08470329175784955,0.06213322328591552,0.11920066883819812,0.17743606935905368,0.1624557676252325
0.003,0.6,10,manhattan,40,0.31839,0.4256100000000001,0.37341250000000004,1.2007843961750002,0.4108809366250002,0.450279507575,0.09389276698610864,0.0992516403016298,0.08709201496413331,0.22465459408760255,0.2753560111614973,0.2200320759249241
0.002,0.75,10,manhattan,1,0.314,0.2923,0.3502,0.806802889,0.077475759,0.128924098,NaN,NaN,NaN,NaN,NaN,NaN
0.002,0.75,9,manhattan,40,0.31230499999999983,0.3971974999999999,0.350775,0.42297183272500005,0.22821099972499997,0.29709549009999997,0.04876652882186032,0.06375624449054745,0.04450480095104692,0.12850703214309375,0.13580044424423282,0.14023747732801842
0.0015,0.55,9,manhattan,40,0.3120650000000001,0.42418000000000006,0.3581774999999999,0.43475089005,0.333475318425,0.34710887172499993,0.08297748397097761,0.07284731908200807,0.06750658272745304,0.1289094145317422,0.1963601586938217,0.1547048602267515
0.0015,0.75,9,manhattan,5,0.30726,0.40148,0.34950000000000003,0.5016705166000001,0.250934447,0.2592682498,0.06435186865973667,0.04466096729807809,0.061670454838601604,0.13936586712334056,0.1206098595472409,0.10922111300808221
0.0015,0.65,9,manhattan,39,0.30155641025641017,0.3727435897435897,0.3310435897435898,0.4111893997435897,0.20377699094871796,0.2554621962820513,0.06632238962614356,0.0700420166940109,0.05492048699745648,0.13206885663512494,0.14201832923600402,0.14352346032774124
0.0015,0.7,9,manhattan,21,0.29536666666666667,0.352,0.329347619047619,0.4114693338095239,0.2033343298571428,0.19731423438095236,0.04988322697393717,0.060508478744718076,0.051544957261090235,0.12513778960059782,0.14135600815669516,0.13622698373961542
0.0025,0.55,10,manhattan,40,0.29442500000000005,0.3936375,0.34596000000000005,1.2164450896499999,0.391238049775,0.38874968244999997,0.07618751748490576,0.09015673158450233,0.06782839508264352,0.20831849517568615,0.2512742200507358,0.1936049488509585
0.002,0.8,9,manhattan,29,0.2897034482758621,0.34389310344827584,0.33208620689655177,0.3942586953793103,0.18888147986206896,0.20313193710344823,0.06113353932614954,0.08801996093027699,0.05276124608716089,0.13297858798323392,0.13611052679704158,0.13417760302368553
0.0025,0.6,10,manhattan,40,0.27953999999999996,0.3547274999999999,0.327225,1.2100886198249998,0.239735046175,0.34706191864999997,0.0777162419086915,0.09530671670978913,0.0671926421109198,0.231270133004591,0.16152944798637614,0.1969966544680922
0.002,0.5,10,manhattan,40,0.27446750000000003,0.3543525000000001,0.3261899999999999,1.1458237513750003,0.2835214085249999,0.369447995325,0.0731580599604684,0.07862442038431336,0.05866443818611329,0.2562873433356366,0.15804771900659315,0.20402731056173948
0.002,0.55,10,manhattan,40,0.26724000000000003,0.3450125,0.3120374999999999,1.1518069882000002,0.20788464995000006,0.32058464952499993,0.07322207807723513,0.08681772886266835,0.06414272422116807,0.24228174665329993,0.16116298530248183,0.20717297518581426
0.002,0.7,10,manhattan,4,0.26380000000000003,0.3042750000000001,0.29545,1.1027321995,0.184010372,0.18177686775,0.09250488275401106,0.10833403204902882,0.0900812411104554,0.24298877510522657,0.08137852934235723,0.09977683430299948
0.0025,0.7,10,manhattan,29,0.2624551724137931,0.30847241379310353,0.298903448275862,1.2735427413793106,0.20211798527586203,0.2691561869310345,0.06452767726336449,0.06796556321587595,0.06322358557847707,0.25255613812035055,0.12402055373076061,0.17631326765401803
0.0015,0.6,10,manhattan,5,0.26144,0.30629999999999996,0.30452,1.3451673332000003,0.229949322,0.2551332146,0.04368326910843555,0.061903029005049515,0.039987710612136816,0.13991483393793933,0.11529565528885662,0.18598996149042085
0.002,0.6,10,manhattan,36,0.2604638888888889,0.30126388888888894,0.29667499999999997,1.1899902153055555,0.18232593172222222,0.24120202680555558,0.06455335845098678,0.08048406462604979,0.06675219151030602,0.21331357637021162,0.1311432124682803,0.11767921767024037
0.0015,0.65,10,manhattan,1,0.2542,0.2596,0.3323,1.304695747,0.290285304,0.337491341,NaN,NaN,NaN,NaN,NaN,NaN
0.003,0.7,10,manhattan,39,0.25387435897435895,0.3287282051282051,0.3027358974358974,1.2220436487179487,0.29449737735897435,0.39390192871794866,0.07453253517035617,0.09936202003603303,0.07118252478914769,0.23108621839178883,0.2040021952895332,0.1966099355199072
0.0025,0.65,10,manhattan,39,0.25337179487179484,0.3203153846153848,0.3017641025641025,1.208965011051282,0.23625570471794866,0.32124036274358975,0.07203621877302216,0.09423474478930834,0.06196813479599386,0.20993239681058543,0.15264308273884492,0.17286570060250103
0.003,0.65,10,manhattan,40,0.25288499999999997,0.34801249999999995,0.31184749999999994,1.2503584358999995,0.3248583515500001,0.40963759282500006,0.08372806884683603,0.09778170398707206,0.07502692845631988,0.2174986061682246,0.21553020081726473,0.20040581642504232
0.0025,0.75,10,manhattan,13,0.2510769230769231,0.2971,0.29279230769230774,1.2043622657692308,0.1739730376153846,0.2075622430769231,0.06222518452960659,0.07358763483085999,0.04593519822420968,0.16363224778956031,0.14480626451466463,0.10045224243294613
0.003,0.75,10,manhattan,33,0.24244242424242426,0.3080242424242425,0.2860181818181818,1.269017540939394,0.22348036151515144,0.3071167991212121,0.07146573492898113,0.09008910876981409,0.06680994711935424,0.24025868335992742,0.16992887828134134,0.17328832690411375
0.0025,0.8,10,manhattan,4,0.24135,0.273225,0.2694,1.0696444997499999,0.09034210525,0.13967646975,0.05533320281109105,0.08366697377101673,0.04583223028975716,0.22513977436828606,0.060432509728363414,0.09519915792452888
0.0015,0.5,10,manhattan,34,0.24099117647058824,0.30681470588235304,0.2829529411764706,1.2632071035588233,0.17333687820588237,0.24577657935294117,0.06877170563206697,0.0917757482072567,0.07370790523490439,0.23484079019606383,0.09874271062032718,0.14859541768150378
0.002,0.65,10,manhattan,17,0.23748823529411767,0.29691764705882345,0.2863470588235294,1.242066658,0.18847947800000003,0.18438178811764705,0.06069076208898004,0.08658107642041445,0.050098828799272584,0.23587993589962583,0.16566627035373643,0.09699834721358214
0.0015,0.55,10,manhattan,15,0.23255333333333333,0.28572666666666663,0.2805533333333333,1.287292125866667,0.20861231706666664,0.22344425733333337,0.10263497640157757,0.1252949689257124,0.09120476856789786,0.23229604099479798,0.14038441652500447,0.20952749085861935
0.003,0.8,10,manhattan,19,0.20316315789473682,0.25531052631578943,0.24781052631578948,1.2007740182631579,0.2167048223684211,0.3005759978947367,0.06936695667508107,0.09063458926883172,0.071115601466414,0.22164121819158655,0.15981462542657662,0.18251584586929923
