id,y_pred
KC257460.1|I,I
OZ254504.1|I,I
OZ254577.1|I,I
OZ254240.1|I,I
OZ254318.1|I,I
OZ254822.1|I,I
OZ254491.1|I,I
OZ254740.1|I,I
OZ254575.1|I,I
KJ642613.1|I,I
OZ254339.1|I,I
OZ254563.1|I,I
OZ254392.1|I,I
OZ254735.1|I,I
OZ254297.1|I,I
OZ254411.1|I,I
OZ254332.1|I,I
OZ235123.1|I,I
OZ254664.1|I,I
OZ254573.1|I,I
OZ254530.1|I,I
OZ254654.1|I,I
OZ254480.1|I,I
OZ254490.1|I,I
OP498046.1|I,I
OZ254645.1|I,I
OZ254463.1|I,I
PP601220.1|I,I
OZ254374.1|I,I
OZ254840.1|I,I
OZ254388.1|I,I
OZ235116.1|I,I
OZ254515.1|I,I
OZ254595.1|I,I
PV294984.1|I,I
OZ254829.1|I,I
OZ254592.1|I,I
OZ254653.1|I,I
OZ254845.1|I,I
OZ254805.1|I,I
OZ254672.1|I,I
OZ254437.1|I,I
OZ254804.1|I,I
OZ254541.1|I,I
OZ254668.1|I,I
OZ254299.1|I,I
PP601198.1|I,I
OZ254540.1|I,I
OZ254364.1|I,I
OZ254746.1|I,I
OZ254839.1|I,I
OZ254431.1|I,I
OZ254538.1|I,I
OZ254461.1|I,I
OZ254434.1|I,I
OZ254681.1|I,I
OZ254516.1|I,I
OZ254665.1|I,I
KP849471.1|I,I
OZ254382.1|I,I
OZ254711.1|I,I
OZ244989.1|I,I
HQ857563.1|I,I
OZ235150.1|I,I
OZ254488.1|I,I
OZ254651.1|I,I
OZ254861.1|I,I
OZ254657.1|I,I
OZ254413.1|I,I
OZ254215.1|I,I
OZ254714.1|I,I
OZ254533.1|I,I
OZ235119.1|I,I
OZ254730.1|I,I
OZ254313.1|I,I
OZ245035.1|I,I
OZ254391.1|I,I
OZ254525.1|I,I
OZ254759.1|I,I
OZ254734.1|I,I
OZ254324.1|I,I
OZ254387.1|I,I
OZ254732.1|I,I
OZ254747.1|I,I
OZ254260.1|I,I
OZ254566.1|I,I
OZ254862.1|I,I
OZ254549.1|I,I
OZ254493.1|I,I
OZ254782.1|I,I
OZ254906.1|I,I
OZ254678.1|I,I
OZ254791.1|I,I
OZ254697.1|I,I
OZ254254.1|I,I
OZ254311.1|I,I
OZ254586.1|I,I
OZ235153.1|I,I
OZ254319.1|I,I
OZ254323.1|I,I
OZ254551.1|I,I
OZ254589.1|I,I
OZ254818.1|I,I
OZ254532.1|I,I
OZ254838.1|I,I
OZ254755.1|I,I
OZ254194.1|I,I
OZ254627.1|I,I
OZ254599.1|I,I
OZ254669.1|I,I
PP601190.1|I,I
OZ254855.1|I,I
OZ254869.1|I,I
OZ254749.1|I,I
OZ254696.1|I,I
OZ254871.1|I,I
OZ235156.1|I,I
OZ254408.1|I,I
OZ254343.1|I,I
PP601219.1|I,I
OZ254661.1|I,I
OZ254376.1|I,I
OZ254655.1|I,I
OZ254444.1|I,I
OZ254731.1|I,I
OZ254381.1|I,I
OZ254752.1|I,I
OZ254213.1|I,I
OZ254779.1|I,I
OZ254811.1|I,I
OZ254636.1|I,I
OZ254596.1|I,I
JX878412.1|I,I
OZ254377.1|I,I
OZ254792.1|I,I
OZ254246.1|I,I
OZ254420.1|I,I
OZ254843.1|I,I
OZ254841.1|I,I
OZ254604.1|I,I
OZ254619.1|I,I
OZ254558.1|I,I
OZ254835.1|I,I
OZ254518.1|I,I
JX878415.1|I,I
OZ254554.1|I,I
OZ254378.1|I,I
OZ254634.1|I,I
JX878427.1|I,I
OZ254565.1|I,I
OZ254247.1|I,I
OZ254844.1|I,I
OZ254251.1|I,I
OZ254662.1|I,I
OZ254742.1|I,I
OZ254288.1|I,I
OZ254473.1|I,I
OZ254283.1|I,I
OZ254544.1|I,I
OZ254569.1|I,I
OZ254561.1|I,I
OZ254900.1|I,I
OZ254483.1|I,I
OZ254552.1|I,I
OZ254537.1|I,I
OZ235120.1|I,I
PP601199.1|I,I
OZ254606.1|I,I
OZ254489.1|I,I
PV002568.1|I,I
OZ254736.1|I,I
OZ254295.1|I,I
OZ254433.1|I,I
OZ254499.1|I,I
OZ254868.1|I,I
OZ254487.1|I,I
OZ254770.1|I,I
OZ254744.1|I,I
OZ254356.1|I,I
OZ254866.1|I,I
OZ254427.1|I,I
OZ254209.1|I,I
OZ254690.1|I,I
OZ254430.1|I,I
OZ254837.1|I,I
OZ254291.1|I,I
OZ254458.1|I,I
OZ254337.1|I,I
OZ254646.1|I,I
OZ254191.1|I,I
OZ254801.1|I,I
OZ254302.1|I,I
OZ254312.1|I,I
OZ254452.1|I,I
OZ254686.1|I,I
AF380138.1|I,I
JX878428.1|I,I
OZ235143.1|I,I
OZ254689.1|I,I
OR943698.1|I,I
OZ235144.1|I,I
PP601200.1|I,I
OZ254235.1|I,I
OZ254765.1|I,I
OZ254715.1|I,I
OZ254436.1|I,I
OZ254644.1|I,I
OZ254825.1|I,I
OZ254248.1|I,I
OZ254495.1|I,I
OZ254560.1|I,I
OZ254656.1|I,I
OZ254369.1|I,I
OZ254848.1|I,I
JX878420.1|I,I
OZ254806.1|I,I
OZ254602.1|I,I
OZ254188.1|I,I
OZ254484.1|I,I
OZ254545.1|I,I
OZ254858.1|I,I
OZ254338.1|I,I
OZ254296.1|I,I
OZ254695.1|I,I
OZ254239.1|I,I
OZ254691.1|I,I
OZ254808.1|I,I
OZ245036.1|I,I
OZ254637.1|I,I
OZ254284.1|I,I
OZ254366.1|I,I
JX878419.1|I,I
JX878424.1|I,I
OZ254279.1|I,I
OZ254418.1|I,I
OZ254307.1|I,I
OZ254526.1|I,I
OZ254609.1|I,I
OZ254441.1|I,I
OZ254402.1|I,I
OZ254256.1|I,I
OZ254465.1|I,I
OZ254810.1|I,I
OZ254438.1|I,I
OZ254587.1|I,I
OP442937.1|II,I
OR759180.1|II,I
OP215248.1|II,I
OP171922.2|II,I
OR146314.1|II,I
OR146280.1|II,I
OR146442.1|II,I
ON853654.1|II,I
OP687931.1|II,I
OR146365.1|II,I
OZ271439.1|II,I
OQ503750.1|II,I
OP257243.1|II,I
OR067709.1|II,I
OZ262197.1|II,I
OZ262252.1|II,I
OP687933.1|II,I
PQ686930.1|II,I
OQ419037.1|II,I
OR146334.1|II,I
OQ419053.1|II,I
PP860032.1|II,I
PQ153149.1|II,I
OR146422.1|II,I
OR759171.1|II,I
OP743958.1|II,I
OP062231.1|II,I
OZ285512.1|II,I
OP123052.1|II,I
ON755250.1|II,I
OQ427127.1|II,I
OP415216.1|II,I
OZ261636.1|II,I
OQ427152.1|II,I
OQ419049.1|II,I
OQ503766.1|II,I
PP098603.2|II,I
ON813262.2|II,I
OP626138.1|II,I
OP764623.1|II,I
OZ261903.1|II,I
PQ153201.1|II,I
OR759145.1|II,I
PQ249165.1|II,I
OQ054225.1|II,I
OP743985.1|II,I
PQ340484.1|II,I
OR030928.1|II,I
OQ427136.1|II,I
OZ285520.1|II,I
ON959168.1|II,I
OZ285514.1|II,I
OP169338.1|II,I
OP415277.1|II,I
OP205108.1|II,I
OR030932.1|II,I
OZ239956.1|II,I
OQ320465.1|II,I
OP604567.1|II,I
PP852990.1|II,I
OP687942.1|II,I
OZ285517.1|II,I
OP018602.1|II,I
PP002091.1|II,I
ON813261.2|II,I
OZ262231.1|II,I
OP257251.1|II,I
PP098606.2|II,I
OR030931.1|II,I
OR427332.1|II,I
OP442936.1|II,I
OP837345.1|II,I
OP536704.2|II,I
OP484683.1|II,I
MN346690.1|II,I
OR030922.1|II,I
OP415256.1|II,I
OR035662.1|II,I
OR759215.1|II,I
OP378704.1|II,I
PV683567.1|II,I
OP626115.1|II,I
OP018593.1|II,I
PP853050.1|II,I
OQ419029.1|II,I
OQ702776.1|II,I
OP415199.1|II,I
OR146320.1|II,I
OP881945.1|II,I
ON813260.2|II,I
LC876660.1|II,I
OR855745.1|II,I
ON682267.2|II,I
OP263628.1|II,I
ON755248.1|II,I
OR449649.1|II,I
OP205089.1|II,I
OP133004.1|II,I
OQ320458.1|II,I
OP687939.1|II,I
ON853661.1|II,I
PP853052.1|II,I
PV785659.1|II,I
OP270475.1|II,I
OP415214.1|II,I
OQ721935.1|II,I
PP853006.1|II,I
OQ419047.1|II,I
OP225965.1|II,I
OP392545.1|II,I
OP442941.1|II,I
PP852950.1|II,I
OZ262145.1|II,I
PQ153141.1|II,I
OP536688.2|II,I
OR030929.1|II,I
OZ261656.1|II,I
OR264443.1|II,I
OR459800.1|II,I
OP743999.1|II,I
OR500067.1|II,I
OP881946.1|II,I
ON929082.1|II,I
OQ721941.1|II,I
OP205071.1|II,I
OP604525.1|II,I
OP204840.1|II,I
OQ581854.1|II,I
OP257259.1|II,I
OQ721925.1|II,I
OP743989.1|II,I
OP215280.1|II,I
PQ552721.1|II,I
OP523992.1|II,I
OP392542.1|II,I
OR427336.1|II,I
OP310052.1|II,I
OP378710.1|II,I
ON803437.1|II,I
OR146368.1|II,I
LC756925.1|II,I
OQ419014.1|II,I
OP215277.1|II,I
OR146273.1|II,I
OP123054.1|II,I
OP689669.1|II,I
OR146377.1|II,I
OR855747.1|II,I
OR464191.1|II,I
PQ153200.1|II,I
PP098602.2|II,I
OP013007.1|II,I
PP002089.1|II,I
PQ451840.1|II,I
OP205102.1|II,I
OR146362.1|II,I
OR030946.1|II,I
OR464201.1|II,I
OP303786.1|II,I
OP442945.1|II,I
OZ261627.1|II,I
OP603001.1|II,I
ON853682.1|II,I
PP853003.1|II,I
ON694331.1|II,I
ON843173.1|II,I
OP715820.1|II,I
OR759203.1|II,I
OZ261914.1|II,I
PV031937.1|II,I
LC852830.1|II,I
OR902387.1|II,I
OR766779.1|II,I
OQ557947.1|II,I
PP852977.1|II,I
PV697337.1|II,I
OR759200.1|II,I
OQ419023.1|II,I
OP523997.1|II,I
OZ261647.1|II,I
PQ249164.1|II,I
OR421479.1|II,I
LC876642.1|II,I
OP681774.1|II,I
OR146382.1|II,I
OP604529.1|II,I
OP415206.1|II,I
OP484675.1|II,I
OP484696.1|II,I
OP743986.1|II,I
OR759154.1|II,I
OQ054232.1|II,I
ON803439.1|II,I
OP215244.1|II,I
ON813253.2|II,I
OR146291.1|II,I
PP098615.2|II,I
ON853668.1|II,I
PQ153157.1|II,I
OP696842.1|II,I
ON880534.1|II,I
OZ261927.1|II,I
PQ451841.1|II,I
OZ261904.1|II,I
PQ153170.1|II,I
OP415276.1|II,I
OP587260.1|II,I
OR035676.1|II,I
OR035670.1|II,I
ON682268.3|II,I
OP879723.1|II,I
OP215268.1|II,I
OP123045.1|II,I
OQ099606.1|II,I
ON813265.2|II,I
OP215257.1|II,I
ON694335.1|II,I
OR759190.1|II,I
PQ153212.1|II,I
ON585031.1|II,I
PP970527.1|II,I
OR427344.1|II,I
OQ419088.1|II,I
OR759193.1|II,I
OQ419055.1|II,I
ON780016.1|II,I
OZ262147.1|II,I
PQ153182.1|II,I
OQ721939.1|II,I
OP743978.1|II,I
ON853652.1|II,I
OP838893.1|II,I
ON880549.1|II,I
ON619836.2|II,I
OQ121956.1|II,I
OZ261644.1|II,I
OQ557948.1|II,I
PV167032.1|II,I
LC876654.1|II,I
ON649722.1|II,I
ON755231.1|II,I
OQ427112.1|II,I
OP764617.1|II,I
OP743971.1|II,I
OR459796.1|II,I
OR759218.1|II,I
OP415255.1|II,I
OP594204.1|II,I
OP303795.1|II,I
OR146301.1|II,I
OQ320460.1|II,I
PP852971.1|II,I
OR759162.1|II,I
OP310042.1|II,I
OP184762.1|II,I
LC852835.1|II,I
PP852946.1|II,I
OP055803.1|II,I
OR035661.1|II,I
OR146359.1|II,I
PP852957.1|II,I
PP098580.2|II,I
ON880537.1|II,I
OP689666.1|II,I
PV785663.1|II,I
OR035663.1|II,I
OP205132.1|II,I
OP535323.1|II,I
OQ320516.1|II,I
OZ278187.1|II,I
OR464194.1|II,I
ON736420.2|II,I
OP055802.1|II,I
OP415205.1|II,I
OP415268.1|II,I
OZ285508.1|II,I
OZ285529.1|II,I
OQ419012.1|II,I
OP484341.1|II,I
OP225960.1|II,I
OP171921.2|II,I
OP215245.1|II,I
OZ261950.1|II,I
OR035664.1|II,I
OP689668.1|II,I
OR759214.1|II,I
OQ557951.1|II,I
OR030945.1|II,I
PV167027.1|II,I
OP484670.1|II,I
OP415180.1|II,I
OQ721932.1|II,I
OR146302.1|II,I
OR759160.1|II,I
OP339855.1|II,I
OR030923.1|II,I
OP837353.1|II,I
OP378706.1|II,I
OP339850.1|II,I
OP415228.1|II,I
OP415184.1|II,I
OZ261947.1|II,I
OP752111.1|II,I
OP626132.1|II,I
OQ054239.1|II,I
OP351281.2|II,I
OR759211.1|II,I
OQ419087.1|II,I
OR146283.1|II,I
OR146440.1|II,I
PV034560.1|II,I
OQ451901.1|II,I
OR035707.1|II,I
OQ054245.1|II,I
OQ419011.1|II,I
OP339853.1|II,I
OQ320507.1|II,I
PP098589.2|II,I
OP415215.1|II,I
OP378700.1|II,I
OQ427135.1|II,I
ON585038.1|II,I
OQ320464.1|II,I
ON808415.1|II,I
OQ702781.1|II,I
ON585033.1|II,I
PP155393.1|II,I
OR766787.1|II,I
OP764616.1|II,I
OP837334.1|II,I
OQ427141.1|II,I
ON959165.1|II,I
OP484676.1|II,I
OQ419025.1|II,I
OQ557952.1|II,I
OP415207.1|II,I
OR464200.1|II,I
OP257250.1|II,I
OP764624.1|II,I
OQ503746.1|II,I
OP205067.1|II,I
PQ271634.1|II,I
OP263627.1|II,I
OP215270.1|II,I
OP524007.1|II,I
OR035669.1|II,I
ON929076.1|II,I
OQ320466.1|II,I
OZ262173.1|II,I
ON813267.2|II,I
ON745215.1|II,I
OP225962.1|II,I
OQ419028.1|II,I
OQ511286.1|II,I
OZ261937.1|II,I
ON694332.1|II,I
PQ340482.1|II,I
PQ686953.1|II,I
OP747062.1|II,I
OQ721954.1|II,I
OR455100.1|II,I
ON959136.1|II,I
OP604568.1|II,I
OQ557957.1|II,I
PP098584.2|II,I
PQ686932.1|II,I
OR035655.1|II,I
OZ271448.1|II,I
OP055808.1|II,I
OP373388.1|II,I
OP747052.1|II,I
ON880548.1|II,I
OZ271444.1|II,I
OP415280.1|II,I
OP687936.1|II,I
OP055801.1|II,I
OP171925.2|II,I
OP604526.1|II,I
OP257260.1|II,I
OP743955.1|II,I
ON853651.1|II,I
ON676707.1|II,I
OP604530.1|II,I
ON929083.1|II,I
OP535327.1|II,I
OR146317.1|II,I
OQ099604.1|II,I
PQ552723.1|II,I
OP215263.1|II,I
OP523981.1|II,I
OZ304611.1|II,I
OR759220.1|II,I
OR146389.1|II,I
OZ261638.1|II,I
OR146271.1|II,I
PP853010.1|II,I
OR095027.1|II,I
OP415231.1|II,I
OP415264.1|II,I
OP523980.1|II,I
PQ686950.1|II,I
OP743997.1|II,I
OP743953.1|II,I
OR146340.1|II,I
OP270022.1|II,I
PP098600.2|II,I
PP588406.1|II,I
LC753969.1|II,I
OP123048.1|II,I
OQ706778.1|II,I
OQ054230.1|II,I
AY741551.1|II,I
PP754993.1|II,I
OP484679.1|II,I
OR449666.1|II,I
PV167026.1|II,I
OR759196.1|II,I
PP799939.1|II,I
LC855211.1|II,I
OP310065.1|II,I
OP185717.1|II,I
OP062232.1|II,I
OQ427118.1|II,I
ON627808.1|II,I
OP650029.1|II,I
OR035726.1|II,I
OP303793.1|II,I
OR035733.1|II,I
ON959149.1|II,I
PP098596.2|II,I
ON880545.1|II,I
OP752121.1|II,I
OX291424.1|II,I
OR855767.1|II,I
PQ153158.1|II,I
OP715819.1|II,I
PP507086.1|II,I
PV785649.1|II,I
OP019277.1|II,I
OZ285526.1|II,I
ON585035.1|II,I
OR035666.1|II,I
OP314957.2|II,I
ON803430.1|II,I
OR759176.1|II,I
ON694333.1|II,I
OP881953.1|II,I
OP687943.1|II,I
ON803441.1|II,I
ON918656.1|II,I
OP204857.1|II,I
ON880538.1|II,I
OR855764.1|II,I
ON782021.1|II,I
OP018595.1|II,I
OR086980.1|II,I
PP860028.1|II,I
OZ261930.1|II,I
OR030942.1|II,I
OP415248.1|II,I
OR030927.1|II,I
OQ320467.1|II,I
ON853665.1|II,I
OQ054247.1|II,I
ON843170.1|II,I
OR087010.1|II,I
LC855213.1|II,I
OP392546.1|II,I
ON959160.1|II,I
PP853018.1|II,I
OP018601.1|II,I
OP484672.1|II,I
OZ261963.1|II,I
PP860029.1|II,I
OP215208.1|II,I
OP687938.1|II,I
OP215272.1|II,I
OR209309.1|II,I
OR876394.1|II,I
OZ304683.1|II,II
OR759156.1|II,I
OP442940.1|II,I
OQ557945.1|II,I
OP320554.1|II,I
OP303784.1|II,I
OP123041.1|II,I
ON682270.2|II,I
OP378705.1|II,I
ON585034.1|II,I
OR095028.1|II,I
OP013004.1|II,I
OP536732.2|II,I
OQ419002.1|II,I
OR146331.1|II,I
OZ262211.1|II,I
OQ721948.1|II,I
OQ419043.1|II,I
OX336004.1|II,I
ON813254.2|II,I
OP310044.1|II,I
OP536697.2|II,I
OP326284.1|II,I
OR459785.1|II,I
OP415235.1|II,I
OZ271442.1|II,I
OP413713.1|II,I
OP415209.1|II,I
OQ721931.1|II,I
OQ419091.1|II,I
OP415226.1|II,I
OR759195.1|II,I
OZ271450.1|II,I
OP185713.1|II,I
OP536742.2|II,I
PP852944.1|II,I
OR855751.1|II,I
OP687941.1|II,I
PQ153209.1|II,I
OR665163.1|II,I
LC852829.1|II,I
LC876662.1|II,I
OQ721930.1|II,I
OP743957.1|II,I
OR759159.1|II,I
OP351280.2|II,I
LC852831.1|II,I
OQ672580.1|II,I
OP328312.1|II,I
LC852836.1|II,I
OR035656.1|II,I
PQ141467.1|II,I
OP022170.1|II,I
PP748917.1|II,I
OP604569.1|II,I
ON880530.1|II,I
PP860027.1|II,I
ON959161.1|II,I
OP123049.1|II,I
OP257265.1|II,I
OR785044.1|II,I
OQ721945.1|II,I
PQ153226.1|II,I
PP098616.2|II,I
PP155392.1|II,I
OQ419086.1|II,I
OQ721933.1|II,I
OR759179.1|II,I
PQ153166.1|II,I
OP580151.1|II,I
OQ419005.1|II,I
OR759147.1|II,I
OP205092.1|II,I
OP123047.1|II,I
MT903342.1|II,I
OQ721947.1|II,I
PP098598.2|II,I
OR855754.1|II,I
OP018592.1|II,I
ON959174.1|II,I
ON853653.1|II,I
OZ239953.1|II,I
OR855762.1|II,I
LC876641.1|II,I
OP743973.1|II,I
OZ271436.1|II,I
OR035675.1|II,I
OZ271443.1|II,I
OP394229.1|II,I
OR427333.1|II,I
OR209313.1|II,I
OP594207.1|II,I
OP626134.1|II,I
ON959153.1|II,I
OR087001.1|II,I
OR146333.1|II,I
OP626116.1|II,I
PQ152020.1|II,I
OQ503752.1|II,I
OP013005.1|II,I
OP378708.1|II,I
OR146397.1|II,I
OP215229.1|II,I
ON619835.2|II,I
OR035643.1|II,I
OR759168.1|II,I
OP331335.1|II,I
OQ419003.1|II,I
OP415272.1|II,I
LC855214.1|II,I
LC876646.1|II,I
OR160417.1|II,I
PQ368493.1|II,I
OZ261913.1|II,I
OP415265.1|II,I
PP852961.1|II,I
OQ419016.1|II,I
ON853675.1|II,I
OP442947.1|II,I
ON808416.1|II,I
OR146439.1|II,I
OP339846.1|II,I
OP351279.2|II,I
OP837337.1|II,I
OP727820.1|II,I
OR766784.1|II,I
LC852827.1|II,I
OQ320448.1|II,I
OP185714.1|II,I
ON602722.2|II,I
OR086978.1|II,I
OQ721924.1|II,I
MN648051.1|II,I
OP626110.1|II,I
OQ419032.1|II,I
OR264423.1|II,I
PP852965.1|II,I
OP689678.1|II,I
PQ153183.1|II,I
ON929091.1|II,I
OP752103.1|II,I
OP018604.1|II,I
OP263630.1|II,I
PV785656.1|II,I
PP853035.1|II,I
OR030947.1|II,I
ON649723.1|II,I
OQ427138.1|II,I
OZ261650.1|II,I
OP310041.1|II,I
OP415234.1|II,I
OP235282.1|II,I
OR209315.1|II,I
OQ054240.1|II,I
PQ340479.1|II,I
OZ261624.1|II,I
OR146294.1|II,I
OR030926.1|II,I
PQ153137.1|II,I
ON929070.1|II,I
OP536738.2|II,I
OP536702.2|II,I
OP205100.1|II,I
OR035718.1|II,I
OR209328.1|II,I
ON880420.1|II,I
OP320550.1|II,I
OQ979624.1|II,I
OR209310.1|II,I
PV167024.1|II,I
ON676705.1|II,I
ON929085.1|II,I
OP603011.1|II,I
PQ451842.1|II,I
OP303782.1|II,I
OP215256.1|II,I
PQ153199.1|II,I
OR030921.1|II,I
OQ419041.1|II,I
OR146438.1|II,I
OP752109.1|II,I
PQ141466.1|II,I
OP205138.1|II,I
ON959132.1|II,I
OP185709.1|II,I
PP533284.1|II,I
OP881954.1|II,I
ON813266.2|II,I
ON803442.1|II,I
OR146430.1|II,I
OQ320521.1|II,I
OR087006.1|II,I
OR427340.1|II,I
OP687930.1|II,I
OZ261957.1|II,I
ON813263.2|II,I
OQ702782.1|II,I
OQ249661.1|II,I
OZ257116.1|II,I
PQ340485.1|II,I
OP523989.1|II,I
OR035712.1|II,I
DQ011157.1|II,I
PP852956.1|II,I
ON959134.1|II,I
PQ451839.1|II,I
OP603010.1|II,I
OR759229.1|II,I
OZ271451.1|II,I
ON853649.1|II,I
ON563414.3|II,I
OP523999.1|II,I
OZ285530.1|II,I
OP018606.1|II,I
OP415200.1|II,I
OP687928.1|II,I
OR146332.1|II,I
OP881950.1|II,I
ON843176.1|II,I
PP853043.1|II,I
OQ451900.1|II,I
OP331336.1|II,I
ON843172.1|II,I
PQ213335.1|II,I
OR264413.1|II,I
PQ451838.1|II,I
OZ262210.1|II,I
ON803435.1|II,I
OP055800.1|II,I
OP484669.1|II,I
OP743996.1|II,I
OP123040.1|II,I
OQ721942.1|II,I
ON649718.1|II,I
OP587257.1|II,I
OZ271449.1|II,I
PQ141470.1|II,I
OR030943.1|II,I
OP752110.1|II,I
OQ261707.1|II,I
OR449622.1|II,I
OQ451894.1|II,I
PV167035.1|II,I
PQ153159.1|II,I
OR146289.1|II,I
PQ153181.1|II,I
OQ099607.1|II,I
OP415187.1|II,I
OP764615.1|II,I
OR030944.1|II,I
OQ702779.1|II,I
OP171924.2|II,I
ON929087.1|II,I
OP431826.2|II,I
PV785646.1|II,I
OP415219.1|II,I
ON813255.2|II,I
OR160416.1|II,I
OP184761.1|II,I
OP257246.1|II,I
OR030930.1|II,I
OQ702778.1|II,I
OQ054220.1|II,I
OP743965.1|II,I
OQ320520.1|II,I
OP689681.1|II,I
ON880543.1|II,I
PQ686934.1|II,I
OQ320510.1|II,I
OP484668.1|II,I
OP339847.1|II,I
OP743991.1|II,I
OP018591.1|II,I
OR146323.1|II,I
OZ278182.1|II,I
OQ427114.1|II,I
OP689675.1|II,I
OZ261909.1|II,I
PQ672983.1|II,I
OP743959.1|II,I
PP853049.1|II,I
PQ451837.1|II,I
OP594195.1|II,I
PQ153174.1|II,I
PQ686933.1|II,I
OP169341.1|II,I
OQ427130.1|II,I
OR146423.1|II,I
OP484687.1|II,I
OQ503764.1|II,I
LC876655.1|II,I
PQ153206.1|II,I
OR759209.1|II,I
MN346695.1|II,I
OP303780.1|II,I
ON954773.1|II,I
OR459799.1|II,I
PP098581.2|II,I
OQ320462.1|II,I
OR146315.1|II,I
OQ511287.1|II,I
PP098595.2|II,I
OR459792.1|II,I
ON929067.1|II,I
OR146376.1|II,I
PP754992.1|II,I
ON880536.1|II,I
OP715821.1|II,I
OP837352.1|II,I
PP853016.1|II,I
OR464199.1|II,I
OP415259.1|II,I
OP837351.1|II,I
ON755252.1|II,I
OP881942.1|II,I
OP215269.1|II,I
OQ419048.1|II,I
OP415223.1|II,I
OQ557946.1|II,I
OP687949.1|II,I
ON929065.1|II,I
OP215279.1|II,I
OP303783.1|II,I
OP257262.1|II,I
OQ979625.1|II,I
OZ262215.1|II,I
OZ262245.1|II,I
OP743954.1|II,I
LC876638.1|II,I
OZ287284.1|II,I
OR601038.1|II,I
OP215265.1|II,I
OP303785.1|II,I
PP098579.2|II,I
OR209327.1|II,I
PQ340481.1|II,I
OR035705.1|II,I
OR035667.1|II,I
OR427343.1|II,I
PV424067.1|II,I
ON694337.1|II,I
OR030936.1|II,I
OR759185.1|II,I
OP837350.1|II,I
OP133006.1|II,I
ON959151.1|II,I
OP612678.1|II,I
OQ503768.1|II,I
ON929080.1|II,I
OR146444.1|II,I
ON682263.4|II,I
OQ320456.1|II,I
OP215241.1|II,I
OR759207.1|II,I
PQ368489.1|II,I
OP270474.1|II,I
OZ261633.1|II,I
OR759198.1|II,I
OP752105.1|II,I
PQ153186.1|II,I
OP373391.1|II,I
OR209316.1|II,I
OP215242.1|II,I
OR459777.1|II,I
OQ427125.1|II,I
OR035668.1|II,I
OP215232.1|II,I
OP205121.1|II,I
OR035709.1|II,I
ON755245.1|II,I
OQ054234.1|II,I
ON853663.1|II,I
ON649720.1|II,I
PP852959.1|II,I
OP205098.1|II,I
LC852834.1|II,I
OR766778.1|II,I
OR855746.1|II,I
OP303789.1|II,I
OQ419039.1|II,I
PQ686947.1|II,I
LC760461.1|II,I
OR855756.1|II,I
PQ153140.1|II,I
OR030924.1|II,I
PQ340486.1|II,I
OP626121.1|II,I
OQ451898.1|II,I
OR035646.1|II,I
OR264402.1|II,I
OP215234.1|II,I
OQ557949.1|II,I
PV785651.1|II,I
PQ368486.1|II,I
OP257263.1|II,I
OQ427120.1|II,I
OR464205.1|II,I
LC876665.1|II,I
OP526857.1|II,I
OZ261629.1|II,I
OP310053.1|II,I
OP415239.1|II,I
OZ261952.1|II,I
PQ152021.1|II,I
OQ320441.1|II,I
OQ054246.1|II,I
OP270471.1|II,I
OP881955.1|II,I
OR759151.1|II,I
OR146307.1|II,I
PP098590.2|II,I
OQ419054.1|II,I
PQ686931.1|II,I
OR459789.1|II,I
OP689667.1|II,I
OP687946.1|II,I
OP681776.1|II,I
OP215236.1|II,I
OP764619.1|II,I
ON959176.1|II,I
OP594197.1|II,I
OQ419036.1|II,I
ON755246.1|II,I
OP205085.1|II,I
OP594192.1|II,I
OQ419044.1|II,I
OR030938.1|II,I
OR473631.1|II,I
OP257256.1|II,I
OQ320513.1|II,I
OQ557954.1|II,I
OR160415.1|II,I
PP852947.1|II,I
OQ320459.1|II,I
ON959163.1|II,I
OP431828.2|II,I
OP715818.1|II,I
OR464218.1|II,I
OQ503755.1|II,I
OQ427131.1|II,II
OR264459.1|II,I
OP687947.1|II,I
OQ320449.1|II,I
OQ419010.1|II,I
LC876648.1|II,I
OP626114.1|II,I
OR146398.1|II,I
OQ419031.1|II,I
OP743982.1|II,I
OR146405.1|II,I
PP853001.1|II,I
OP747060.1|II,I
OQ320505.1|II,I
OR855744.1|II,I
OP523986.1|II,I
OZ239955.1|II,I
OR464212.1|II,I
OQ702775.1|II,I
OQ427124.1|II,I
OQ320453.1|II,I
OP743961.1|II,I
OR464209.1|II,I
OR146431.1|II,I
OP310064.1|II,I
OP215227.1|II,I
OR035732.1|II,I
OP215264.1|II,I
OP055805.1|II,I
OP484340.1|II,I
OR950770.1|II,I
OQ503748.1|II,I
OR449662.1|II,I
OP257254.1|II,I
PV769062.1|II,I
OP225969.1|II,I
OP536737.2|II,I
OP289782.1|II,I
OQ121962.1|II,I
PQ686924.1|II,I
OP689674.1|II,I
DQ011156.1|II,I
OZ261654.1|II,I
OQ557940.1|II,I
PQ153153.1|II,I
OP764614.1|II,I
OP626108.1|II,I
OR759175.1|II,I
OR500071.1|II,I
OZ261632.1|II,I
ON929075.1|II,I
OQ419022.1|II,I
OR146316.1|II,I
OP580157.1|II,I
LC876639.1|II,I
OP257248.1|II,I
OR264435.1|II,I
OR146299.1|II,I
OZ257119.1|II,I
OQ503769.1|II,I
OQ427149.1|II,I
OQ503753.1|II,I
MN346702.1|II,I
OQ054236.1|II,I
OZ261910.1|II,I
OR759169.1|II,I
OP310047.1|II,I
ON843165.1|II,I
OP820454.1|II,I
OR146358.1|II,I
OQ054231.1|II,I
OP523988.1|II,I
OP442939.1|II,I
OP879722.1|II,I
OP205120.1|II,I
OP215271.1|II,I
OP205112.1|II,I
OP681777.1|II,I
PP852988.1|II,I
OP837338.1|II,I
OP604531.1|II,I
OP587259.1|II,I
OQ451904.1|II,I
OQ706777.1|II,I
OP215258.1|II,I
PV167036.1|II,I
OP603014.1|II,I
OQ427115.1|II,I
PP533286.1|II,I
OR146345.1|II,I
OQ706773.1|II,I
OP744000.1|II,I
OR766786.1|II,I
ON929088.1|II,I
OR759189.1|II,I
OP373389.1|II,I
OR459793.1|II,I
OR146443.1|II,I
OP378707.1|II,I
OP604522.1|II,I
PP852962.1|II,I
ON649713.1|II,I
OQ427132.1|II,I
PV034558.1|II,I
OZ285533.1|II,I
OZ271437.1|II,I
OP743980.1|II,I
OR146292.1|II,I
OQ721923.1|II,I
OZ261953.1|II,I
OP626136.1|II,I
PV034564.1|II,I
OP123043.1|II,I
OP392553.1|II,I
PQ368490.1|II,I
OX261748.1|II,I
OQ427147.1|II,I
OP752106.1|II,I
OP535340.1|II,I
ON853672.1|II,I
OR264421.1|II,I
PP853008.1|II,I
OP184764.1|II,I
OQ706782.1|II,I
OQ320519.1|II,I
PV034559.1|II,I
OZ261946.1|II,I
OP484682.1|II,I
OP415250.1|II,I
OR759199.1|II,I
PV031938.1|II,I
PP853025.1|II,I
MN346693.1|II,I
OR146347.1|II,I
OP580156.1|II,I
OR035654.1|II,I
OP378698.1|II,I
OP205125.1|II,I
OR766780.1|II,I
ON929066.1|II,I
OP626124.1|II,I
OP215220.1|II,I
OP484678.1|II,I
OP696841.1|II,I
ON622712.1|II,I
PP852998.1|II,I
LC876651.1|II,I
OQ721936.1|II,I
OP215216.1|II,I
OR030925.1|II,I
PV683566.2|II,I
PP098619.2|II,I
ON959159.1|II,I
OZ285528.1|II,I
OZ304617.1|II,II
OR146284.1|II,I
ON755247.1|II,I
PV785665.1|II,I
PQ368488.1|II,I
PV034563.1|II,I
OZ257113.1|II,I
OQ702766.1|II,I
PQ686922.1|II,I
OQ557953.1|II,I
OP257253.1|II,I
ON959169.1|II,I
OP320548.1|II,I
PQ141468.1|II,I
OQ427139.1|II,I
PP853041.2|II,I
OP215228.1|II,I
OQ581853.1|II,I
ON880539.1|II,I
OP270024.1|II,I
PP852970.1|II,I
OP881943.1|II,I
OQ451896.1|II,I
OR146335.1|II,I
ON755244.1|II,I
ON694342.1|II,I
PP853051.1|II,I
OZ256742.1|II,I
PQ153217.1|II,I
OP279043.1|II,I
OQ557950.1|II,I
OP257266.1|II,I
ON880517.1|II,I
PP853022.1|II,I
PQ340489.1|II,I
PP098608.2|II,I
OZ285535.1|II,I
OP205094.1|II,I
OP626117.1|II,I
OP523984.1|II,I
ON644344.1|II,I
OP837346.1|II,I
OZ285510.1|II,I
OQ702767.1|II,I
OP328309.1|II,I
LC876645.1|II,I
OR146341.1|II,I
OR146399.1|II,I
OP123053.1|II,I
OP205073.1|II,I
ON880512.1|II,I
OP205133.1|II,I
OP535333.1|II,I
PQ451836.1|II,I
OP351287.2|II,I
OZ285525.1|II,I
PP002093.1|II,I
ON782054.1|II,I
OR785043.1|II,I
OR146413.1|II,I
OP594196.1|II,I
ON959135.1|II,I
PQ153142.1|II,I
OP215275.1|II,I
OP484684.1|II,I
OZ261646.1|II,I
ON813258.2|II,I
OP314958.1|II,I
ON880540.1|II,I
OZ261626.1|II,I
OP169346.1|II,I
LC876643.1|II,I
OP689677.1|II,I
OQ320439.1|II,I
OP215222.1|II,I
PP852953.1|II,I
PQ672982.1|II,I
OP604565.1|II,I
OP752126.1|II,I
PV785654.1|II,I
OP604566.1|II,I
OR427338.1|II,I
OP257258.1|II,I
PP853045.1|II,I
OP415203.1|II,I
OP378702.1|II,I
OZ261965.1|II,I
OP650031.1|II,I
OP215260.1|II,I
OR459786.1|II,I
OR146428.1|II,I
OP612683.1|II,I
OZ271445.1|II,I
LC876658.1|II,I
OR146330.1|II,I
OP696840.1|II,I
OQ702780.1|II,I
ON959156.1|II,I
OP604528.1|II,I
OP484667.1|II,I
PQ340488.1|II,I
OP523994.1|II,I
OZ256746.1|II,I
OQ503775.1|II,I
OP171920.2|II,I
OP604533.1|II,I
PQ672984.1|II,I
OQ557943.1|II,I
PV167030.1|II,I
OP415252.1|II,I
OZ285518.1|II,I
OQ557955.1|II,I
OP752108.1|II,I
OP215214.1|II,I
OP415267.1|II,I
LC876650.1|II,I
OQ451903.1|II,I
ON803420.1|II,I
MN346696.1|II,I
OP535329.1|II,I
ON649724.1|II,I
OP351282.2|II,I
OP392552.1|II,I
OQ511285.1|II,I
OQ503745.1|II,I
OP303797.1|II,I
OP415192.1|II,I
OP603017.1|II,I
OR759212.1|II,I
PP853023.1|II,I
OP205119.1|II,I
OP310058.1|II,I
ON911481.2|II,I
OQ320508.1|II,I
OR665162.1|II,I
OP018597.1|II,I
OP459202.1|II,I
OP524012.1|II,I
OP837336.1|II,I
OQ503770.1|II,I
OP747058.1|II,I
ON983167.1|II,I
LC876644.1|II,I
OP764625.1|II,I
OP314959.2|II,I
OX248696.1|II,I
OP743990.1|II,I
OP603005.1|II,I
OR759213.1|II,I
OP747056.1|II,I
OP689670.1|II,I
OQ706771.1|II,I
OP205134.1|II,I
OZ285532.1|II,I
ON853666.1|II,I
PQ153126.1|II,I
PQ686945.1|II,I
OP626127.1|II,I
OR146435.1|II,I
PP853013.1|II,I
OP526856.1|II,I
LC852826.1|II,I
OQ320469.1|II,I
OR030919.1|II,I
OP205084.1|II,I
OZ261941.1|II,I
OP055809.1|II,I
OP205117.1|II,I
OP484680.1|II,I
PP587854.1|II,I
ON803427.1|II,I
OP415193.1|II,I
PQ153145.1|II,I
OZ262227.1|II,I
OQ054222.1|II,I
LC753968.1|II,I
OP205087.1|II,I
ON694339.1|II,I
OQ626772.1|II,I
OR459783.1|II,I
OQ503777.1|II,I
OP743967.1|II,I
PQ153129.1|II,I
OQ721926.1|II,I
OR146420.1|II,I
PP853032.1|II,I
OP205105.1|II,I
PV034561.1|II,I
OP415225.1|II,I
OR146346.1|II,I
OZ261651.1|II,I
OP431825.2|II,I
LC876640.1|II,I
PQ686926.1|II,I
PP853019.1|II,I
OP743952.1|II,I
OR759170.1|II,I
OZ285516.1|II,I
OP150927.1|II,I
OZ261641.1|II,I
PP852964.1|II,I
ON853670.1|II,I
OR459798.1|II,I
OP257249.1|II,I
ON637938.1|II,I
OP328310.1|II,I
OP526859.1|II,I
ON880513.1|II,I
OP169344.1|II,I
OP415194.1|II,I
PP853004.1|II,I
OR759194.1|II,I
OP626109.1|II,I
OR500072.1|II,I
OR449646.1|II,I
OQ320455.1|II,I
OP603012.1|II,I
OP415282.1|II,I
OR459784.1|II,I
OR146395.1|II,I
OR209325.1|II,I
OR449305.1|II,I
OR459780.1|II,I
OP536731.2|II,I
OP205118.1|II,I
OR146418.1|II,I
OZ271441.1|II,I
OR855750.1|II,I
OR264364.1|II,I
PP852997.1|II,I
OR030935.1|II,I
OP588945.1|II,I
ON754987.1|II,I
OR146278.1|II,I
PQ368492.1|II,I
ON568298.1|II,I
OZ285536.1|II,I
PP533285.1|II,I
OP351283.2|II,I
OQ054229.1|II,I
OP205081.1|II,I
OR035703.1|II,I
OQ054241.1|II,I
OP205139.1|II,I
ON929063.1|II,I
OR427339.1|II,I
OP431829.2|II,I
OZ285521.1|II,I
ON880422.1|II,I
OQ054242.1|II,I
PP853000.1|II,I
OR759188.1|II,I
OP205088.1|II,I
OP257267.1|II,I
OP612688.1|II,I
OP415221.1|II,I
OP603018.1|II,I
OP526861.1|II,I
OZ261645.1|II,I
PP556326.1|II,I
OP484663.1|II,I
OP215246.1|II,I
ON676704.1|II,I
OP310048.1|II,I
OZ286060.1|II,I
ON782022.1|II,I
OR035671.1|II,I
OR146325.1|II,I
OR433615.1|II,I
OR209317.1|II,I
PQ340492.1|II,I
OP013008.1|II,I
OQ054233.1|II,I
OZ285527.1|II,I
OR449306.1|II,I
PP098591.2|II,I
OR035720.1|II,I
PQ686942.1|II,I
LC852823.1|II,I
OP594203.1|II,I
OQ419050.1|II,I
OQ419006.1|II,I
PQ686948.1|II,I
ON813259.2|II,I
ON918611.1|II,I
OP215239.1|II,I
OR146295.1|II,I
PP533287.1|II,I
OZ261631.1|II,I
OP215235.1|II,I
OP523983.1|II,I
OQ320509.1|II,I
OZ261652.1|II,I
OP764629.1|II,I
OQ054243.1|II,I
OR459802.1|II,I
MN346698.1|II,I
PP533293.1|II,I
OP225964.1|II,I
OR035658.1|II,I
PQ153172.1|II,I
OQ581855.1|II,I
OP205070.1|II,I
OZ261969.1|II,I
PQ340480.1|II,I
OR464202.1|II,I
OZ285506.1|II,I
OP743987.1|II,I
OQ249660.1|II,I
OR759204.1|II,I
OP205090.1|II,I
ON929084.1|II,I
OQ721927.1|II,I
OP752112.1|II,I
ON959143.1|II,I
OR759192.1|II,I
OQ721921.1|II,I
PQ552722.1|II,I
PQ686928.1|II,I
OR759197.1|II,I
OR035657.1|II,I
OQ320447.1|II,I
OQ503776.1|II,I
PV785660.1|II,I
OP626113.1|II,I
OR759202.1|II,I
OP351286.2|II,I
OZ261649.1|II,I
OR035653.1|II,I
OR500076.1|II,II
OQ702771.1|II,I
OR264395.1|II,I
OR146436.1|II,I
ON929078.1|II,I
OZ285522.1|II,I
OP743994.1|II,I
OP415230.1|II,I
OP687932.1|II,I
OP837335.1|II,I
OP415222.1|II,I
OP215284.1|II,I
PP853021.1|II,I
OQ503759.1|II,I
OP715788.1|II,I
OR035660.1|II,I
OP484671.1|II,I
OP743974.1|II,I
OR855753.1|II,I
PP098597.2|II,I
OP413716.1|II,I
OP415278.1|II,I
OP392548.1|II,I
OR264429.1|II,I
OP604532.1|II,I
ON927248.1|II,I
OP257261.1|II,I
OR030939.1|II,I
OP415224.1|II,I
OR464217.1|II,I
OP351278.2|II,I
OZ286061.1|II,I
OP303791.1|II,I
ON853679.1|II,I
OQ320443.1|II,I
OQ702773.1|II,I
OP743988.1|II,I
PV785662.1|II,I
OP415196.1|II,I
ON853678.1|II,I
PV697338.1|II,I
OP687940.1|II,I
OQ427126.1|II,I
ON983160.1|II,I
ON622713.1|II,I
ON929079.1|II,I
OP687945.1|II,I
OP580153.1|II,I
OP626104.1|II,I
OP580154.1|II,I
ON694341.2|II,I
OR146352.1|II,I
OP526858.1|II,I
OP169336.1|II,I
OP257247.1|II,I
ON843168.1|II,I
PP852976.1|II,I
OP747061.1|II,I
OQ320451.1|II,I
OP215230.1|II,I
OP413718.1|II,I
ON780017.1|II,I
OP743976.1|II,I
OP747055.1|II,I
PX067025.1|II,I
OR146300.1|II,I
OR759187.1|II,I
OP392533.1|II,I
OR464210.1|II,I
OP320552.1|II,I
OZ261931.1|II,I
OQ503771.1|II,I
OZ261919.1|II,I
ON637939.1|II,I
PP533282.1|II,I
OP612691.1|II,I
OP392531.1|II,I
OP378699.1|II,I
PP852967.1|II,I
ON813256.2|II,I
OQ503773.1|II,I
OR766785.1|II,I
PQ153191.1|II,I
PV034562.1|II,I
ON649719.1|II,I
PP852984.1|II,I
OP150925.1|II,I
ON853673.1|II,I
OP320551.1|II,I
OR759205.1|II,I
OR035648.1|II,I
OP480404.1|II,I
OR035645.1|II,I
OZ261932.1|II,I
OP320553.1|II,I
OQ451902.1|II,I
ON676708.1|II,I
ON880542.1|II,I
ON808417.1|II,I
OR146415.1|II,I
OP747057.1|II,I
OR855759.1|II,I
OR759183.1|II,I
OR146324.1|II,I
ON755234.1|II,I
LC876652.1|II,I
OP310066.1|II,I
OP205069.1|II,I
OP310039.1|II,I
OQ427134.1|II,I
OX291694.1|II,I
OP205122.1|II,I
OR146329.1|II,I
OQ320463.1|II,I
PP098617.2|II,I
LC876663.1|II,I
PQ141469.1|II,I
PQ153128.1|II,I
LC876659.1|II,I
OR209321.1|II,I
ON853650.1|II,I
OR449644.1|II,I
PP098594.2|II,I
ON720849.1|II,I
PV034567.1|II,I
OP764618.1|II,I
OR972728.1|II,I
OZ239954.1|II,I
ON609725.2|II,I
OP215211.1|II,I
ON754986.1|II,I
PQ686936.1|II,I
OZ262244.1|II,I
OP587264.1|II,I
ON649725.1|II,I
PQ451835.1|II,I
OQ054223.1|II,I
OZ261900.1|II,I
OP484681.1|II,I
OQ557944.1|II,I
OQ427133.1|II,I
OZ271434.1|II,I
OP604524.1|II,I
PQ686952.1|II,I
OP743970.1|II,I
OR146388.1|II,I
OR759163.1|II,I
OQ503751.1|II,I
OR146304.1|II,I
OP205113.1|II,I
OZ261625.1|II,I
OR209326.1|II,I
OQ054226.1|II,I
PQ686935.1|II,I
OR449304.1|II,I
OQ427123.1|II,I
OR209308.1|II,I
ON853656.1|II,I
PQ340478.1|II,I
OR449661.1|II,I
ON682265.4|II,I
ON959172.1|II,I
OZ261653.1|II,I
OP310050.1|II,I
OR427342.1|II,I
PP853015.1|II,I
PV031939.1|II,I
OP123042.1|II,I
OR264393.1|II,I
OP378709.1|II,I
LC831698.1|II,I
OP205079.1|II,I
OP415262.1|II,I
PP098618.2|II,I
OR473622.1|II,I
OP415227.1|II,I
OP603016.1|II,I
PP098578.2|II,I
OP303796.1|II,I
OR759191.1|II,I
OZ262179.1|II,I
OP310046.1|II,I
MK783032.1|II,I
PP852992.1|II,I
OP215243.1|II,I
OP378711.1|II,I
OP205080.1|II,I
ON929081.1|II,I
OQ979621.1|II,I
PP533324.1|II,I
OR464219.1|II,I
OQ427148.1|II,I
OQ320468.1|II,I
ON959167.1|II,I
OQ721934.1|II,I
DQ011153.1|II,I
PQ686923.1|II,I
OR146344.1|II,I
ON880508.1|II,I
PQ340477.1|II,I
OZ246959.1|II,I
OZ256747.1|II,I
OP310054.1|II,I
OP415251.1|II,I
PP852969.1|II,I
OP339849.1|II,I
OP415266.1|II,I
OR146276.1|II,I
OZ262229.1|II,II
OP205077.1|II,I
OP392551.1|II,I
OP536718.2|II,I
OX291780.1|II,I
OP752113.1|II,I
OP378703.1|II,I
OP484695.1|II,I
OP169337.1|II,I
PP853014.1|II,I
OZ257120.1|II,I
OZ285519.1|II,I
OP603007.1|II,I
PV167025.1|II,I
ON880519.3|II,I
OP123044.1|II,I
OP215273.1|II,I
OP215233.1|II,I
OR759222.1|II,I
OP320549.1|II,I
PQ672985.1|II,I
OP603008.1|II,I
PP098588.2|II,I
OP689683.1|II,I
OQ320450.1|II,I
OP687934.1|II,I
OP743998.1|II,I
OP415189.1|II,I
PV785650.1|II,I
OR464214.1|II,I
OP303787.1|II,I
OR759181.1|II,I
OP225963.1|II,I
PQ153161.1|II,I
OZ281549.1|II,I
ON755241.1|II,I
OR035706.1|II,I
OP392541.1|II,I
OP310057.1|II,I
OP422341.1|II,I
ON853667.1|II,I
PP533326.1|II,I
OZ261630.1|II,I
PQ368485.1|II,I
ON808413.1|II,I
ON755237.1|II,I
PV034566.1|II,I
OP205072.1|II,I
OP018603.1|II,I
PV785653.1|II,I
PQ153167.1|II,I
MT903338.1|II,I
OQ320503.1|II,I
OR030940.1|II,I
ON755240.1|II,I
OQ419018.1|II,I
PV785652.1|II,I
OZ261648.1|II,I
PP778666.1|II,I
ON803429.1|II,I
PQ340483.1|II,I
ON755253.1|II,I
PP533325.1|II,I
OQ427122.1|II,I
KP849470.1|II,I
OQ503743.1|II,I
OP205101.1|II,I
ON929064.1|II,I
OZ271435.1|II,I
OZ256745.1|II,I
OR759182.1|II,I
OP392540.1|II,I
OP597769.1|II,I
OR209307.1|II,I
OP612682.1|II,I
OR759186.1|II,I
OP225966.1|II,I
OP205124.1|II,I
OP612686.1|II,I
OP169343.1|II,I
OZ285524.1|II,I
OP303792.1|II,I
OP837340.1|II,I
OR433614.1|II,I
ON803414.1|II,I
OZ262212.1|II,I
PQ686955.1|II,I
OP434519.1|II,I
OQ427117.1|II,I
PQ510603.1|II,I
OP603002.1|II,I
LC852824.1|II,I
PP853044.1|II,I
OP328311.1|II,I
ON853655.1|II,I
OQ503756.1|II,I
ON694334.1|II,I
OP422342.1|II,I
OP415238.1|II,I
OQ721928.1|II,I
OR421477.1|II,I
ON803444.1|II,I
OR146356.1|II,I
OP012849.1|II,I
OP310055.1|II,I
OR464196.1|II,I
PV031940.1|II,I
OQ427143.1|II,I
ON694330.1|II,I
OR146354.1|II,I
OP535322.1|II,I
OQ099608.1|II,I
PQ340490.1|II,I
MK783028.1|II,I
ON880511.1|II,I
OP442942.1|II,I
OR759206.1|II,I
ON585037.1|II,I
OR035649.1|II,I
OP373390.1|II,I
OP310059.1|II,I
LC852832.1|II,I
OP185716.1|II,I
OP535328.1|II,I
OQ721920.1|II,I
OP263629.1|II,I
OP415253.1|II,I
OP715823.1|II,I
OZ261640.1|II,I
PP852963.1|II,I
OR209324.1|II,I
OQ419089.1|II,I
OR759149.1|II,I
OP378701.1|II,I
OR855760.1|II,I
ON959152.1|II,I
OP415273.1|II,I
OP442938.1|II,I
OP603015.1|II,I
OP535335.1|II,I
OP018590.1|II,I
OQ427150.1|II,I
OP263631.1|II,I
OP523990.1|II,I
OP415243.1|II,I
OP415210.1|II,I
OP752117.1|II,I
OQ054238.1|II,I
ON929089.1|II,I
OP013009.1|II,I
LC876661.1|II,I
OP626126.1|II,I
ON880419.1|II,I
OR264427.1|II,I
OQ706779.1|II,I
OR160419.1|II,I
OP160532.1|II,I
OP205109.1|II,I
OR146272.1|II,I
OR035677.1|II,I
OP123050.1|II,I
PP852960.1|II,I
PP533279.1|II,I
OR264370.1|II,I
OP215288.1|II,I
OP205123.1|II,I
PP852981.1|II,I
OP215210.1|II,I
OR086986.1|II,I
OP743951.1|II,I
PQ340495.1|II,I
OP536709.2|II,I
PP853007.1|II,I
PX067024.1|II,I
KJ642615.1|II,I
OR759210.1|II,I
OR146328.1|II,I
OQ721929.1|II,I
OQ427116.1|II,I
OP215237.1|II,I
OP415254.1|II,I
PQ153197.1|II,I
OR146404.1|II,I
ON755040.1|II,I
OP055806.1|II,I
AY753185.1|II,I
OP415197.1|II,I
OP215283.1|II,I
OP310043.1|II,I
OP715831.1|II,I
OR766788.1|II,I
OP225968.1|II,I
ON803419.1|II,I
ON682269.3|II,I
PV167029.1|II,I
OP123055.1|II,I
OP215213.1|II,I
PQ686929.1|II,I
OR160418.1|II,I
ON694340.1|II,I
OP378693.1|II,I
OP535320.1|II,I
ON803432.1|II,I
OQ054219.1|II,I
OP257252.1|II,I
LC852825.1|II,I
OP215226.1|II,I
OP018600.1|II,I
ON959131.1|II,I
OR950771.1|II,I
ON929061.1|II,I
OP524004.1|II,I
OQ721940.1|II,I
OP415257.1|II,I
OZ223836.1|II,I
OP413717.1|II,I
OP310062.1|II,I
OR146306.1|II,I
OR855752.1|II,I
OP378694.1|II,I
OP626125.1|II,I
PQ153173.1|II,I
OP612684.1|II,I
ON622722.2|II,I
OR421478.1|II,I
OP626122.1|II,I
OP604523.1|II,I
OP331338.1|II,I
ON803424.1|II,I
OP587252.1|II,I
OR950774.1|II,I
OP303790.1|II,I
OP215266.1|II,I
PP533298.1|II,I
OP743966.1|II,I
OP626106.1|II,I
ON755236.1|II,I
ON676703.1|II,I
OP764628.1|II,I
OP257257.1|II,I
LC756924.1|II,I
OQ054224.1|II,I
OZ261921.1|II,I
OR464213.1|II,I
OP415232.1|II,I
OP752107.1|II,I
OP626137.1|II,I
ON959170.1|II,I
OQ054218.1|II,I
OR264460.1|II,I
OR035652.1|II,I
ON959177.1|II,I
ON754985.1|II,I
OP133005.1|II,I
OP415274.1|II,I
OR449639.1|II,I
LC876664.1|II,I
OP415183.1|II,I
LC760460.1|II,I
OP392538.1|II,I
OQ419040.1|II,I
OQ054237.1|II,I
OP484677.1|II,I
OP303781.1|II,I
OR035665.1|II,I
PP852972.1|II,I
OP715834.1|II,I
OP205130.1|II,I
OP536712.2|II,I
OP310068.1|II,I
OR759153.1|II,I
OP752123.1|II,I
OP205104.1|II,I
OP310051.1|II,I
OP415258.1|II,I
ON959171.1|II,I
PQ686941.1|II,I
OP535341.1|II,I
NC_063383.1|II,I
OQ320444.1|II,I
PP853012.1|II,I
OQ702770.1|II,I
OQ419038.1|II,I
OR209318.1|II,I
OQ320512.1|II,I
PP860031.1|II,I
OR146403.1|II,I
OR855766.1|II,I
OP881949.1|II,I
PQ686946.1|II,I
OR464208.1|II,I
OP257255.1|II,I
OP205096.1|II,I
OP604519.1|II,I
OQ721938.1|II,I
OZ261958.1|II,I
OP055804.1|II,I
OQ706781.1|II,I
OP310056.1|II,I
OP279045.1|II,I
OP303778.1|II,I
OP373386.1|II,I
OR209311.1|II,I
OP215219.1|II,I
PQ672981.1|II,I
OP626111.1|II,I
OP310040.1|II,I
OQ419017.1|II,I
OR209322.1|II,I
ON803431.1|II,I
OZ261920.1|II,I
OP415204.1|II,I
ON959173.1|II,I
OR759164.1|II,I
OP603003.1|II,I
OQ419042.1|II,I
OR759146.1|II,I
PP860026.1|II,I
OZ261899.1|II,I
OR146319.1|II,I
OZ271447.1|II,I
OP205135.1|II,I
OZ285531.1|II,I
OP378696.1|II,I
OZ261916.1|II,I
OP604520.1|II,I
LC876656.1|II,I
OP626123.1|II,I
OP215253.1|II,I
KJ642614.1|II,I
OP681773.1|II,I
OP415269.1|II,I
OR464215.1|II,I
OP743984.1|II,I
OP523979.1|II,I
ON649879.1|II,I
OR759219.1|II,I
OZ261959.1|II,I
OP018605.1|II,I
OP484666.1|II,I
OQ419020.1|II,I
OP837343.1|II,I
OR759217.1|II,I
OP415186.1|II,I
PQ340487.1|II,I
PQ686944.1|II,I
OQ706780.1|II,I
OZ278186.1|II,I
PQ213334.1|II,I
OZ256743.1|II,I
ON959154.1|II,I
OQ419013.1|II,I
OP018598.1|II,I
OR759167.1|II,I
OR459782.1|II,I
OX261749.1|II,I
PQ368491.1|II,I
OR855755.1|II,I
OP536686.2|II,I
ON838178.1|II,I
OQ099605.1|II,I
PQ686921.1|II,I
OZ262181.1|II,I
OR950773.1|II,I
OP205107.1|II,I
OR209319.1|II,I
OP415241.1|II,I
OQ702774.1|II,I
PQ213333.1|II,I
OZ278184.1|II,I
OP881947.1|II,I
OP715829.1|II,I
PV167033.1|II,I
OP019276.1|II,I
OR209312.1|II,I
PP533288.1|II,I
ON929090.1|II,I
OP422340.1|II,I
OP837341.1|II,I
ON838939.1|II,I
PQ153127.1|II,I
OP339851.1|II,I
OP415247.1|II,I
OP626133.1|II,I
OR766783.1|II,I
OR855758.1|II,I
LC756922.1|II,I
PQ153188.1|II,I
ON959166.1|II,I
PQ686943.1|II,I
ON682266.2|II,I
OP205075.1|II,I
OQ419007.1|II,I
OP743962.1|II,I
OR146312.1|II,I
OP320555.1|II,I
OQ320442.1|II,I
PP155391.1|II,I
ON959158.1|II,I
OP526855.1|II,I
OR160420.1|II,I
OP837342.1|II,I
OQ706774.1|II,I
OP339848.1|II,I
OR464207.1|II,I
PP587855.1|II,I
OR086982.1|II,I
OR087012.1|II,I
OQ419033.1|II,I
OP594193.1|II,I
OP215223.1|II,I
OQ721944.1|II,I
OQ721946.1|II,I
OR264432.1|II,I
OQ721951.1|II,I
PP338787.1|II,I
OP018594.1|II,I
LC756923.1|II,I
ON983168.1|II,I
ON959175.1|II,I
OP747053.1|II,I
PP852968.1|II,I
PP853037.1|II,I
OR035673.1|II,I
OP215224.1|II,I
PP098611.2|II,I
OR035702.1|II,I
OP536713.2|II,I
OR146412.1|II,I
MN346692.1|II,I
PP852973.1|II,I
OP523995.1|II,I
OR264415.1|II,I
OP257245.1|II,I
OP205097.1|II,I
PV167023.1|II,I
PP852989.1|II,I
PQ153130.1|II,I
OP837339.1|II,I
OP881941.1|II,I
ON929057.1|II,I
ON880516.1|II,I
OQ054235.1|II,I
OP205137.1|II,I
OP270473.1|II,I
MT903340.1|II,I
OR146369.1|II,I
OQ427121.1|II,I
OR759177.1|II,I
OQ706776.1|II,I
OP185711.1|II,I
OP752122.1|II,I
OP310060.1|II,I
OQ427144.1|II,I
OR146337.1|II,I
OP626112.1|II,I
OP013011.1|II,I
OQ419035.1|II,I
OP415240.1|II,I
OR459794.1|II,I
OP169342.1|II,I
OP303794.1|II,I
OR876395.1|II,I
OP215285.1|II,I
OP626128.1|II,I
OR464195.1|II,I
OP820456.1|II,I
OP205115.1|II,I
OZ271438.1|II,I
OP415261.1|II,I
PV785661.1|II,I
OP392549.1|II,I
OP415271.1|II,I
OQ503757.1|II,I
PQ686956.1|II,I
OP415213.1|II,I
OP013014.1|II,I
OP415242.1|II,I
PQ152022.1|II,I
PP002092.1|II,I
OR264462.1|II,I
PV592659.1|II,I
OP055807.1|II,I
OR464204.1|II,I
ON694338.1|II,I
PP002088.1|II,I
OP351284.2|II,I
OP743956.1|II,I
OR264442.1|II,I
OZ285534.1|II,I
ON755254.1|II,I
OZ261635.1|II,I
OP185712.1|II,I
OQ419046.1|II,I
OP013006.1|II,I
PQ672980.1|II,I
OP205103.1|II,I
OP687937.1|II,I
LC855215.1|II,I
ON755039.1|II,I
OP339852.1|II,I
OR855763.1|II,I
OR855765.1|II,I
OP133007.1|II,I
OP392534.1|II,I
OR146303.1|II,I
OP524010.1|II,I
OP215225.1|II,I
OR459797.1|II,I
OR855757.1|II,I
OR035719.1|II,I
OQ451895.1|II,I
OR766782.1|II,I
PP853027.1|II,I
OP415233.1|II,I
OQ320514.1|II,I
OQ054221.1|II,I
OP415244.1|II,I
ON853669.1|II,I
OR146437.1|II,I
OZ261917.1|II,I
KJ642617.1|II,I
OP185715.1|II,I
OP523987.1|II,I
OR759158.1|II,I
OP752119.1|II,I
PV785664.1|II,I
OP603006.1|II,I
MT903344.1|II,I
ON929072.1|II,I
OQ557956.1|II,I
OP626118.1|II,I
ON983162.1|II,I
OR421480.1|II,I
PP588407.1|II,I
OR459778.1|II,I
OP205127.1|II,I
OP687926.1|II,I
PV167031.1|II,I
OR665166.1|II,I
OR759235.1|II,I
OQ721922.1|II,I
OR464203.1|II,I
OP764622.1|II,I
