kind,label,k,n,precision_mean,precision_std,recall_mean,recall_std,f1_mean,f1_std
global,accuracy,2,1,,,,,0.03,
global,macro avg,2,1,0.0,,0.17,,0.01,
global,weighted avg,2,1,0.0,,0.03,,0.0,
global,accuracy,3,38,,,,,0.2445,0.1528
global,macro avg,3,38,0.2113,0.2377,0.2621,0.1625,0.1571,0.1798
global,weighted avg,3,38,0.2271,0.2654,0.2445,0.1528,0.1511,0.1777
global,accuracy,4,38,,,,,0.4437,0.2758
global,macro avg,4,38,0.3979,0.3003,0.4126,0.2786,0.3292,0.2939
global,weighted avg,4,38,0.4745,0.3328,0.4437,0.2758,0.3871,0.3063
global,accuracy,5,38,,,,,0.5232,0.2502
global,macro avg,5,38,0.5495,0.2343,0.49,0.2226,0.4197,0.2422
global,weighted avg,5,38,0.6455,0.2427,0.5232,0.2502,0.4847,0.262
global,accuracy,6,38,,,,,0.4995,0.3045
global,macro avg,6,38,0.5197,0.2782,0.5097,0.2651,0.4284,0.2917
global,weighted avg,6,38,0.6237,0.3113,0.4995,0.3045,0.4779,0.3247
global,accuracy,7,38,,,,,0.5021,0.2984
global,macro avg,7,38,0.4884,0.2647,0.5153,0.2358,0.4187,0.2688
global,weighted avg,7,38,0.6024,0.296,0.5021,0.2984,0.4845,0.3055
global,accuracy,8,38,,,,,0.6063,0.2699
global,macro avg,8,38,0.5826,0.2383,0.6087,0.2515,0.5363,0.2514
global,weighted avg,8,38,0.6826,0.2783,0.6063,0.2699,0.59,0.2805
global,accuracy,9,38,,,,,0.5776,0.3271
global,macro avg,9,38,0.5437,0.2837,0.5721,0.3037,0.5003,0.3036
global,weighted avg,9,38,0.6374,0.3066,0.5776,0.3271,0.5658,0.3315
global,accuracy,10,38,,,,,0.61,0.2889
global,macro avg,10,38,0.5471,0.2548,0.5661,0.2677,0.505,0.2736
global,weighted avg,10,38,0.6813,0.2562,0.61,0.2889,0.5968,0.2953
class,A,2,1,0.0,,0.0,,0.0,
class,B,2,1,0.0,,0.0,,0.0,
class,C,2,1,0.0,,0.0,,0.0,
class,D,2,1,0.0,,0.0,,0.0,
class,E,2,1,0.03,,1.0,,0.05,
class,F,2,1,0.0,,0.0,,0.0,
class,A,3,38,0.18,0.3444,0.2324,0.4023,0.1532,0.2918
class,B,3,38,0.3139,0.4338,0.1742,0.3306,0.1608,0.2961
class,C,3,38,0.1579,0.3695,0.0418,0.1521,0.0563,0.178
class,D,3,38,0.3124,0.2401,0.8961,0.2474,0.3832,0.1865
class,E,3,38,0.1682,0.3601,0.1382,0.3226,0.0974,0.2558
class,F,3,38,0.1358,0.3321,0.0834,0.2197,0.095,0.24
class,A,4,38,0.3163,0.4535,0.2792,0.406,0.2732,0.4067
class,B,4,38,0.5074,0.4016,0.5497,0.4324,0.4213,0.3518
class,C,4,38,0.5392,0.4244,0.4358,0.4291,0.4329,0.3959
class,D,4,38,0.4053,0.4102,0.4334,0.4635,0.3232,0.3785
class,E,4,38,0.2839,0.4091,0.2655,0.4055,0.2184,0.3481
class,F,4,38,0.3376,0.4203,0.5179,0.4396,0.305,0.3959
class,A,5,38,0.4653,0.4067,0.4924,0.4589,0.3668,0.3702
class,B,5,38,0.6137,0.3881,0.4445,0.4296,0.4205,0.379
class,C,5,38,0.7276,0.3405,0.5687,0.4053,0.5626,0.3551
class,D,5,38,0.6529,0.3554,0.5805,0.4228,0.4979,0.3615
class,E,5,38,0.4476,0.4425,0.3834,0.3935,0.3224,0.3699
class,F,5,38,0.3926,0.4224,0.4716,0.4252,0.3468,0.4003
class,A,6,38,0.4774,0.3837,0.5426,0.4143,0.4371,0.3619
class,B,6,38,0.6713,0.4046,0.4492,0.4095,0.4747,0.4009
class,C,6,38,0.6884,0.4057,0.4226,0.395,0.4721,0.4033
class,D,6,38,0.5403,0.3297,0.7439,0.364,0.5655,0.3243
class,E,6,38,0.3597,0.3768,0.4776,0.4364,0.3037,0.3461
class,F,6,38,0.3805,0.4254,0.4234,0.4102,0.3171,0.3727
class,A,7,38,0.5187,0.3944,0.5179,0.4503,0.4576,0.4059
class,B,7,38,0.6266,0.3486,0.4508,0.4275,0.4376,0.393
class,C,7,38,0.6482,0.4024,0.5203,0.4327,0.5284,0.4133
class,D,7,38,0.5766,0.3947,0.5261,0.4309,0.5018,0.4132
class,E,7,38,0.3047,0.3749,0.5,0.4288,0.2979,0.3406
class,F,7,38,0.2547,0.3516,0.5718,0.4405,0.2879,0.3568
class,A,8,38,0.6079,0.3653,0.6116,0.4213,0.5318,0.3828
class,B,8,38,0.605,0.3828,0.6032,0.4159,0.5584,0.3878
class,C,8,38,0.7392,0.3589,0.5734,0.4293,0.5982,0.4183
class,D,8,38,0.7676,0.3574,0.6763,0.3671,0.6818,0.3674
class,E,8,38,0.445,0.3583,0.6937,0.377,0.4966,0.3564
class,F,8,38,0.3305,0.3579,0.4979,0.4238,0.3558,0.3687
class,A,9,38,0.5416,0.4117,0.4703,0.4576,0.4545,0.4368
class,B,9,38,0.6795,0.3813,0.6442,0.3907,0.6313,0.379
class,C,9,38,0.6542,0.3826,0.5658,0.4345,0.5718,0.4242
class,D,9,38,0.6461,0.3932,0.5766,0.4487,0.5566,0.4336
class,E,9,38,0.4018,0.3687,0.5574,0.4355,0.4105,0.3672
class,F,9,38,0.3397,0.369,0.6139,0.4525,0.3716,0.3835
class,A,10,38,0.5147,0.395,0.5192,0.4518,0.4645,0.4167
class,B,10,38,0.7513,0.2871,0.7295,0.3761,0.7011,0.3444
class,C,10,38,0.7589,0.3173,0.5829,0.4156,0.6039,0.3888
class,D,10,38,0.5474,0.4169,0.5787,0.4334,0.5521,0.4203
class,E,10,38,0.4676,0.3895,0.5097,0.4344,0.4155,0.39
class,F,10,38,0.24,0.3159,0.4753,0.4336,0.2863,0.3557
