wndwPercent,metric,windows,kmerset,final_len,Epsilon.fasta,Delta.fasta,Kappa.fasta,Gamma.fasta,Iota.fasta,Eta.fasta,Lambda.fasta,Omicron.fasta,Beta.fasta,Alpha.fasta,macro_f1,macro_precision,macro_recall,cm
0.0015,manhattan,20,2691,9466,0.9986,0.9964,0.7755,0.9174,0.9976,0.6076,0.9812,0.9967,0.995,0.9957,0.9262,0.8872,0.9968,[14562 2 2 12 0 7 0 0 0 0; 3 9287 4 0 0 18 1 6 0 0; 0 0 38 0 0 0 0 0 0 0; 0 0 0 8033 0 7 0 0 0 0; 3 0 0 80 19095 6 0 0 1 0; 0 0 0 0 0 627 0 0 0 0; 0 0 0 0 0 0 339 0 0 0; 0 13 8 44 0 623 0 105516 0 0; 1 1 0 2 0 0 0 0 602 0; 10 20 8 1301 3 149 12 5 1 173614]
0.0015,manhattan,7,2815,9591,0.9993,0.9968,0.5802,0.9783,0.9913,0.9372,1.0,0.997,0.9926,0.9995,0.9472,0.9218,0.9982,[14570 0 0 7 0 1 0 0 7 0; 3 9294 11 2 7 1 0 0 0 1; 0 0 38 0 0 0 0 0 0 0; 0 1 9 8011 0 7 0 10 0 2; 0 0 0 2 19183 0 0 0 0 0; 0 0 0 0 0 627 0 0 0 0; 0 0 0 0 0 0 339 0 0 0; 1 13 35 256 320 2 0 105577 0 0; 0 1 0 1 0 0 0 0 604 0; 1 20 0 59 7 73 0 0 0 174963]
0.0015,manhattan,9,2886,9537,0.9986,0.9909,0.9048,0.9925,0.9968,0.7969,0.9971,0.9982,0.9869,0.9996,0.9662,0.943,0.9979,[14573 2 3 0 0 7 0 0 0 0; 3 9297 4 3 0 5 0 6 0 1; 0 0 38 0 0 0 0 0 0 0; 1 1 0 8032 0 5 0 0 0 1; 3 0 0 97 19067 8 1 0 7 2; 0 1 0 0 0 626 0 0 0 0; 0 1 0 0 0 0 338 0 0 0; 16 62 1 8 1 271 0 105845 0 0; 1 0 0 0 0 0 0 0 605 0; 6 82 0 5 2 22 0 13 8 174985]
0.0015,manhattan,11,2850,9612,0.9988,0.9959,0.8736,0.9796,0.9972,0.884,0.97,0.9924,0.9611,0.9956,0.9648,0.9396,0.9956,[14565 9 0 0 4 4 0 0 3 0; 1 9272 11 1 2 11 0 18 0 3; 0 0 38 0 0 0 0 0 0 0; 5 0 0 7886 0 2 0 141 6 0; 4 0 0 0 19095 64 0 22 0 0; 0 0 0 0 0 625 0 2 0 0; 0 0 0 0 0 0 339 0 0 0; 5 20 0 5 3 61 20 106068 22 0; 0 0 0 0 0 0 0 0 606 0; 1 1 0 168 7 20 1 1315 18 173592]
0.0015,manhattan,13,2850,9547,0.9988,0.9974,0.8837,0.9878,0.9983,0.6886,0.8637,0.9995,0.9959,0.9978,0.9412,0.9044,0.9984,[14554 0 0 7 13 8 0 0 3 0; 0 9286 8 5 0 13 4 2 0 1; 0 0 38 0 0 0 0 0 0 0; 0 0 0 8033 3 4 0 0 0 0; 0 0 0 3 19137 8 3 34 0 0; 0 0 0 0 0 627 0 0 0 0; 0 0 0 0 0 0 339 0 0 0; 3 14 0 11 1 9 27 106139 0 0; 0 0 0 1 0 0 0 0 605 0; 1 2 2 164 1 525 73 0 1 174354]
0.0015,manhattan,10,2675,9589,0.998,0.9967,0.962,0.997,0.9992,0.8321,0.9741,0.9987,0.9926,0.9995,0.975,0.957,0.9983,[14553 28 0 0 0 4 0 0 0 0; 4 9304 0 1 0 0 0 5 0 5; 0 0 38 0 0 0 0 0 0 0; 2 3 0 8017 0 4 0 0 0 14; 1 4 0 2 19158 4 0 0 5 11; 0 0 0 0 0 627 0 0 0 0; 0 0 0 0 1 0 338 0 0 0; 14 10 3 19 0 157 17 105961 2 21; 0 0 0 0 0 0 0 1 604 1; 4 1 0 3 1 84 0 25 0 175005]
0.0015,manhattan,4,2826,9690,0.9981,0.9975,0.8941,0.9897,0.9991,0.9606,0.8062,0.9985,0.9758,0.9994,0.9619,0.9363,0.996,[14560 0 2 11 0 0 0 1 11 0; 1 9292 4 8 0 2 1 11 0 0; 0 0 38 0 0 0 0 0 0 0; 0 0 0 8040 0 0 0 0 0 0; 1 0 2 11 19155 0 5 1 10 0; 0 0 0 6 0 610 11 0 0 0; 0 0 0 0 0 0 339 0 0 0; 28 18 1 48 0 15 129 105965 0 0; 0 0 0 2 0 0 0 0 604 0; 1 1 0 82 3 16 17 70 7 174926]
0.0015,manhattan,7,2839,9626,0.9984,0.9905,0.8636,0.9987,0.9981,0.9728,0.9854,0.9993,0.9797,0.9995,0.9786,0.9622,0.9986,[14554 0 0 0 9 4 2 4 12 0; 2 9302 10 0 0 1 0 4 0 0; 0 0 38 0 0 0 0 0 0 0; 1 1 0 8029 0 2 3 3 1 0; 2 3 0 0 19171 0 2 3 4 0; 0 0 0 0 0 627 0 0 0 0; 0 0 0 0 1 0 338 0 0 0; 8 21 2 5 48 28 1 106089 2 0; 0 0 0 1 0 0 1 0 604 0; 2 136 0 4 1 0 0 24 4 174952]
0.0015,manhattan,9,2890,9561,0.9994,0.9587,0.8736,0.9931,0.9991,0.914,0.9985,0.9994,0.9975,0.9975,0.9731,0.9522,0.9984,[14576 1 0 4 0 3 0 1 0 0; 1 9305 7 0 1 0 0 4 1 0; 0 0 38 0 0 0 0 0 0 0; 0 15 0 8013 7 2 0 3 0 0; 6 0 0 5 19168 2 0 2 0 2; 0 0 0 0 0 627 0 0 0 0; 0 0 0 0 0 0 339 0 0 0; 0 7 0 4 0 105 1 106083 0 4; 0 0 0 0 2 0 0 0 604 0; 1 765 4 71 7 6 0 5 0 174264]
0.0015,manhattan,8,2840,9608,0.9986,0.9699,0.8916,0.9906,0.9961,0.9015,0.9883,0.9993,0.9892,0.9984,0.9724,0.9546,0.9933,[14547 20 3 7 1 7 0 0 0 0; 0 9310 2 1 0 6 0 0 0 0; 0 1 37 0 0 0 0 0 0 0; 0 4 0 8029 0 6 0 1 0 0; 1 8 0 123 19043 6 3 1 0 0; 0 0 0 0 0 627 0 0 0 0; 0 0 1 1 0 0 337 0 0 0; 1 24 1 4 4 88 3 106073 2 4; 0 0 0 2 0 8 0 0 595 1; 1 512 1 3 2 16 0 8 0 174580]
0.0015,manhattan,11,2705,9626,0.9996,0.962,0.987,0.9854,0.9994,0.9675,0.8681,0.9955,0.9917,0.9998,0.9756,0.963,0.9917,[14575 0 1 3 0 0 6 0 0 0; 0 9292 0 4 0 0 7 13 0 3; 0 0 38 0 0 0 0 0 0 0; 0 3 0 8006 0 0 4 22 1 4; 0 2 0 11 19167 0 5 0 0 0; 0 0 0 2 0 595 30 0 0 0; 0 0 0 0 0 0 339 0 0 0; 0 690 0 150 4 2 49 105309 0 0; 2 0 0 1 0 4 0 2 597 0; 1 12 0 33 2 2 2 23 0 175048]
0.0015,manhattan,7,2708,9590,0.9978,0.9796,0.95,0.9896,0.9962,0.989,0.9867,0.9993,0.9535,0.9995,0.9841,0.974,0.9952,[14561 7 0 0 5 3 0 1 7 1; 0 9265 1 0 0 0 0 48 3 2; 0 0 38 0 0 0 0 0 0 0; 0 156 0 7876 0 2 0 5 0 1; 39 60 0 0 19077 0 1 3 5 0; 0 0 0 0 0 627 0 0 0 0; 0 4 0 0 0 0 335 0 0 0; 0 9 0 0 31 4 2 106141 17 0; 0 0 0 0 0 0 1 0 605 0; 1 95 3 2 2 5 1 24 26 174964]
0.0015,manhattan,11,2784,9593,0.9981,0.9982,0.8444,0.9966,0.998,0.8837,0.984,0.999,0.9468,0.9999,0.9649,0.9382,0.9988,[14548 0 0 11 0 7 0 0 19 0; 1 9294 4 2 0 6 3 5 0 4; 0 0 38 0 0 0 0 0 0 0; 0 0 0 8037 0 2 0 0 0 1; 1 0 0 3 19128 5 1 0 47 0; 0 0 0 0 0 627 0 0 0 0; 0 0 0 0 0 0 339 0 0 0; 0 7 3 21 17 145 7 106003 1 0; 0 0 0 1 0 0 0 0 605 0; 17 1 7 14 3 0 0 5 0 175076]
0.0015,manhattan,9,2726,9603,0.999,0.988,1.0,0.9797,0.9972,0.8613,0.9767,0.9972,0.9877,0.9998,0.9787,0.9636,0.9973,[14562 0 0 8 2 7 0 1 5 0; 2 9298 0 1 1 3 3 5 3 3; 0 0 38 0 0 0 0 0 0 0; 2 0 0 8034 0 4 0 0 0 0; 0 0 0 89 19091 3 1 0 0 1; 0 0 0 0 0 627 0 0 0 0; 0 0 0 2 1 0 336 0 0 0; 0 202 0 188 5 185 0 105622 2 0; 0 0 0 1 0 0 1 0 604 0; 1 3 0 38 6 0 8 0 3 175064]
0.0015,manhattan,12,2761,9490,0.9989,0.984,0.95,0.9203,0.9974,0.9147,0.9456,0.9982,0.983,0.9959,0.9688,0.9433,0.998,[14567 7 0 2 0 6 0 2 1 0; 2 9301 0 1 0 0 0 14 1 0; 0 0 38 0 0 0 0 0 0 0; 1 0 0 8032 0 4 0 2 1 0; 1 0 0 82 19089 5 0 3 5 0; 0 0 0 0 0 627 0 0 0 0; 0 0 0 0 0 0 339 0 0 0; 9 197 4 41 0 52 39 105862 0 0; 0 0 0 0 0 0 0 0 606 0; 2 81 0 1258 2 50 0 24 13 173693]
0.0015,manhattan,6,2829,9675,0.9976,0.9969,0.5891,0.9884,0.9978,0.8283,1.0,0.9971,0.8265,0.9996,0.9221,0.8802,0.9982,[14577 0 2 0 0 6 0 0 0 0; 2 9276 2 2 0 20 0 11 1 5; 0 0 38 0 0 0 0 0 0 0; 1 0 0 8030 0 4 0 0 0 5; 54 0 3 10 19108 4 0 0 6 0; 0 0 0 0 0 627 0 0 0 0; 0 0 0 0 0 0 339 0 0 0; 1 14 41 156 3 136 0 105612 240 1; 0 1 0 0 0 0 0 0 605 0; 3 0 5 10 3 90 0 6 6 175000]
0.0015,manhattan,6,2886,9646,0.9989,0.9679,0.9367,0.9976,0.9963,0.7295,0.9956,0.9979,0.9023,0.9982,0.9521,0.923,0.9949,[14556 5 0 0 0 10 0 0 14 0; 0 9299 3 2 0 13 0 2 0 0; 0 1 37 0 0 0 0 0 0 0; 0 4 0 8031 0 5 0 0 0 0; 2 2 0 1 19045 7 0 12 116 0; 0 0 0 0 0 627 0 0 0 0; 0 0 0 0 0 1 338 0 0 0; 0 90 0 3 0 325 2 105784 0 0; 0 1 0 0 0 0 0 0 605 0; 0 493 1 23 2 104 0 1 0 174499]
0.0015,manhattan,8,2887,9595,0.9976,0.997,0.9048,0.9949,0.9992,0.7162,0.9912,0.9977,0.6594,0.9978,0.9256,0.8842,0.9985,[14567 2 0 10 0 6 0 0 0 0; 4 9296 0 1 0 0 4 9 4 1; 0 0 38 0 0 0 0 0 0 0; 0 2 0 8033 0 5 0 0 0 0; 16 2 0 4 19158 5 0 0 0 0; 0 0 0 0 0 627 0 0 0 0; 0 0 0 0 0 0 339 0 0 0; 25 22 1 34 4 383 2 105732 0 1; 0 0 0 0 0 0 0 0 606 0; 7 5 7 26 0 98 0 5 622 174353]
0.0015,manhattan,3,2726,9659,0.9989,0.9904,0.8941,0.9968,0.997,0.7113,0.9941,0.9959,0.9959,0.999,0.9573,0.9314,0.9983,[14576 3 0 0 1 2 0 2 1 0; 1 9284 1 3 0 0 0 25 0 5; 0 0 38 0 0 0 0 0 0 0; 0 0 0 8034 0 4 0 1 0 1; 10 0 0 2 19138 4 0 28 3 0; 0 0 0 0 0 627 0 0 0 0; 0 0 0 0 0 0 339 0 0 0; 10 74 8 37 62 422 3 105586 0 2; 0 0 0 0 0 0 1 0 605 0; 1 68 0 3 6 77 0 187 0 174781]
0.0015,manhattan,6,2785,9628,0.9993,0.9965,0.9048,0.9791,0.9995,0.933,0.9631,0.9996,0.9886,0.9988,0.9762,0.9564,0.999,[14567 2 0 0 1 10 0 0 2 3; 0 9276 8 9 0 10 0 10 0 6; 0 0 38 0 0 0 0 0 0 0; 0 2 0 8032 0 5 0 0 0 1; 0 0 0 1 19174 6 0 1 3 0; 0 0 0 0 0 627 0 0 0 0; 0 0 0 0 0 0 339 0 0 0; 0 13 0 7 2 9 26 106131 0 16; 0 0 0 0 0 0 0 0 606 0; 1 5 0 318 4 50 0 0 9 174736]
0.0015,manhattan,8,2739,9631,0.999,0.9924,0.8539,0.987,0.9989,0.9762,0.9713,0.999,0.9901,0.9995,0.9767,0.9606,0.9968,[14555 4 0 3 12 6 4 0 1 0; 0 9310 6 2 1 0 0 0 0 0; 0 0 38 0 0 0 0 0 0 0; 0 1 0 8028 0 6 0 1 1 3; 0 2 0 3 19174 5 0 1 0 0; 0 0 0 12 0 615 0 0 0 0; 0 0 0 0 0 0 339 0 0 0; 0 42 4 126 13 1 16 105999 1 2; 0 1 1 0 1 0 0 0 603 0; 0 83 2 54 6 0 0 5 6 174967]
0.0015,manhattan,9,2842,9587,0.9982,0.9959,0.8352,0.9902,0.9957,0.9805,0.9826,0.9995,0.9984,0.9999,0.9776,0.9617,0.9983,[14573 0 0 0 5 7 0 0 0 0; 7 9300 8 0 0 1 1 2 0 0; 0 0 38 0 0 0 0 0 0 0; 3 13 0 8017 0 5 0 0 1 1; 2 5 0 126 19045 6 0 0 1 0; 0 0 0 0 0 627 0 0 0 0; 0 0 0 0 1 0 338 0 0 0; 28 36 6 6 14 5 6 106101 0 2; 0 0 0 0 0 0 0 0 606 0; 1 3 1 4 4 1 4 0 0 175105]
0.0015,manhattan,13,2818,9558,0.9988,0.9879,0.3348,0.9932,0.9969,0.9747,0.9754,0.9989,0.965,0.9997,0.9225,0.9056,0.993,[14557 9 3 4 0 0 0 3 9 0; 3 9270 27 2 0 0 0 15 0 2; 0 0 38 0 0 0 0 0 0 0; 0 0 0 8039 0 0 0 1 0 0; 3 1 2 92 19070 0 1 1 15 0; 0 0 30 0 0 597 0 0 0 0; 0 0 1 0 1 0 337 0 0 0; 1 167 4 8 0 0 14 106005 5 0; 0 0 0 0 0 0 0 0 606 0; 1 2 84 3 3 1 0 8 15 175006]
0.0015,manhattan,11,2740,9580,0.9994,0.9591,0.9157,0.9971,0.9982,0.6201,0.859,0.9961,0.9461,0.9975,0.9288,0.8872,0.9953,[14573 1 0 0 0 7 0 0 3 1; 0 9307 3 1 0 3 0 3 0 2; 0 0 38 0 0 0 0 0 0 0; 0 3 0 8030 0 5 0 0 0 2; 0 3 0 4 19120 4 0 0 53 1; 0 10 0 0 0 617 0 0 0 0; 0 0 0 0 0 4 335 0 0 0; 2 668 2 24 2 5 83 105403 10 5; 0 0 0 0 0 0 0 0 606 0; 3 96 2 8 2 718 23 14 3 174254]
0.0015,manhattan,11,2817,9580,0.9989,0.9957,0.962,0.9864,0.9976,0.5262,0.9568,0.9978,0.9805,0.9974,0.9399,0.9154,0.9954,[14555 0 0 3 0 7 0 0 20 0; 2 9274 1 7 0 24 0 11 0 0; 0 0 38 0 0 0 0 0 0 0; 0 0 0 8037 0 3 0 0 0 0; 0 0 0 75 19106 3 0 0 1 0; 0 0 0 0 0 627 0 0 0 0; 0 0 0 6 0 1 332 0 0 0; 0 18 2 88 10 279 23 105784 0 0; 0 0 0 3 0 0 0 0 603 0; 0 18 0 36 2 812 0 42 0 174213]
0.0015,manhattan,13,2808,9546,0.9989,0.995,0.8,0.9955,0.9962,0.9639,0.8188,0.9985,0.9308,0.9998,0.9497,0.9148,0.9981,[14570 1 1 7 1 3 1 1 0 0; 1 9268 5 0 1 7 3 34 0 0; 0 0 38 0 0 0 0 0 0 0; 1 3 0 8014 0 3 1 0 18 0; 12 5 0 6 19088 4 0 0 70 0; 0 0 0 0 0 627 0 0 0 0; 0 0 0 0 0 0 339 0 0 0; 1 24 8 18 43 24 145 105940 1 0; 0 0 0 0 0 0 0 1 605 0; 1 10 5 15 3 6 0 16 0 175067]
0.0015,manhattan,17,2705,9525,0.9988,0.9964,0.9157,0.9881,0.9972,0.8836,0.9971,0.998,0.9549,0.9999,0.973,0.9531,0.9966,[14554 2 0 10 3 4 0 0 12 0; 0 9304 3 1 1 0 0 7 2 1; 0 0 38 0 0 0 0 0 0 0; 1 0 0 8028 0 4 0 2 0 5; 0 2 0 21 19160 1 0 1 0 0; 0 0 0 1 0 626 0 0 0 0; 0 0 0 0 0 0 339 0 0 0; 0 40 4 112 74 155 1 105789 29 0; 1 0 0 10 1 0 1 0 593 0; 1 8 0 27 3 0 0 0 0 175084]
0.0015,manhattan,9,2693,9592,0.999,0.9966,0.1108,0.9867,0.9961,0.9614,0.9769,0.9965,0.9573,0.9998,0.8981,0.8852,0.9952,[14563 0 0 14 0 7 0 0 1 0; 3 9297 7 3 0 5 0 1 0 3; 0 0 38 0 0 0 0 0 0 0; 0 0 0 8030 0 6 0 0 2 2; 2 3 0 110 19062 3 0 2 3 0; 0 3 0 14 0 610 0 0 0 0; 0 0 0 0 0 0 339 0 0 0; 2 23 598 56 23 5 16 105456 25 0; 0 0 0 1 0 0 0 0 605 0; 0 13 5 8 2 6 0 0 22 175067]
0.0015,manhattan,8,2749,9634,0.9989,0.983,0.987,0.9968,0.9973,0.9631,0.9897,0.9981,0.9321,0.9999,0.9846,0.9725,0.9979,[14574 2 0 5 1 2 0 0 1 0; 4 9309 0 1 0 3 0 1 0 1; 0 0 38 0 0 0 0 0 0 0; 0 5 0 8030 0 0 0 0 5 0; 1 1 0 8 19093 2 0 0 80 0; 0 0 0 0 0 627 0 0 0 0; 0 0 0 0 2 0 337 0 0 0; 12 301 1 19 6 41 3 105815 0 6; 0 0 0 0 0 0 1 0 604 1; 4 3 0 8 2 0 1 3 0 175102]
0.0015,manhattan,9,2758,9618,0.9967,0.9968,0.9383,0.995,0.9991,0.8825,0.9686,0.999,0.9983,0.9996,0.9774,0.9595,0.9987,[14560 8 0 0 1 7 7 2 0 0; 0 9288 4 4 0 17 0 5 0 1; 0 0 38 0 0 0 0 0 0 0; 0 0 0 8028 7 5 0 0 0 0; 1 0 0 1 19178 4 0 1 0 0; 0 0 0 0 0 627 0 0 0 0; 0 0 0 0 0 0 339 0 0 0; 68 18 1 48 13 33 14 106009 0 0; 0 0 0 1 1 0 0 0 604 0; 1 3 0 14 5 101 1 4 0 174994]
0.0015,manhattan,10,2757,9617,0.9989,0.9588,0.6609,0.9948,0.9972,0.9015,0.898,0.9985,0.9365,0.9976,0.9343,0.8921,0.9983,[14574 2 0 1 0 7 0 0 1 0; 0 9303 10 3 0 0 0 1 1 1; 0 0 38 0 0 0 0 0 0 0; 1 0 0 8032 0 7 0 0 0 0; 11 2 0 27 19106 6 0 0 33 0; 0 0 0 0 0 627 0 0 0 0; 0 0 0 0 0 0 339 0 0 0; 7 15 28 40 27 101 77 105897 11 1; 1 0 0 0 0 0 0 0 605 0; 2 764 1 5 1 16 0 7 35 174292]
0.0015,manhattan,8,2810,9621,0.9986,0.9896,0.3193,0.9978,0.9993,0.8812,0.925,0.9977,0.9718,0.9996,0.908,0.8763,0.9985,[14550 0 0 0 9 11 0 0 14 1; 0 9294 1 3 0 20 0 0 1 0; 0 0 38 0 0 0 0 0 0 0; 1 4 0 8031 0 4 0 0 0 0; 1 2 1 2 19174 5 0 0 0 0; 0 0 0 0 0 627 0 0 0 0; 0 0 0 0 0 0 339 0 0 0; 3 74 160 16 0 122 55 105756 18 0; 0 1 0 0 0 0 0 1 604 0; 0 90 0 6 5 7 0 42 0 174973]
0.0015,manhattan,6,2852,9683,0.9992,0.9944,0.8837,0.996,0.9975,0.9543,0.984,0.9993,0.9878,0.9997,0.9796,0.9636,0.9984,[14568 0 0 2 0 8 0 0 7 0; 3 9294 3 0 0 5 0 11 2 1; 0 0 38 0 0 0 0 0 0 0; 0 1 0 8031 0 8 0 0 0 0; 0 48 0 28 19092 10 2 0 3 2; 0 0 0 0 0 627 0 0 0 0; 0 0 0 0 0 1 338 0 0 0; 2 23 5 18 1 9 7 106137 2 0; 0 0 0 0 0 1 0 0 605 0; 2 7 2 7 2 18 1 61 0 175023]
0.0015,manhattan,13,2854,9509,0.9991,0.9842,0.7525,0.9984,0.9995,0.9609,0.9854,0.9985,0.9861,0.9998,0.9664,0.9446,0.9985,[14559 5 0 1 0 5 0 13 2 0; 0 9303 9 0 0 0 0 6 1 0; 0 0 38 0 0 0 0 0 0 0; 0 2 0 8032 0 5 0 0 0 1; 0 1 0 2 19167 7 2 1 5 0; 0 0 0 0 0 627 0 0 0 0; 0 1 0 0 0 0 338 0 0 0; 0 264 1 5 0 19 7 105902 6 0; 0 1 1 0 0 0 0 0 604 0; 0 8 14 9 2 15 0 4 1 175070]
0.0015,manhattan,13,2698,9560,0.9983,0.9976,0.9268,0.9973,0.9992,0.9668,0.9445,0.9993,0.9813,0.9999,0.9811,0.9668,0.9969,[14567 1 0 1 0 7 0 0 9 0; 0 9293 3 0 0 12 3 8 0 0; 0 0 38 0 0 0 0 0 0 0; 0 2 0 8027 0 7 0 3 1 0; 1 0 1 0 19176 7 0 0 0 0; 1 0 0 0 0 626 0 0 0 0; 0 1 0 5 1 0 332 0 0 0; 31 10 2 22 20 2 29 106078 10 0; 0 1 0 0 0 0 0 0 605 0; 0 3 0 2 2 7 0 16 2 175091]
0.0015,manhattan,12,2696,9592,0.9979,0.9962,0.8837,0.9989,0.9997,0.4716,0.9956,0.9976,0.9766,0.9974,0.9315,0.9049,0.9972,[14563 0 9 0 0 8 0 0 5 0; 19 9270 1 1 0 23 0 3 1 1; 0 0 38 0 0 0 0 0 0 0; 0 0 0 8029 0 10 0 0 1 0; 0 0 0 2 19176 7 0 0 0 0; 0 0 0 0 0 627 0 0 0 0; 1 0 0 0 1 1 336 0 0 0; 0 13 0 1 0 484 0 105694 12 0; 0 0 0 0 0 0 0 0 606 0; 18 8 0 2 1 872 0 5 10 174207]
0.0015,manhattan,8,2695,9568,0.9995,0.9858,0.7037,0.9973,0.9986,0.8261,0.9855,0.9983,0.99,0.9995,0.9484,0.9193,0.9964,[14577 0 0 0 0 8 0 0 0 0; 0 9236 12 0 0 17 4 50 0 0; 0 0 38 0 0 0 0 0 0 0; 0 1 0 8031 1 7 0 0 0 0; 1 1 0 21 19140 7 4 11 0 0; 0 0 0 0 0 627 0 0 0 0; 0 0 0 0 0 0 339 0 0 0; 3 132 2 1 2 147 2 105915 0 0; 0 0 0 9 2 0 0 0 594 1; 3 50 18 3 3 78 0 14 0 174954]
0.0015,manhattan,6,2822,9636,0.9984,0.977,0.961,0.9925,0.9964,0.714,0.9313,0.9958,0.9829,0.9997,0.9549,0.9289,0.9933,[14573 7 0 0 0 3 0 0 2 0; 0 9301 0 2 0 7 0 8 0 1; 0 1 37 0 0 0 0 0 0 0; 1 3 0 8032 1 2 0 0 0 1; 1 2 0 93 19077 5 1 0 6 0; 0 1 0 2 0 614 0 0 10 0; 0 0 0 0 0 0 339 0 0 0; 29 379 2 12 23 387 49 105321 2 0; 0 0 0 1 0 0 0 0 605 0; 4 26 0 4 5 75 0 3 0 175006]
0.0015,manhattan,7,2849,9632,0.9988,0.9959,0.8261,0.9887,0.9985,0.9698,0.9956,0.9987,0.9858,0.9995,0.9757,0.9603,0.9965,[14554 0 0 19 1 7 0 1 3 0; 3 9276 12 4 1 8 0 15 0 0; 0 0 38 0 0 0 0 0 0 0; 0 1 1 8034 0 2 0 0 0 2; 0 0 0 40 19140 3 0 2 0 0; 0 0 0 0 0 627 0 0 0 0; 0 0 0 0 0 0 339 0 0 0; 0 10 1 84 8 17 3 106081 0 0; 0 0 0 10 0 0 0 4 592 0; 2 23 2 21 3 2 0 126 0 174944]
0.0015,manhattan,8,2807,9625,0.999,0.995,0.9744,0.9945,0.9969,0.885,0.9985,0.9996,0.9394,0.9997,0.9782,0.9616,0.998,[14559 7 0 1 1 8 0 0 9 0; 0 9271 2 1 0 39 0 3 0 3; 0 0 38 0 0 0 0 0 0 0; 0 2 0 8031 0 7 0 0 0 0; 0 0 0 39 19071 7 0 0 68 0; 0 0 0 0 0 627 0 0 0 0; 0 0 0 0 1 0 338 0 0 0; 2 30 0 27 1 9 0 106134 0 1; 1 0 0 0 0 0 0 0 605 0; 0 6 0 12 1 93 0 3 0 175008]
0.0015,manhattan,9,2807,9616,0.9986,0.997,0.9268,0.995,0.9989,0.9316,0.9826,0.9986,0.6044,0.9973,0.9431,0.9121,0.9983,[14554 0 0 2 6 3 0 1 19 0; 2 9282 5 2 1 10 0 16 0 1; 0 0 38 0 0 0 0 0 0 0; 1 0 0 8029 4 2 0 1 0 3; 0 0 0 9 19167 2 0 5 2 0; 0 0 0 0 0 627 0 0 0 0; 0 0 0 0 0 0 339 0 0 0; 2 15 0 50 12 51 12 106047 1 14; 1 0 0 0 0 0 0 0 605 0; 4 4 1 7 3 24 0 119 769 174192]
0.0015,manhattan,4,2878,9673,0.9984,0.9954,0.881,0.9955,0.9994,0.9936,0.9883,0.9994,0.995,0.9999,0.9846,0.9761,0.9947,[14574 0 1 6 0 0 1 1 2 0; 8 9268 7 10 0 1 2 23 0 0; 0 1 37 0 0 0 0 0 0 0; 5 0 0 8035 0 0 0 0 0 0; 4 0 1 11 19165 0 0 2 0 2; 0 6 0 1 0 620 0 0 0 0; 0 0 0 0 0 0 339 0 0 0; 3 26 0 36 0 0 4 106129 0 6; 3 0 0 0 0 0 0 0 602 1; 14 1 0 4 2 0 1 21 0 175080]
0.0015,manhattan,6,2752,9637,0.9992,0.9943,0.8085,0.998,0.999,0.9713,0.9064,0.999,1.0,0.9999,0.9676,0.9439,0.9992,[14571 2 1 2 2 7 0 0 0 0; 6 9274 0 0 0 11 0 28 0 0; 0 0 38 0 0 0 0 0 0 0; 0 0 0 8038 0 2 0 0 0 0; 1 1 0 2 19175 6 0 0 0 0; 0 0 0 0 0 627 0 0 0 0; 0 0 0 0 0 0 339 0 0 0; 0 48 17 21 15 7 70 106026 0 0; 0 0 0 0 0 0 0 0 606 0; 3 10 0 5 13 4 0 4 0 175084]
0.0015,manhattan,8,2825,9581,0.9981,0.9503,0.8,0.9448,0.9813,0.8996,0.9404,0.9922,0.9711,0.9973,0.9475,0.9089,0.9965,[14541 28 0 9 1 5 0 0 0 1; 1 9304 12 1 0 1 0 0 0 0; 0 0 38 0 0 0 0 0 0 0; 1 4 0 8033 0 2 0 0 0 0; 4 2 2 68 19077 1 0 0 31 0; 0 0 0 0 0 627 0 0 0 0; 0 0 0 0 0 0 339 0 0 0; 3 918 5 34 613 38 41 104551 1 0; 0 1 0 1 0 0 0 0 604 0; 1 6 0 818 6 93 2 0 2 174195]
0.0015,manhattan,8,2799,9565,0.9995,0.9928,1.0,0.9986,0.9976,0.908,0.9784,0.9991,0.9619,0.9996,0.9836,0.97,0.999,[14574 0 0 0 3 7 1 0 0 0; 0 9293 0 0 1 4 0 21 0 0; 0 0 38 0 0 0 0 0 0 0; 0 2 0 8033 0 5 0 0 0 0; 2 0 0 2 19127 6 0 2 46 0; 0 0 0 0 0 627 0 0 0 0; 0 0 0 0 0 0 339 0 0 0; 2 81 0 9 28 11 14 106057 2 0; 0 0 0 0 0 0 0 0 606 0; 1 26 0 5 2 94 0 20 0 174975]
0.0015,manhattan,11,2754,9586,0.9986,0.9903,0.8837,0.9276,0.9992,0.7784,0.9826,0.9976,0.9743,0.9956,0.9528,0.9191,0.9981,[14551 2 0 0 0 8 0 1 23 0; 0 9301 3 0 0 5 1 9 0 0; 0 0 38 0 0 0 0 0 0 0; 0 1 1 8032 0 4 0 2 0 0; 2 1 0 7 19161 3 0 5 6 0; 0 0 0 0 0 627 0 0 0 0; 0 0 0 0 0 0 339 0 0 0; 3 111 6 2 3 235 11 105833 0 0; 0 0 0 0 0 0 0 0 606 0; 2 50 0 1237 3 102 0 127 3 173599]
0.0015,manhattan,14,2791,9501,0.9975,0.9952,0.717,0.993,0.9994,0.5844,0.9528,0.9988,0.995,0.9972,0.923,0.8881,0.9911,[14544 0 12 18 0 0 0 8 3 0; 26 9251 7 0 0 3 15 17 0 0; 0 0 38 0 0 0 0 0 0 0; 1 0 0 8030 0 4 0 5 0 0; 1 0 1 13 19164 0 0 6 0 0; 0 0 0 0 0 597 0 30 0 0; 0 0 0 0 2 4 333 0 0 0; 3 18 2 29 0 7 12 106133 0 0; 1 0 0 2 0 0 0 0 603 0; 1 4 8 42 1 801 0 117 0 174149]
0.0015,manhattan,12,2799,9537,0.9982,0.9654,0.881,0.9077,0.996,0.9358,0.9881,0.9961,0.9908,0.9959,0.9655,0.9444,0.9908,[14567 1 1 14 0 1 0 0 0 1; 0 9300 3 3 0 0 0 5 0 8; 0 1 37 0 0 0 0 0 0 0; 0 0 0 8039 0 1 0 0 0 0; 35 3 1 107 19037 0 1 0 0 1; 0 0 0 0 0 627 0 0 0 0; 0 0 0 7 0 0 332 0 0 0; 0 634 4 170 0 5 0 105386 0 5; 0 0 0 10 0 0 0 0 595 1; 0 9 0 1323 3 79 0 0 0 173709]
0.0015,manhattan,11,2675,9551,0.998,0.9974,0.8444,0.9898,0.9964,0.7937,0.9941,0.9986,0.9885,0.9997,0.9601,0.9333,0.9981,[14561 0 0 5 0 8 0 0 11 0; 1 9299 13 1 0 0 2 2 0 1; 0 0 38 0 0 0 0 0 0 0; 0 0 0 8031 0 7 0 0 0 2; 2 1 1 126 19048 6 0 0 1 0; 0 0 0 0 0 627 0 0 0 0; 0 0 0 0 0 0 339 0 0 0; 27 27 0 20 0 222 2 105901 0 5; 0 0 0 1 0 0 0 0 604 1; 4 1 0 4 2 83 0 1 0 175028]
0.0015,manhattan,14,2824,9500,0.9938,0.9975,0.9136,0.9965,0.9967,0.9683,0.9631,0.9995,0.9884,0.9997,0.9817,0.9701,0.9945,[14579 0 1 0 0 4 0 0 1 0; 9 9295 4 0 0 1 1 7 0 2; 1 0 37 0 0 0 0 0 0 0; 3 0 0 8034 0 1 0 0 2 0; 65 0 0 34 19077 5 3 1 0 0; 0 0 0 0 0 627 0 0 0 0; 0 0 0 0 0 0 339 0 0 0; 7 10 1 6 19 29 22 106110 0 0; 0 1 0 8 0 1 0 1 595 0; 91 12 0 2 1 0 0 0 0 175017]
0.0015,manhattan,13,2721,9527,0.9982,0.9954,0.8352,0.9876,0.9972,0.7909,0.9869,0.9986,0.9869,0.9992,0.9576,0.9294,0.9977,[14547 0 0 8 5 15 0 0 10 0; 7 9287 7 0 0 11 0 7 0 0; 0 0 38 0 0 0 0 0 0 0; 1 0 0 8029 0 7 0 2 0 1; 3 0 0 84 19086 8 2 2 0 0; 0 0 0 1 0 626 0 0 0 0; 0 0 0 0 0 0 339 0 0 0; 0 13 5 7 2 202 6 105966 3 0; 2 0 0 1 0 0 0 0 603 0; 2 41 3 90 2 87 1 41 0 174856]
0.0015,manhattan,9,2776,9568,0.9992,0.9966,0.987,0.9967,0.9997,0.9499,0.9927,0.9993,0.9894,0.9999,0.991,0.9836,0.999,[14564 1 0 1 2 6 1 0 10 0; 0 9310 1 2 0 1 0 4 0 1; 0 0 38 0 0 0 0 0 0 0; 0 0 0 8035 0 4 0 1 0 0; 1 1 0 0 19179 2 0 1 1 0; 0 0 0 1 0 626 0 0 0 0; 0 0 0 0 0 0 339 0 0 0; 0 51 0 32 2 44 3 106072 0 0; 0 0 0 1 0 0 0 0 604 1; 0 2 0 11 2 8 1 11 0 175088]
0.0015,manhattan,14,2841,9552,0.9986,0.9972,1.0,0.9934,0.9975,0.7726,0.9985,0.998,0.9959,0.9999,0.9752,0.9602,0.9986,[14565 2 0 8 0 7 0 0 3 0; 0 9287 0 1 0 11 0 18 0 2; 0 0 38 0 0 0 0 0 0 0; 1 0 0 8035 0 4 0 0 0 0; 2 1 0 75 19098 6 0 0 2 1; 0 0 0 0 0 627 0 0 0 0; 0 0 0 0 0 0 339 0 0 0; 18 10 0 9 6 341 1 105818 0 1; 0 0 0 0 0 0 0 0 606 0; 0 7 0 8 1 0 0 18 0 175089]
0.0015,manhattan,16,2714,9483,0.9976,0.9965,0.8636,0.99,0.9981,0.6915,0.8488,0.997,0.9861,0.9994,0.9369,0.8986,0.9958,[14573 0 0 3 2 2 0 0 5 0; 3 9270 8 14 0 13 0 3 0 8; 0 0 38 0 0 0 0 0 0 0; 2 0 0 8031 0 6 0 0 1 0; 12 0 0 55 19116 2 0 0 0 0; 0 0 0 5 0 622 0 0 0 0; 0 4 0 0 1 0 334 0 0 0; 21 11 3 25 1 437 114 105582 2 8; 0 0 0 1 0 0 0 0 605 0; 19 1 1 51 1 90 0 12 8 174940]
0.0015,manhattan,12,2853,9572,0.9963,0.9918,0.9048,0.9446,0.996,0.8868,0.9898,0.9992,0.9859,0.9971,0.9692,0.9468,0.9962,[14561 2 1 11 0 7 0 0 3 0; 1 9296 2 3 0 17 0 0 0 0; 0 0 38 0 0 0 0 0 0 0; 4 3 0 8029 0 4 0 0 0 0; 35 0 0 80 19053 5 5 6 1 0; 0 0 0 0 0 627 0 0 0 0; 0 0 0 0 0 0 339 0 0 0; 23 22 1 50 17 27 2 106061 1 0; 9 0 0 1 0 0 0 0 595 1; 11 104 4 785 3 100 0 13 1 174102]
0.0015,manhattan,10,2704,9603,0.9992,0.9951,0.9383,0.9648,0.9978,0.9316,0.9346,0.9993,0.99,0.9982,0.9749,0.9558,0.9964,[14572 2 0 3 0 6 0 0 2 0; 0 9315 1 2 0 0 1 0 0 0; 0 0 38 0 0 0 0 0 0 0; 1 2 0 8035 0 2 0 0 0 0; 0 2 1 42 19114 2 0 0 0 24; 0 0 0 0 0 627 0 0 0 0; 0 0 0 2 0 0 336 0 0 1; 2 69 0 7 8 9 42 106065 0 2; 0 0 0 9 0 0 1 0 596 0; 8 12 3 516 4 73 0 0 0 174507]
0.0015,manhattan,10,2718,9598,0.9987,0.9954,0.7835,0.9973,0.9965,0.6819,0.9897,0.9975,0.8975,0.9994,0.9337,0.8953,0.997,[14554 0 11 1 1 7 1 1 9 0; 0 9303 2 3 0 1 0 10 0 0; 0 0 38 0 0 0 0 0 0 0; 0 0 1 8029 0 2 0 2 5 1; 2 0 0 4 19055 4 0 4 116 0; 0 0 0 0 0 627 0 0 0 0; 0 0 0 3 0 0 336 0 0 0; 0 63 3 12 1 423 0 105699 3 0; 2 0 0 0 0 0 0 0 604 0; 2 7 4 10 2 148 3 16 3 174928]
0.0015,manhattan,11,2793,9567,0.9981,0.9952,0.7451,0.9844,0.9913,0.9591,0.9927,0.9982,0.9826,0.9995,0.9646,0.9465,0.9932,[14563 0 0 2 3 9 0 1 7 0; 0 9247 22 2 5 1 0 38 1 3; 0 0 38 0 0 0 0 0 0 0; 0 0 0 8034 0 4 0 0 1 1; 3 0 0 136 19042 4 0 0 0 0; 0 0 0 17 0 610 0 0 0 0; 0 0 0 0 0 0 339 0 0 0; 27 17 4 24 174 9 4 105943 0 2; 0 0 0 10 0 0 1 0 594 1; 4 0 0 58 9 8 0 74 0 174970]
0.0015,manhattan,4,2850,9673,0.999,0.9751,1.0,0.9931,0.9974,0.9757,0.9869,0.9979,0.991,0.9997,0.9916,0.9858,0.9975,[14566 7 0 11 0 1 0 0 0 0; 0 9306 0 4 2 7 0 0 0 0; 0 0 38 0 0 0 0 0 0 0; 2 2 0 8035 0 1 0 0 0 0; 1 1 0 50 19118 1 4 3 7 0; 0 0 0 5 0 622 0 0 0 0; 0 0 0 0 0 0 339 0 0 0; 7 351 0 33 28 16 5 105762 1 1; 0 1 0 2 0 0 0 0 603 0; 0 101 0 2 3 0 0 0 0 175017]
0.0015,manhattan,8,2803,9637,0.9983,0.9971,0.987,0.9935,0.9958,0.7209,0.9897,0.9973,0.9959,0.9998,0.9675,0.9504,0.9952,[14557 2 0 0 18 8 0 0 0 0; 0 9294 0 7 1 14 1 0 0 2; 0 0 38 0 0 0 0 0 0 0; 0 0 0 8036 0 4 0 0 0 0; 0 0 0 29 19147 6 0 0 3 0; 0 1 0 15 0 611 0 0 0 0; 0 0 0 0 2 0 337 0 0 0; 21 24 1 45 78 405 4 105623 0 3; 1 0 0 1 0 0 0 0 604 0; 0 2 0 4 25 20 0 0 0 175072]
0.0015,manhattan,11,2751,9600,0.9886,0.9946,0.962,0.9957,0.999,0.8676,0.9866,0.9978,0.9902,0.9995,0.9782,0.9645,0.9946,[14581 0 0 0 2 0 0 2 0 0; 8 9286 0 2 0 1 0 18 0 4; 0 0 38 0 0 0 0 0 0 0; 4 0 0 8031 0 1 0 2 0 2; 15 0 0 0 19156 4 0 0 10 0; 0 0 0 0 0 616 0 11 0 0; 0 0 0 6 1 0 331 0 1 0; 234 30 1 3 4 152 0 105780 0 0; 1 0 0 0 0 0 0 0 605 0; 71 38 2 50 2 19 1 3 0 174937]
0.0015,manhattan,9,2706,9620,0.999,0.9964,0.8941,0.9971,0.9981,0.9683,0.9927,0.9996,0.9534,0.9999,0.9799,0.9634,0.9989,[14568 1 2 8 0 4 0 0 2 0; 4 9307 2 2 0 0 0 0 0 4; 0 0 38 0 0 0 0 0 0 0; 0 3 0 8034 0 1 0 0 0 2; 2 1 0 11 19114 1 1 0 55 0; 0 0 0 0 0 627 0 0 0 0; 0 0 0 0 0 0 339 0 0 0; 3 48 2 12 2 13 4 106120 0 0; 0 0 0 1 0 0 0 0 604 1; 2 3 3 7 1 22 0 0 0 175085]
0.0015,manhattan,3,2878,9685,0.9993,0.9944,0.962,0.9933,0.9963,0.9486,0.9971,0.9965,0.9967,0.9979,0.9882,0.9784,0.9988,[14576 4 0 0 0 5 0 0 0 0; 0 9299 2 3 1 3 0 10 0 1; 0 0 38 0 0 0 0 0 0 0; 0 0 0 8033 3 2 0 0 0 2; 0 2 0 7 19174 1 0 0 1 0; 0 0 0 0 0 627 0 0 0 0; 0 0 0 0 0 0 339 0 0 0; 6 72 1 11 37 52 2 106023 0 0; 0 0 0 0 1 0 0 0 605 0; 4 7 0 80 88 5 0 561 2 174376]
0.0015,manhattan,11,2789,9597,0.9992,0.9672,0.987,0.9989,0.9975,0.9646,0.9927,0.9966,0.9758,0.9999,0.9879,0.9784,0.998,[14567 2 0 0 0 4 0 0 12 0; 0 9271 1 1 0 3 0 39 0 4; 0 0 38 0 0 0 0 0 0 0; 1 0 0 8032 0 5 0 0 1 1; 4 2 0 3 19093 5 1 76 1 0; 0 0 0 0 0 627 0 0 0 0; 0 0 0 0 0 0 339 0 0 0; 0 575 0 1 0 10 4 105596 15 3; 0 0 0 0 0 0 0 0 605 1; 1 2 0 5 3 19 0 0 0 175093]
0.0015,manhattan,11,2873,9483,0.9975,0.9956,0.6281,0.9843,0.9942,0.6572,0.8648,0.9963,0.9983,0.9992,0.9115,0.8664,0.9975,[14564 0 0 10 1 10 0 0 0 0; 2 9286 6 1 9 11 1 1 0 2; 0 0 38 0 0 0 0 0 0 0; 1 0 1 8031 0 7 0 0 0 0; 41 0 1 85 19052 5 0 0 1 0; 0 0 0 1 0 626 0 0 0 0; 0 0 0 0 0 0 339 0 0 0; 6 46 16 87 76 439 101 105433 0 0; 0 0 0 1 0 0 0 0 605 0; 2 3 21 62 3 180 4 1 0 174847]
0.0015,manhattan,4,2859,9658,0.9989,0.9544,0.7308,0.9987,0.9995,0.4458,0.97,0.996,0.9902,0.9952,0.908,0.8699,0.9975,[14567 2 2 0 0 6 0 0 8 0; 0 9301 8 0 0 5 5 0 0 0; 0 0 38 0 0 0 0 0 0 0; 2 1 0 8033 0 4 0 0 0 0; 3 2 1 0 19176 3 0 0 0 0; 0 0 0 0 0 627 0 0 0 0; 0 0 0 0 0 0 339 0 0 0; 5 736 7 8 3 40 16 105381 2 6; 0 0 0 0 1 0 0 0 604 1; 4 130 10 6 8 1501 0 20 0 173444]
0.0015,manhattan,8,2869,9542,0.9974,0.9972,1.0,0.9932,0.9963,0.9713,0.9869,0.9957,0.909,0.9973,0.9844,0.9728,0.9977,[14544 2 0 2 0 3 0 3 31 0; 7 9299 0 2 0 0 0 10 0 1; 0 0 38 0 0 0 0 0 0 0; 2 0 0 8026 0 9 0 2 0 1; 1 2 0 15 19048 0 0 31 88 0; 0 0 0 0 0 627 0 0 0 0; 0 0 0 0 0 0 339 0 0 0; 5 21 0 5 3 9 7 106154 0 0; 0 0 0 0 0 2 0 0 604 0; 21 7 0 72 2 14 2 814 0 174191]
0.0015,manhattan,13,2659,9557,0.999,0.9968,0.8636,0.993,0.9995,0.916,0.8726,0.9988,0.9918,0.9996,0.9631,0.9348,0.9987,[14575 1 0 0 2 5 1 0 1 0; 2 9294 10 2 0 1 4 5 0 1; 0 0 38 0 0 0 0 0 0 0; 2 1 0 8034 0 2 0 0 0 1; 5 0 0 0 19172 2 2 1 2 1; 0 0 0 0 0 627 0 0 0 0; 0 0 0 0 0 0 339 0 0 0; 7 24 0 98 4 7 84 105970 3 7; 0 2 0 0 0 0 0 0 603 1; 4 6 2 8 2 98 8 14 1 174980]
0.0015,manhattan,7,2865,9646,0.999,0.9831,0.9048,0.9923,0.9968,0.742,0.9812,0.9965,0.9782,0.9999,0.9574,0.929,0.9982,[14564 0 0 8 1 8 0 0 4 0; 0 9312 4 1 0 1 1 0 0 0; 0 0 38 0 0 0 0 0 0 0; 0 0 0 8035 0 5 0 0 0 0; 2 0 0 79 19071 12 0 0 21 0; 0 0 0 0 0 627 0 0 0 0; 0 0 0 0 0 0 339 0 0 0; 2 312 1 11 3 402 11 105461 1 0; 0 0 0 1 0 0 0 0 605 0; 3 2 3 20 6 8 1 0 0 175080]
0.0015,manhattan,8,2836,9557,0.9986,0.9957,0.9744,0.9909,0.9963,0.8733,0.8833,0.999,0.9789,0.9996,0.969,0.9474,0.9949,[14559 2 0 1 0 10 0 0 13 0; 5 9303 2 0 0 7 0 2 0 0; 0 0 38 0 0 0 0 0 0 0; 2 2 0 8028 0 5 0 0 3 0; 1 8 0 101 19049 5 0 21 0 0; 0 1 0 9 0 617 0 0 0 0; 1 4 0 0 1 0 333 0 0 0; 1 42 0 3 4 45 82 106020 7 0; 1 0 0 1 0 0 0 0 604 0; 3 6 0 20 2 97 0 6 1 174988]
0.0015,manhattan,16,2727,9559,0.9991,0.9949,0.8352,0.9898,0.9974,0.912,0.9851,0.9995,0.9892,0.9995,0.9702,0.9521,0.9944,[14561 12 0 2 0 6 0 1 3 0; 0 9277 12 5 0 8 0 17 0 0; 0 0 38 0 0 0 0 0 0 0; 0 3 0 8033 0 4 0 0 0 0; 1 2 0 80 19093 8 0 1 0 0; 0 0 0 0 0 627 0 0 0 0; 0 0 0 2 0 1 330 6 0 0; 0 11 1 29 1 13 1 106148 0 0; 0 0 0 10 0 0 0 0 596 0; 1 26 2 30 6 81 0 20 0 174957]
0.0015,manhattan,16,2758,9521,0.9988,0.9967,0.8636,0.9857,0.9981,0.7162,0.9912,0.9907,0.961,0.9957,0.9498,0.9186,0.9971,[14559 1 0 3 7 9 0 0 5 1; 2 9283 12 8 0 1 0 6 0 7; 0 0 38 0 0 0 0 0 0 0; 2 3 0 8026 5 4 0 0 0 0; 0 0 0 0 19137 7 0 0 41 0; 0 0 0 0 0 627 0 0 0 0; 0 0 0 0 0 0 339 0 0 0; 3 13 0 192 8 379 6 105600 0 3; 0 0 0 2 1 0 0 0 603 0; 1 9 0 14 2 97 0 1367 0 173633]
0.0015,manhattan,11,2885,9571,0.9989,0.9953,0.95,0.9877,0.9963,0.8427,0.9912,0.9991,0.9992,0.9996,0.976,0.9587,0.9981,[14562 12 0 5 0 6 0 0 0 0; 0 9290 0 16 0 5 0 8 0 0; 0 0 38 0 0 0 0 0 0 0; 0 9 1 8018 0 7 0 4 0 1; 3 5 0 117 19046 9 1 3 0 1; 0 0 0 0 0 627 0 0 0 0; 0 0 0 0 0 0 339 0 0 0; 2 21 3 21 1 116 4 106036 0 0; 0 1 0 0 0 0 0 0 605 0; 4 10 0 19 2 91 1 4 0 174992]
0.0015,manhattan,10,2732,9595,0.9995,0.9974,0.9383,0.9993,0.9998,0.9789,0.9956,0.9997,0.99,0.9999,0.9898,0.9828,0.9977,[14583 1 0 1 0 0 0 0 0 0; 6 9307 2 0 0 0 0 4 0 0; 0 0 38 0 0 0 0 0 0 0; 4 1 0 8034 0 1 0 0 0 0; 1 0 1 1 19181 0 0 0 0 1; 0 0 0 0 0 627 0 0 0 0; 0 0 0 0 0 0 339 0 0 0; 3 25 2 1 2 1 3 106167 0 0; 0 1 0 0 0 10 0 0 594 1; 0 9 0 3 2 15 0 14 0 175080]
0.0015,manhattan,16,2842,9436,0.9994,0.9901,0.5429,0.9984,0.9977,0.9721,0.9326,0.9986,0.9959,0.9997,0.9427,0.9161,0.999,[14578 0 0 0 2 5 0 0 0 0; 1 9311 1 0 0 0 0 3 0 3; 0 0 38 0 0 0 0 0 0 0; 0 7 0 8018 8 4 3 0 0 0; 4 4 0 0 19176 0 0 0 1 0; 0 0 0 0 0 627 0 0 0 0; 0 0 0 0 0 0 339 0 0 0; 4 96 62 3 69 4 44 105919 3 0; 0 0 0 0 1 0 0 0 605 0; 2 71 1 0 0 23 2 1 0 175023]
0.0015,manhattan,9,2809,9605,0.9932,0.9969,0.9157,0.9938,0.9973,0.5641,0.9883,0.9966,0.9975,0.9951,0.9438,0.9178,0.9977,[14547 10 1 0 22 5 0 0 0 0; 1 9295 3 0 1 9 0 10 0 0; 0 0 38 0 0 0 0 0 0 0; 1 0 0 8029 0 8 0 2 0 0; 1 1 0 0 19178 3 2 0 0 0; 0 0 0 0 0 627 0 0 0 0; 0 0 0 0 0 0 339 0 0 0; 0 15 3 11 70 50 1 106054 0 0; 1 0 0 1 0 1 0 0 603 0; 158 7 0 77 2 893 5 554 0 173427]
0.0015,manhattan,9,2879,9596,0.9839,0.9696,0.8,0.9993,0.999,0.8977,0.9869,0.9972,0.718,0.9997,0.9351,0.8975,0.9931,[14124 14 1 1 1 5 1 0 438 0; 0 9295 0 0 0 18 1 5 0 0; 0 0 38 0 0 0 0 0 0 0; 0 1 0 8033 2 3 0 0 1 0; 1 1 0 0 19180 2 0 0 1 0; 0 17 0 0 0 610 0 0 0 0; 0 0 0 0 0 0 339 0 0 0; 0 517 4 3 28 21 7 105609 15 0; 0 0 0 0 0 0 0 0 606 0; 0 9 14 1 2 73 0 1 21 175002]
0.0015,manhattan,11,2771,9595,0.9973,0.9964,0.9867,0.9588,0.9922,0.8505,0.9231,0.9979,0.9483,0.9979,0.9649,0.9428,0.9921,[14554 2 0 9 0 5 5 0 10 0; 6 9268 0 8 18 6 2 11 0 0; 0 1 37 0 0 0 0 0 0 0; 2 0 0 8033 3 2 0 0 0 0; 2 0 0 76 19059 1 29 1 17 0; 0 0 0 1 0 626 0 0 0 0; 0 0 0 9 0 0 330 0 0 0; 15 8 0 5 146 187 9 105832 2 0; 0 0 0 0 0 0 1 0 605 0; 24 5 0 576 5 18 0 56 36 174403]
0.0015,manhattan,13,2780,9523,0.9991,0.9766,0.9383,0.9938,0.9963,0.5095,0.9767,0.9938,0.9506,0.9957,0.933,0.9035,0.9962,[14564 8 2 3 0 5 0 0 3 0; 0 9305 1 1 0 7 0 5 0 0; 0 0 38 0 0 0 0 0 0 0; 1 3 0 8030 0 1 0 4 0 1; 1 3 0 74 19046 6 1 1 53 0; 0 0 0 0 0 627 0 0 0 0; 0 0 0 0 1 3 335 0 0 0; 2 369 2 7 0 330 11 105483 0 0; 0 0 0 0 0 0 0 0 606 0; 1 49 0 5 1 855 0 579 7 173626]
0.0015,manhattan,16,2692,9526,0.9993,0.995,0.9737,0.9985,0.9987,0.6183,0.9985,0.9962,0.9687,0.9995,0.9546,0.935,0.9955,[14571 0 0 0 4 8 0 0 2 0; 0 9289 1 1 0 1 0 26 1 0; 0 1 37 0 0 0 0 0 0 0; 1 0 0 8028 0 7 0 0 2 2; 3 0 0 0 19145 7 0 0 30 0; 0 0 0 0 0 627 0 0 0 0; 0 0 0 0 0 0 339 0 0 0; 0 55 0 6 4 657 1 105478 2 1; 0 0 0 1 0 0 0 1 604 0; 2 8 0 4 3 94 0 57 0 174955]
0.0015,manhattan,5,2837,9634,0.9996,0.9894,0.962,0.9815,0.9962,0.9255,0.9797,0.9989,0.9766,0.9993,0.9809,0.9651,0.9982,[14575 3 1 1 0 5 0 0 0 0; 0 9293 1 7 0 2 0 16 0 0; 0 0 38 0 0 0 0 0 0 0; 0 6 0 8032 0 1 0 0 0 1; 2 10 0 116 19044 2 0 0 11 0; 0 0 0 0 0 627 0 0 0 0; 0 0 0 0 1 0 338 0 0 0; 1 43 1 67 0 87 5 105998 0 2; 0 0 0 0 0 0 0 0 606 0; 0 112 0 103 4 4 8 4 18 174870]
0.0015,manhattan,8,2725,9605,0.9984,0.9815,0.9383,0.9942,0.9989,0.7333,0.8645,0.9956,0.9758,0.9999,0.948,0.9133,0.998,[14566 1 1 3 0 6 0 0 7 1; 8 9296 3 0 0 9 0 3 0 0; 0 0 38 0 0 0 0 0 0 0; 0 0 0 8030 0 7 0 0 0 3; 2 3 0 7 19145 7 1 0 20 0; 0 0 0 0 0 627 0 0 0 0; 0 0 0 1 0 0 338 0 0 0; 17 322 1 54 2 417 104 105287 0 0; 0 0 0 1 0 0 0 0 605 0; 2 1 0 17 2 10 0 3 2 175086]
0.0015,manhattan,1,2983,9701,0.9992,0.9971,1.0,0.9993,0.9991,0.9543,0.9985,0.9993,0.9934,0.9995,0.994,0.9887,0.9996,[14575 0 0 0 1 3 0 0 6 0; 4 9309 0 0 1 0 1 3 0 1; 0 0 38 0 0 0 0 0 0 0; 3 0 0 8037 0 0 0 0 0 0; 3 0 0 0 19182 0 0 0 0 0; 0 0 0 0 0 627 0 0 0 0; 0 0 0 0 0 0 339 0 0 0; 0 28 0 7 27 2 0 106139 1 0; 0 0 0 0 0 0 0 0 606 0; 3 16 0 2 3 55 0 90 1 174953]
0.0015,manhattan,13,2789,9498,0.9995,0.9937,0.9737,0.9125,0.9926,0.7768,0.9781,0.9979,0.949,0.9961,0.957,0.9317,0.9914,[14573 1 0 3 0 5 0 0 3 0; 3 9285 1 3 0 24 0 3 0 0; 0 1 37 0 0 0 0 0 0 0; 1 0 0 7881 150 5 0 0 3 0; 0 0 0 6 19122 5 0 1 51 0; 0 1 0 0 3 623 0 0 0 0; 0 0 0 0 4 0 335 0 0 0; 0 72 0 32 17 308 11 105762 2 0; 0 0 0 0 1 0 0 0 605 0; 0 9 0 1308 48 7 0 1 5 173745]
0.0015,manhattan,8,2687,9626,0.9986,0.9956,0.76,0.997,0.9987,0.9889,0.8782,0.9991,0.991,0.9999,0.9607,0.935,0.9983,[14559 1 0 0 16 5 0 0 4 0; 4 9289 17 1 1 0 1 4 0 2; 0 0 38 0 0 0 0 0 0 0; 1 2 1 8033 0 2 0 0 1 0; 2 2 1 4 19171 1 0 0 4 0; 0 2 0 1 0 624 0 0 0 0; 0 0 0 0 0 0 339 0 0 0; 5 45 4 34 12 3 75 106023 0 3; 1 0 0 0 0 0 0 0 604 1; 3 0 1 2 8 0 18 0 0 175091]
0.0015,manhattan,11,2673,9559,0.9987,0.995,0.962,0.9935,0.9975,0.9441,0.9971,0.9994,0.6254,0.9979,0.9511,0.9253,0.998,[14565 3 0 10 0 5 0 0 2 0; 7 9278 3 8 0 0 0 21 0 2; 0 0 38 0 0 0 0 0 0 0; 0 0 0 8036 0 1 0 0 0 3; 0 42 0 36 19093 1 0 0 13 0; 0 0 0 0 0 625 0 0 2 0; 0 0 0 0 0 0 339 0 0 0; 8 7 0 28 3 61 1 106093 0 3; 0 0 0 0 0 0 0 0 606 0; 4 0 0 19 1 4 1 0 709 174385]
0.0015,manhattan,8,2736,9662,0.9993,0.9932,1.0,0.9858,0.9964,0.9691,0.9926,0.9989,0.9992,1.0,0.9934,0.9896,0.9974,[14571 0 0 7 0 7 0 0 0 0; 0 9312 0 0 0 0 0 7 0 0; 0 0 38 0 0 0 0 0 0 0; 2 0 0 8032 0 6 0 0 0 0; 3 1 0 123 19048 6 0 4 0 0; 0 0 0 0 0 627 0 0 0 0; 0 3 0 0 0 1 335 0 0 0; 1 114 0 85 1 18 1 105983 0 1; 0 0 0 1 0 0 0 0 605 0; 1 3 0 7 0 2 0 0 0 175110]
0.0015,manhattan,9,2792,9639,0.9992,0.9943,0.95,0.9798,0.9984,0.9211,0.9941,0.998,0.9926,0.9998,0.9827,0.9686,0.9985,[14569 0 0 7 0 6 0 0 3 0; 1 9299 2 7 1 3 2 0 0 4; 0 0 38 0 0 0 0 0 0 0; 1 1 0 8036 0 0 0 0 0 2; 1 0 1 32 19147 4 0 0 0 0; 0 0 0 2 0 625 0 0 0 0; 0 0 0 0 0 0 339 0 0 0; 2 78 0 237 23 86 2 105774 2 0; 0 0 0 1 0 0 0 0 605 0; 1 7 1 42 0 6 0 2 3 175061]
0.0015,manhattan,12,2823,9539,0.9953,0.9982,0.9744,0.9908,0.9991,0.7803,0.9376,0.9973,0.9917,0.9997,0.9664,0.9444,0.9972,[14557 0 0 8 10 7 0 0 2 1; 6 9309 0 0 0 2 0 1 0 1; 0 0 38 0 0 0 0 0 0 0; 1 0 0 8008 0 7 0 19 0 5; 2 0 0 0 19165 7 0 1 0 10; 0 0 0 0 0 627 0 0 0 0; 0 0 0 0 1 0 338 0 0 0; 92 22 1 78 1 293 44 105667 0 6; 0 0 1 2 1 0 0 3 599 0; 8 2 0 28 0 37 0 9 1 175038]
0.0015,manhattan,8,2872,9603,0.9988,0.9855,0.8352,0.992,0.9959,0.9133,0.8737,0.9981,0.9648,0.9997,0.9557,0.923,0.9975,[14562 5 0 3 1 11 0 0 3 0; 0 9285 1 3 0 25 0 1 0 4; 0 0 38 0 0 0 0 0 0 0; 1 4 0 8020 0 11 0 0 0 4; 5 3 0 21 19033 63 22 0 38 0; 0 0 0 0 0 627 0 0 0 0; 0 0 0 0 0 0 339 0 0 0; 6 227 14 33 0 8 76 105813 0 27; 0 0 0 0 0 1 0 1 603 1; 0 1 0 50 3 0 0 1 0 175068]
0.0015,manhattan,11,2714,9551,0.9989,0.9243,0.314,0.9929,0.9973,0.9774,0.9898,0.9989,0.9934,0.9957,0.9183,0.8961,0.9974,[14561 8 0 1 10 1 1 0 2 1; 0 9305 3 1 0 8 0 1 0 1; 0 0 38 0 0 0 0 0 0 0; 0 6 0 8033 0 1 0 0 0 0; 3 76 0 1 19096 7 0 0 2 0; 0 0 0 0 0 627 0 0 0 0; 0 0 0 0 0 0 339 0 0 0; 0 23 161 26 0 9 6 105972 0 7; 1 1 0 1 0 0 0 0 602 1; 4 1396 2 78 3 3 0 3 0 173634]
0.0015,manhattan,9,2821,9556,0.9977,0.9924,0.9157,0.9823,0.9983,0.8812,0.9882,0.9993,0.9774,0.9988,0.9731,0.9532,0.9968,[14557 14 1 5 2 1 0 1 4 0; 18 9285 1 0 0 6 0 6 1 2; 0 0 38 0 0 0 0 0 0 0; 2 4 0 8029 0 4 0 0 0 1; 2 0 0 47 19128 6 0 2 0 0; 0 2 0 2 0 623 0 0 0 0; 0 4 0 0 0 0 335 0 0 0; 4 47 5 18 6 8 4 106089 23 0; 0 0 0 0 0 0 0 0 606 0; 12 37 0 207 2 139 0 26 0 174700]
0.0015,manhattan,5,2717,9666,0.9992,0.9847,0.8,0.9906,0.9793,0.7674,0.9941,0.9975,0.99,0.997,0.95,0.9193,0.9963,[14566 0 0 3 5 9 2 0 0 0; 0 9296 17 2 0 1 0 3 0 0; 0 0 38 0 0 0 0 0 0 0; 0 2 1 8027 1 7 0 0 0 2; 0 0 0 15 19163 7 0 0 0 0; 0 0 0 0 0 627 0 0 0 0; 0 0 0 0 0 0 339 0 0 0; 3 89 1 86 1 325 1 105693 0 5; 0 0 0 10 0 0 1 0 594 1; 1 175 0 24 783 31 0 15 0 174094]
0.0015,manhattan,15,2709,9530,0.9983,0.9772,0.95,0.9924,0.9968,0.9913,0.8121,0.9979,0.6137,0.9973,0.9327,0.8959,0.997,[14557 9 1 2 1 4 3 0 8 0; 5 9308 3 0 0 1 2 0 0 0; 0 0 38 0 0 0 0 0 0 0; 0 7 0 8030 0 0 0 1 0 2; 0 5 0 77 19097 2 0 1 3 0; 0 0 0 0 0 627 0 0 0 0; 0 0 0 4 0 0 335 0 0 0; 17 254 0 2 28 4 142 105751 6 0; 0 0 0 0 0 0 0 0 606 0; 1 149 0 28 5 0 4 0 746 174190]
0.0015,manhattan,8,2769,9602,0.9991,0.9972,1.0,0.9933,0.998,0.5158,0.9672,0.9943,0.9885,0.9953,0.9449,0.924,0.9976,[14565 7 0 0 0 7 2 1 3 0; 0 9299 0 1 2 10 1 5 0 1; 0 0 38 0 0 0 0 0 0 0; 0 0 0 8036 0 4 0 0 0 0; 4 0 0 53 19120 5 3 0 0 0; 0 0 0 0 0 627 0 0 0 0; 0 0 0 0 0 0 339 0 0 0; 1 16 0 41 7 343 1 105792 3 0; 1 0 0 1 0 0 0 0 604 0; 0 9 0 9 1 808 16 785 6 173489]
0.0015,manhattan,15,2753,9542,0.9991,0.9481,0.95,0.9961,0.997,0.9551,0.9417,0.9996,0.9734,0.9972,0.9757,0.9555,0.998,[14568 10 0 0 0 7 0 0 0 0; 0 9303 4 0 0 1 0 11 0 0; 0 0 38 0 0 0 0 0 0 0; 1 4 0 8027 1 4 1 0 0 2; 1 36 0 31 19079 10 3 1 24 0; 0 0 0 0 0 627 0 0 0 0; 0 0 0 0 0 0 339 0 0 0; 6 42 0 14 4 14 1 106123 0 0; 0 0 0 1 0 0 1 0 604 0; 2 911 0 4 3 23 36 0 7 174137]
0.0015,manhattan,11,2780,9545,0.9992,0.9882,0.6786,0.9415,0.9974,0.7724,0.9389,0.9975,0.9886,0.9968,0.9299,0.8877,0.9974,[14572 0 0 1 0 7 0 0 5 0; 0 9299 7 0 0 11 0 2 0 0; 0 0 38 0 0 0 0 0 0 0; 5 0 0 8026 0 7 0 0 0 2; 5 0 1 73 19095 7 0 4 0 0; 0 1 0 0 0 626 0 0 0 0; 0 0 0 0 1 0 338 0 0 0; 1 145 13 14 6 247 43 105735 0 0; 0 0 0 1 0 0 0 0 605 0; 0 56 15 894 3 89 0 49 8 174009]
0.0015,manhattan,7,2752,9628,0.9892,0.9937,0.9048,0.9913,0.9991,0.9344,0.8339,0.9967,0.9942,0.9997,0.9637,0.9358,0.9988,[14578 0 1 1 4 1 0 0 0 0; 1 9312 2 0 0 0 0 4 0 0; 0 0 38 0 0 0 0 0 0 0; 3 2 0 8034 0 0 0 1 0 0; 0 0 0 8 19166 4 0 3 4 0; 0 0 0 0 0 627 0 0 0 0; 0 0 0 0 0 0 339 0 0 0; 303 99 5 42 9 81 135 105528 2 0; 0 0 0 1 0 0 0 0 605 0; 4 11 0 83 2 2 0 8 0 175013]
0.0015,manhattan,10,2875,9623,0.9989,0.9963,0.9867,0.9506,0.9978,0.5901,0.9911,0.9965,0.979,0.9973,0.9484,0.9272,0.9941,[14562 0 0 0 0 8 0 0 15 0; 0 9299 0 0 1 4 0 14 0 1; 0 0 37 0 0 1 0 0 0 0; 2 3 0 8029 0 3 0 0 1 2; 1 0 0 2 19112 61 0 0 9 0; 0 0 0 0 0 627 0 0 0 0; 0 0 0 0 0 4 335 0 0 0; 1 46 0 6 8 662 1 105480 0 0; 0 0 0 0 0 0 0 0 606 0; 5 1 0 816 3 128 1 1 1 174167]
0.0015,manhattan,7,2876,9651,0.999,0.9966,0.8941,0.9975,0.9993,0.8288,0.9644,0.999,0.9983,0.9996,0.9677,0.9438,0.9989,[14561 0 0 3 12 8 1 0 0 0; 0 9296 6 0 0 11 1 4 0 1; 0 0 38 0 0 0 0 0 0 0; 0 1 0 8035 0 4 0 0 0 0; 2 0 0 7 19173 3 0 0 0 0; 0 0 0 0 0 627 0 0 0 0; 0 0 0 0 0 0 339 0 0 0; 0 37 1 4 1 138 21 106002 0 0; 1 0 0 1 0 0 0 0 604 0; 1 2 2 20 3 95 2 0 0 174998]
