wndwPercent,metric,windows,kmerset,final_len,Omicron,Beta,Epsilon,Eta,Gamma,Lambda,Delta,Kappa,Iota,Alpha,macro_f1,macro_precision,macro_recall,cm
0.002,manhattan,55,673,9252,0.9975,0.9195,0.9824,0.5339,0.9962,0.9868,0.8834,1.0,0.9967,0.9909,0.9287,0.8969,0.9934,[105768 45 187 141 6 6 49 0 0 2; 0 605 0 1 0 0 0 0 0 0; 1 18 14385 19 0 0 154 0 1 7; 0 0 0 626 0 0 1 0 0 0; 7 2 2 1 7986 0 34 0 0 8; 0 0 0 0 0 337 2 0 0 0; 11 32 2 32 0 0 9240 0 0 1; 0 0 0 0 0 0 0 38 0 0; 3 2 23 81 0 0 3 0 19063 10; 71 6 101 817 1 1 2118 0 5 172003]
0.002,manhattan,57,702,9968,0.9964,0.6652,0.9962,0.9614,0.9956,0.9797,0.9529,1.0,0.9927,0.9984,0.9538,0.9309,0.9939,[105470 74 1 25 0 9 527 0 5 93; 1 604 0 0 0 0 1 0 0 0; 0 2 14475 7 0 0 100 0 1 0; 0 0 0 622 0 0 5 0 0 0; 0 54 0 0 7972 0 14 0 0 0; 0 1 0 0 0 337 1 0 0 0; 19 0 0 12 1 0 9277 0 9 1; 0 0 0 0 0 0 0 38 0 0; 1 154 0 1 0 0 104 0 18925 0; 0 321 0 0 2 3 123 0 4 174670]
0.002,manhattan,60,797,10462,0.9881,0.9365,0.9959,0.9598,0.9752,0.9912,0.8385,0.987,0.9952,0.9971,0.9664,0.9478,0.99,[103872 11 1 13 25 3 2276 1 2 0; 0 605 1 0 0 0 0 0 0 0; 2 9 14478 4 83 0 6 0 3 0; 0 0 0 620 0 0 7 0 0 0; 166 7 3 0 7829 0 35 0 0 0; 0 0 0 0 0 337 2 0 0 0; 5 28 0 0 70 0 9215 0 1 0; 0 0 0 0 0 0 0 38 0 0; 0 19 0 0 1 0 155 0 19010 0; 0 7 6 28 8 1 966 0 2 174105]
0.002,manhattan,55,806,10270,0.9901,0.9049,0.9924,0.9782,0.9896,0.0642,0.9636,0.962,0.9988,0.9775,0.8821,0.873,0.9837,[104140 36 5 0 9 1771 239 0 4 0; 0 604 0 0 0 0 2 0 0 0; 0 8 14383 7 1 179 3 3 1 0; 0 0 0 607 0 20 0 0 0 0; 0 2 0 0 8009 22 7 0 0 0; 0 0 0 0 0 339 0 0 0 0; 2 44 1 0 0 364 8903 0 5 0; 0 0 0 0 0 0 0 38 0 0; 0 1 13 0 0 16 0 0 19155 0; 17 34 0 0 127 7512 5 0 7 167421]
0.002,manhattan,59,714,9631,0.995,0.9718,0.9873,0.8821,0.9966,0.9897,0.8602,1.0,0.9975,0.9932,0.9673,0.9459,0.9946,[105208 1 238 59 27 4 667 0 0 0; 0 602 0 0 0 0 4 0 0 0; 8 22 14500 40 4 0 11 0 0 0; 0 0 0 625 0 0 2 0 0 0; 0 3 6 3 8020 0 8 0 0 0; 0 0 0 1 0 337 1 0 0 0; 12 0 3 13 0 0 9291 0 0 0; 0 0 0 0 0 0 0 38 0 0; 1 0 13 0 0 0 77 0 19094 0; 35 5 29 49 4 1 2223 0 5 172772]
0.002,manhattan,54,704,8953,0.9939,0.9877,0.9973,0.7439,0.8851,0.9912,0.9045,0.962,0.9933,0.9907,0.945,0.9132,0.9887,[104954 2 7 283 249 3 346 0 0 360; 1 603 0 2 0 0 0 0 0 0; 22 1 14538 4 2 0 8 3 0 7; 0 0 0 607 5 0 15 0 0 0; 0 3 0 1 7986 0 45 0 0 5; 0 0 0 0 0 337 2 0 0 0; 6 0 13 56 92 0 9144 0 0 8; 0 0 0 0 0 0 0 38 0 0; 0 0 10 36 78 0 123 0 18930 8; 6 6 1 16 1593 1 1218 0 2 172280]
0.002,manhattan,56,783,9668,0.9992,0.9469,0.9715,0.8083,0.9968,0.9912,0.9899,0.9744,0.9381,0.992,0.9608,0.9358,0.993,[106044 10 1 50 0 3 5 1 90 0; 0 606 0 0 0 0 0 0 0 0; 0 11 14473 11 0 0 0 0 90 0; 0 0 0 624 0 0 3 0 0 0; 0 3 0 3 7995 0 0 0 37 2; 0 0 0 0 0 337 0 0 2 0; 2 30 0 47 0 0 9143 0 97 0; 0 0 0 0 0 0 0 38 0 0; 0 5 0 171 0 0 0 0 19009 0; 1 9 735 11 6 1 3 1 2016 172340]
0.002,manhattan,60,753,10258,0.9972,0.9749,0.9921,0.8494,0.9971,0.9883,0.9943,0.9744,0.9676,0.9972,0.9732,0.9561,0.9935,[105633 7 162 140 0 0 17 1 242 2; 0 603 0 0 0 0 0 1 2 0; 0 0 14532 8 0 0 2 0 43 0; 0 10 0 609 0 0 2 0 6 0; 7 0 0 0 7995 0 8 0 30 0; 0 0 0 0 0 338 0 0 1 0; 1 0 9 15 0 0 9251 0 42 1; 0 0 0 0 0 0 0 38 0 0; 0 1 1 1 0 0 2 0 19176 4; 6 10 5 34 1 7 7 0 909 174144]
0.002,manhattan,57,742,10163,0.9949,0.9572,0.9845,0.543,0.8587,0.9941,0.9709,0.987,0.9948,0.9903,0.9275,0.8955,0.9916,[105179 0 85 35 464 0 440 1 0 0; 1 592 2 0 0 0 11 0 0 0; 0 0 14573 11 0 0 1 0 0 0; 0 0 0 625 0 0 2 0 0 0; 1 2 0 11 8017 0 6 0 0 3; 0 0 0 0 2 337 0 0 0 0; 17 0 13 39 13 0 9232 0 5 0; 0 0 0 0 0 0 0 38 0 0; 0 8 152 18 5 0 0 0 18993 9; 43 29 195 936 2131 2 7 0 1 171779]
0.002,manhattan,57,692,9339,0.9903,0.9564,0.9954,0.6989,0.9971,0.997,0.7925,0.987,0.9936,0.9915,0.94,0.9093,0.991,[104226 22 1 321 0 0 1634 0 0 0; 0 603 0 0 0 0 2 1 0 0; 1 3 14459 22 0 0 100 0 0 0; 3 0 0 622 0 0 2 0 0 0; 0 4 4 2 7995 0 35 0 0 0; 0 0 0 0 0 337 2 0 0 0; 38 15 1 25 1 0 9239 0 0 0; 0 0 0 0 0 0 0 38 0 0; 28 0 1 148 0 0 65 0 18943 0; 2 8 2 13 0 0 2918 0 2 172178]
0.002,manhattan,58,750,10353,0.9955,0.9901,0.9965,0.8956,0.9956,0.997,0.9453,0.987,0.9757,0.9961,0.9774,0.9617,0.9957,[105416 1 33 100 27 0 91 1 535 0; 0 603 2 0 0 0 0 0 1 0; 0 0 14566 6 0 0 10 0 3 0; 0 0 0 626 0 0 1 0 0 0; 1 0 11 0 8025 0 1 0 2 0; 0 0 0 0 0 337 1 0 1 0; 2 0 28 29 1 0 9244 0 15 0; 0 0 0 0 0 0 0 38 0 0; 0 3 2 1 19 0 56 0 19103 1; 172 5 6 9 9 0 835 0 312 173775]
0.002,manhattan,65,733,10523,0.9951,0.6877,0.9813,0.5788,0.9471,0.7699,0.9531,0.9744,0.9924,0.9941,0.8874,0.8312,0.9921,[105176 3 0 738 43 15 37 2 190 0; 0 600 0 0 0 0 1 0 5 0; 1 0 14053 8 0 6 492 0 25 0; 0 0 0 626 0 0 0 0 0 1; 0 0 5 0 8027 0 2 0 4 2; 0 0 0 0 0 338 0 0 1 0; 1 3 0 15 0 0 9288 0 12 0; 0 0 0 0 0 0 0 38 0 0; 0 20 0 2 7 0 1 0 19143 12; 5 513 0 147 834 180 351 0 15 173078]
0.002,manhattan,57,675,9166,0.9882,0.6287,0.9948,0.7655,0.9906,0.9883,0.9916,1.0,0.9918,0.9908,0.933,0.9024,0.9908,[106129 14 1 21 15 5 16 0 3 0; 1 602 0 0 0 0 3 0 0 0; 3 6 14509 12 33 0 20 0 1 1; 0 0 0 612 12 0 3 0 0 0; 3 6 69 1 7955 0 5 0 0 1; 0 1 0 0 0 337 1 0 0 0; 22 1 0 21 1 0 9273 0 0 1; 0 0 0 0 0 0 0 38 0 0; 0 13 0 252 0 0 43 0 18877 0; 2433 666 6 53 5 1 21 0 2 171936]
0.002,manhattan,61,750,10327,0.9951,0.9198,0.9869,0.7923,0.9861,0.9839,0.9376,0.8941,0.949,0.994,0.9439,0.9098,0.9864,[105176 2 189 279 6 8 175 4 354 11; 0 602 0 0 0 0 2 2 0 0; 0 24 14527 1 0 0 23 3 0 7; 0 0 1 595 0 0 0 0 31 0; 0 1 9 0 7828 0 198 0 4 0; 0 0 0 0 0 337 2 0 0 0; 9 1 12 0 0 0 9250 0 45 2; 0 0 0 0 0 0 0 38 0 0; 0 58 9 0 0 0 178 0 18939 1; 4 15 107 0 3 1 584 0 1354 173055]
0.002,manhattan,62,720,10198,0.9987,0.3104,0.9625,0.9415,0.9961,0.9782,0.9842,0.5891,0.9931,0.9907,0.8744,0.8414,0.9881,[105942 123 67 3 6 10 50 3 0 0; 0 606 0 0 0 0 0 0 0 0; 0 12 14565 7 0 0 1 0 0 0; 0 2 1 595 0 0 29 0 0 0; 0 38 5 0 7991 0 3 0 0 3; 0 2 0 0 0 337 0 0 0 0; 3 78 25 32 0 0 9131 50 0 0; 0 0 0 0 0 0 0 38 0 0; 2 199 55 0 0 0 1 0 18928 0; 0 2239 961 0 7 3 22 0 7 171884]
0.002,manhattan,60,756,10108,0.9894,0.9607,0.9954,0.4946,0.9896,0.9811,0.8468,0.987,0.993,0.9927,0.923,0.8951,0.9868,[103977 19 13 963 70 10 815 1 0 336; 1 587 0 0 0 0 18 0 0 0; 0 1 14474 26 0 0 84 0 0 0; 0 0 0 614 5 0 8 0 0 0; 0 2 3 3 7955 0 77 0 0 0; 0 0 0 0 0 337 2 0 0 0; 4 4 4 57 4 0 9246 0 0 0; 0 0 0 0 0 0 0 38 0 0; 0 0 3 157 0 0 108 0 18917 0; 2 3 1 36 3 1 2160 0 0 172917]
0.002,manhattan,62,811,10813,0.9996,0.8918,0.9951,0.3044,0.997,0.9835,0.9878,0.9744,0.9933,0.9932,0.912,0.8932,0.9892,[106173 7 6 15 0 0 3 0 0 0; 0 606 0 0 0 0 0 0 0 0; 3 17 14455 109 1 0 0 0 0 0; 0 0 0 620 0 0 7 0 0 0; 3 5 4 33 7995 0 0 0 0 0; 4 1 0 6 0 328 0 0 0 0; 12 23 1 177 1 0 9105 0 0 0; 0 0 0 0 0 0 0 38 0 0; 4 74 1 176 0 0 0 0 18930 0; 26 20 1 2311 1 0 1 2 2 172759]
0.002,manhattan,51,673,8784,0.995,0.3372,0.9969,0.6834,0.9969,0.9897,0.968,1.0,0.9967,0.9933,0.8957,0.8648,0.9949,[105170 35 0 488 0 4 471 0 36 0; 0 606 0 0 0 0 0 0 0 0; 0 67 14495 10 0 0 4 0 9 0; 0 0 0 627 0 0 0 0 0 0; 0 32 0 6 7995 0 7 0 0 0; 0 1 0 0 0 337 1 0 0 0; 7 46 1 17 4 0 9239 0 5 0; 0 0 0 0 0 0 0 38 0 0; 6 3 0 29 0 0 5 0 19142 0; 14 2198 0 31 0 1 42 0 34 172803]
0.002,manhattan,60,730,9934,0.9823,0.8809,0.9854,0.3356,0.9971,0.9839,0.8588,0.987,0.993,0.9918,0.8996,0.8671,0.9905,[103060 107 12 1450 0 8 1566 1 0 0; 0 603 0 0 0 0 3 0 0 0; 8 11 14439 8 0 0 119 0 0 0; 1 0 0 625 0 0 0 0 0 1; 3 2 1 3 8002 0 28 0 0 1; 0 0 0 0 0 337 2 0 0 0; 7 28 4 14 7 0 9259 0 0 0; 0 0 0 0 0 0 0 38 0 0; 55 11 98 0 0 0 99 0 18922 0; 492 1 167 998 1 1 1168 0 5 172290]
0.002,manhattan,64,765,10912,0.9928,0.9826,0.98,0.5592,0.9794,0.9897,0.9333,0.7184,0.9669,0.9962,0.9098,0.8722,0.9854,[104728 0 1 742 178 4 482 0 68 1; 0 594 0 0 1 0 11 0 0 0; 1 0 14025 0 1 0 556 0 1 1; 3 0 0 623 0 0 0 0 0 1; 0 6 8 0 7965 0 8 10 31 12; 0 0 0 0 0 337 1 0 1 0; 40 1 1 6 0 0 9251 16 1 3; 0 0 0 0 0 0 1 37 0 0; 0 2 0 0 16 0 178 2 18978 9; 1 0 2 230 64 1 17 0 989 173819]
0.002,manhattan,59,800,10169,0.998,0.8573,0.9816,0.8808,0.833,0.9956,0.9924,0.987,0.9988,0.9941,0.9519,0.9256,0.9866,[105792 0 2 41 358 1 3 1 6 0; 0 604 0 0 2 0 0 0 0 0; 0 1 14069 7 501 0 6 0 1 0; 0 2 0 606 11 0 7 0 0 1; 4 196 7 0 7831 0 2 0 0 0; 0 0 0 0 2 337 0 0 0 0; 15 0 1 0 95 0 9200 0 8 0; 0 0 0 0 0 0 0 38 0 0; 0 0 0 0 18 0 0 0 19156 11; 2 0 0 95 1945 0 3 0 2 173076]
0.002,manhattan,60,692,10006,0.9857,0.9363,0.9959,0.7196,0.9799,0.9912,0.983,0.987,0.9249,0.9977,0.9501,0.9234,0.9891,[103386 26 67 408 19 3 172 1 2122 0; 0 603 0 1 0 0 2 0 0 0; 2 1 14537 5 0 0 26 0 14 0; 0 8 0 612 1 0 5 0 1 0; 173 0 1 0 7829 0 3 0 34 0; 0 0 0 0 0 337 1 0 1 0; 14 0 1 7 1 0 9279 0 17 0; 0 0 0 0 0 0 0 38 0 0; 0 38 3 3 86 0 41 0 19014 0; 0 6 0 38 3 1 30 0 726 174319]
0.002,manhattan,63,758,10489,0.9933,0.405,0.9903,0.6504,0.9968,0.9912,0.9778,0.9268,0.9931,0.9969,0.8922,0.8547,0.9895,[104808 780 78 458 1 4 72 3 0 0; 0 603 1 0 0 0 2 0 0 0; 2 2 14454 5 1 0 118 3 0 0; 1 0 0 600 0 0 26 0 0 0; 1 24 1 10 7995 0 9 0 0 0; 0 0 0 0 0 337 2 0 0 0; 15 0 13 0 5 0 9286 0 0 0; 0 0 0 0 0 0 0 38 0 0; 1 2 52 99 0 0 108 0 18923 0; 0 961 6 46 0 0 52 0 2 174056]
0.002,manhattan,56,724,9568,0.9914,0.5298,0.9965,0.4774,0.9932,0.9747,0.9934,0.95,0.9933,0.9891,0.8889,0.8535,0.9888,[105812 50 9 21 56 6 10 4 0 236; 0 605 0 1 0 0 0 0 0 0; 27 33 14494 6 0 0 1 0 0 24; 12 0 0 614 0 0 1 0 0 0; 12 13 0 3 8011 0 0 0 0 1; 2 0 0 9 0 328 0 0 0 0; 48 30 1 20 0 0 9217 0 0 3; 0 0 0 0 0 0 0 38 0 0; 144 6 0 4 5 0 2 0 18930 94; 1188 941 0 1267 19 0 6 0 2 171700]
0.002,manhattan,58,698,9365,0.9818,0.8784,0.9959,0.8508,0.998,0.9956,0.7977,0.925,0.9907,0.9974,0.9411,0.9076,0.9871,[102407 31 10 133 1 0 3581 1 40 0; 0 603 0 0 0 0 2 0 1 0; 0 1 14482 8 5 0 86 0 3 0; 0 0 0 613 0 0 11 3 0 0; 0 1 3 0 8017 0 6 1 12 0; 0 0 0 0 0 337 2 0 0 0; 3 0 1 8 0 0 9269 0 38 0; 0 0 0 0 0 0 1 37 0 0; 0 122 0 22 0 0 107 0 18934 0; 0 9 1 30 3 1 856 0 10 174213]
0.002,manhattan,64,757,10480,0.9994,0.991,0.9967,0.9514,0.986,0.9811,0.8903,0.95,0.9933,0.9941,0.9733,0.9575,0.9918,[106105 0 28 3 13 10 35 4 0 6; 0 604 1 0 1 0 0 0 0 0; 0 0 14564 7 0 0 14 0 0 0; 0 0 0 607 17 0 3 0 0 0; 2 0 7 0 7978 0 53 0 0 0; 0 0 0 0 0 337 2 0 0 0; 2 0 25 32 0 0 9260 0 0 0; 0 0 0 0 0 0 0 38 0 0; 6 0 7 0 109 0 134 0 18929 0; 25 9 6 0 24 1 1983 0 0 173075]
0.002,manhattan,52,716,9603,0.9868,0.9091,0.9967,0.7908,0.997,0.9956,0.9846,0.962,0.9899,0.9932,0.9606,0.9372,0.9919,[105930 60 2 184 0 1 24 0 3 0; 0 605 0 1 0 0 0 0 0 0; 1 10 14493 15 0 0 61 3 2 0; 0 0 0 616 0 0 11 0 0 0; 33 7 0 4 7995 0 1 0 0 0; 2 0 0 0 0 337 0 0 0 0; 9 9 0 56 0 0 9245 0 0 0; 0 0 0 0 0 0 0 38 0 0; 231 18 0 11 0 0 116 0 18809 0; 2292 16 1 44 3 0 3 0 2 172762]
0.002,manhattan,57,764,9963,0.9908,0.9602,0.9884,0.6627,0.9466,0.9747,0.8009,0.962,0.9933,0.9894,0.9269,0.8901,0.9866,[104291 2 139 579 22 6 1165 0 0 0; 0 603 0 0 1 0 2 0 0 0; 4 4 14409 8 3 0 157 0 0 0; 0 0 0 618 0 0 9 0 0 0; 7 0 0 0 7992 0 41 0 0 0; 0 4 0 0 5 328 2 0 0 0; 8 0 22 28 47 0 9212 2 0 0; 0 0 0 0 0 0 0 38 0 0; 7 27 0 0 29 0 192 0 18930 0; 4 10 0 5 746 0 2904 1 0 171453]
0.002,manhattan,58,710,9399,0.9975,0.9484,0.9775,0.9897,0.9799,0.9941,0.9868,0.9867,0.993,0.9994,0.9853,0.9789,0.9924,[105787 7 130 12 202 0 49 0 0 17; 0 606 0 0 0 0 0 0 0 0; 10 50 14524 0 0 1 0 0 0 0; 0 0 0 626 0 0 1 0 0 0; 4 1 31 0 8001 0 3 0 0 0; 0 0 0 0 0 339 0 0 0 0; 50 0 134 0 3 1 9131 0 0 0; 0 0 1 0 0 0 0 37 0 0; 12 4 171 0 75 0 0 0 18922 1; 40 4 141 0 10 2 3 0 2 174921]
0.002,manhattan,60,734,10048,0.9924,0.9563,0.9916,0.2283,0.9863,0.9912,0.9532,0.9268,0.9904,0.9908,0.9007,0.8802,0.9895,[104649 6 3 1484 1 2 42 1 16 0; 0 602 0 0 0 0 2 2 0 0; 0 3 14347 62 0 0 170 3 0 0; 3 0 0 622 0 0 1 0 0 1; 0 3 0 0 7828 0 41 0 165 3; 0 0 0 0 0 338 1 0 0 0; 9 0 0 15 0 0 9295 0 0 0; 0 0 0 0 0 0 0 38 0 0; 0 23 2 21 0 0 138 0 19001 0; 33 16 1 2619 4 3 494 0 3 171950]
0.002,manhattan,60,786,10374,0.98,0.8992,0.8904,0.8375,0.9974,0.9926,0.9677,0.8837,0.9956,0.9989,0.9443,0.9068,0.9925,[102039 108 3480 93 3 0 390 1 23 67; 0 598 0 1 0 0 2 5 0 0; 0 1 14545 7 2 0 29 0 1 0; 0 0 0 626 0 0 1 0 0 0; 0 0 7 3 8007 0 18 0 4 1; 0 0 1 0 0 337 1 0 0 0; 3 4 5 0 0 0 9305 0 2 0; 0 0 0 0 0 0 0 38 0 0; 0 0 5 39 3 0 51 0 19087 0; 0 13 42 99 1 3 116 4 42 174803]
0.002,manhattan,56,714,9667,0.9918,0.9824,0.9969,0.944,0.996,0.4646,0.9335,1.0,0.9971,0.9901,0.9296,0.9081,0.9892,[106134 0 0 4 0 1 65 0 0 0; 0 587 0 0 0 1 18 0 0 0; 1 0 14495 8 0 0 81 0 0 0; 0 0 0 607 0 0 20 0 0 0; 0 1 0 4 7994 0 37 0 1 3; 0 0 0 0 0 338 1 0 0 0; 9 1 0 32 0 0 9277 0 0 0; 0 0 0 0 0 0 0 38 0 0; 7 0 0 0 3 1 92 0 19082 0; 1674 0 1 4 15 775 965 0 8 171681]
0.002,manhattan,57,786,10515,0.9837,0.9502,0.9947,0.9369,0.9969,0.9758,0.9929,0.9744,0.9932,0.9896,0.9788,0.9729,0.9859,[102798 2 74 36 0 0 3 2 0 3289; 0 591 1 0 0 0 1 0 0 13; 0 0 14573 7 0 0 0 0 0 5; 0 0 0 624 0 0 2 0 0 1; 0 0 5 0 7995 0 1 0 0 39; 0 0 0 5 0 323 0 0 0 11; 2 3 32 32 3 0 9203 0 0 44; 0 0 0 0 0 0 0 38 0 0; 0 0 28 0 0 0 0 0 18930 227; 0 42 3 1 1 0 8 0 5 175063]
0.002,manhattan,54,703,9480,0.9961,0.6211,0.998,0.5833,0.9865,0.1458,0.9879,0.9367,0.9961,0.988,0.824,0.7842,0.987,[105375 3 1 729 0 91 5 0 0 0; 0 604 0 0 0 2 0 0 0 0; 0 13 14536 8 0 26 2 0 0 0; 0 0 0 623 0 1 3 0 0 0; 0 9 4 3 7828 196 0 0 0 0; 0 1 0 0 0 338 0 0 0 0; 3 1 0 32 1 172 9110 0 0 0; 0 0 0 0 0 1 0 37 0 0; 0 129 2 1 0 15 0 1 19037 0; 3 579 2 113 1 3455 5 3 2 170960]
0.002,manhattan,58,768,10014,0.9954,0.3971,0.9969,0.8469,0.9947,0.9603,0.984,0.9744,0.9959,0.9969,0.9142,0.8826,0.9952,[105229 725 0 29 8 2 210 0 0 1; 0 603 0 0 0 0 1 2 0 0; 0 42 14494 8 7 18 16 0 0 0; 0 0 0 625 0 0 2 0 0 0; 0 24 0 9 8003 0 2 0 2 0; 0 0 0 0 0 339 0 0 0 0; 2 21 0 2 33 1 9258 0 1 1; 0 0 0 0 0 0 0 38 0 0; 0 87 0 55 0 2 3 0 19037 1; 3 929 0 121 1 5 7 0 4 174053]
0.002,manhattan,62,766,10370,0.9915,0.4785,0.9941,0.699,0.9968,0.9897,0.8945,0.95,0.9932,0.9948,0.8982,0.8553,0.992,[104421 823 47 448 0 4 460 1 0 0; 0 606 0 0 0 0 0 0 0 0; 1 1 14581 0 1 0 1 0 0 0; 1 0 0 620 0 0 6 0 0 0; 0 25 13 1 7995 0 6 0 0 0; 0 2 0 0 0 337 0 0 0 0; 7 102 35 5 4 0 9165 0 0 1; 0 0 0 0 0 0 0 38 0 0; 0 76 68 27 0 0 76 0 18934 4; 4 292 7 46 1 1 1459 3 7 173303]
0.002,manhattan,63,842,11042,0.9993,0.9818,0.9967,0.924,0.9971,0.7107,0.9927,0.95,0.9978,0.9993,0.9549,0.931,0.9928,[106119 3 1 6 0 15 34 1 25 0; 1 594 0 0 0 9 2 0 0 0; 1 1 14491 8 1 51 10 3 19 0; 0 0 0 608 0 3 16 0 0 0; 1 2 0 15 7995 22 2 0 3 0; 0 0 0 0 0 339 0 0 0 0; 10 0 0 32 1 14 9256 0 6 0; 0 0 0 0 0 0 0 38 0 0; 10 0 0 6 0 0 3 0 19166 0; 33 4 0 14 0 162 6 0 14 174890]
0.002,manhattan,54,684,9413,0.9862,0.6877,0.9891,0.4684,0.9939,0.9912,0.8171,0.9268,0.9989,0.9903,0.885,0.8352,0.9907,[103324 14 34 421 37 3 2366 1 4 0; 0 600 0 1 0 0 5 0 0 0; 2 0 14496 6 3 0 78 0 0 0; 0 10 0 615 0 0 2 0 0 0; 0 0 0 1 8031 0 7 0 0 1; 0 0 0 0 0 337 2 0 0 0; 13 0 0 11 0 0 9288 5 1 1; 0 0 0 0 0 0 0 38 0 0; 0 4 0 9 7 0 5 0 19155 5; 0 511 196 935 42 1 1662 0 7 171769]
0.002,manhattan,55,746,10019,0.9949,0.9959,0.9855,0.8861,0.9073,0.9883,0.9832,0.9367,0.9932,0.9996,0.9671,0.9511,0.9861,[105137 0 112 31 880 3 40 1 0 0; 1 603 0 0 1 0 1 0 0 0; 0 0 14312 3 253 0 14 3 0 0; 0 0 0 607 20 0 0 0 0 0; 1 2 1 0 8017 0 19 0 0 0; 0 0 0 0 2 337 0 0 0 0; 17 0 33 0 179 0 9090 0 0 0; 0 0 1 0 0 0 0 37 0 0; 1 0 0 0 252 0 1 0 18931 0; 0 0 0 102 28 3 7 0 4 174979]
0.002,manhattan,58,736,9948,0.9939,0.9077,0.997,0.6214,0.8315,0.9912,0.9885,0.9048,0.9895,0.9932,0.9219,0.8809,0.9913,[104956 11 4 616 597 3 4 0 13 0; 0 600 0 0 0 0 0 5 1 0; 22 4 14540 12 3 0 1 3 0 0; 0 0 0 627 0 0 0 0 0 0; 0 1 0 7 8026 0 0 0 6 0; 0 0 0 0 2 337 0 0 0 0; 1 25 8 96 71 0 9116 0 2 0; 0 0 0 0 0 0 0 38 0 0; 1 13 14 3 330 0 0 0 18824 0; 8 62 17 30 2237 1 4 0 15 172749]
0.002,manhattan,63,771,10486,0.9916,0.699,0.9891,0.2948,0.9971,0.9826,0.9804,1.0,0.9927,0.9907,0.8918,0.8616,0.9942,[105052 242 227 450 0 1 232 0 0 0; 0 606 0 0 0 0 0 0 0 0; 0 49 14514 19 0 0 3 0 0 0; 0 0 0 626 0 0 0 0 0 1; 0 3 1 14 7995 1 23 0 0 3; 0 0 0 0 0 339 0 0 0 0; 5 10 4 1 1 0 9298 0 0 0; 0 0 0 0 0 0 0 38 0 0; 0 15 13 166 0 7 61 0 18912 11; 621 203 5 2344 1 3 31 0 5 171910]
0.002,manhattan,64,812,10830,0.9928,0.8643,0.9967,0.5357,0.9965,0.9883,0.9871,0.9367,0.9959,0.998,0.9292,0.9001,0.9911,[104797 32 48 874 0 3 11 0 4 435; 0 605 0 1 0 0 0 0 0 0; 0 10 14567 8 0 0 0 0 0 0; 0 0 0 626 0 0 1 0 0 0; 0 47 3 5 7985 0 0 0 0 0; 0 0 0 2 0 337 0 0 0 0; 1 94 22 99 0 0 9100 0 3 0; 0 0 0 1 0 0 0 37 0 0; 0 4 4 55 0 0 1 1 19036 84; 121 2 1 39 1 3 6 3 1 174946]
0.002,manhattan,53,662,9513,0.9891,0.9641,0.9746,0.4506,0.9908,0.9811,0.8742,0.9383,0.9933,0.9932,0.9149,0.8817,0.9901,[103930 9 28 1404 18 10 801 4 0 0; 0 590 0 0 1 0 14 1 0 0; 0 3 14546 1 0 0 35 0 0 0; 3 0 0 623 0 0 1 0 0 0; 0 1 3 0 7993 0 43 0 0 0; 0 0 0 0 0 337 2 0 0 0; 6 4 20 4 0 0 9284 0 0 0; 0 0 0 0 0 0 0 38 0 0; 0 0 4 0 72 0 178 0 18931 0; 4 11 664 106 11 1 1564 0 2 172760]
0.002,manhattan,57,796,9883,0.9931,0.9351,0.9978,0.7541,0.9865,0.9807,0.8374,0.987,0.9943,0.993,0.9459,0.9167,0.9897,[104939 7 0 277 0 1 959 1 20 0; 1 605 0 0 0 0 0 0 0 0; 2 9 14521 5 0 0 47 0 1 0; 0 0 0 627 0 0 0 0 0 0; 174 11 0 0 7828 2 25 0 0 0; 0 0 0 0 0 330 5 0 4 0; 17 37 0 25 0 0 9237 0 3 0; 0 0 0 0 0 0 0 38 0 0; 0 10 0 0 0 0 162 0 19013 0; 1 9 1 102 3 1 2306 0 19 172681]
0.002,manhattan,57,702,9596,0.9846,0.9702,0.9968,0.7182,0.9638,0.719,0.8165,0.95,0.9929,0.9933,0.9105,0.8586,0.9933,[102994 2 15 385 507 250 1871 1 172 7; 0 603 0 0 0 0 1 0 2 0; 0 13 14523 7 1 3 16 0 22 0; 0 0 0 627 0 0 0 0 0 0; 0 0 0 0 8007 0 29 0 4 0; 0 0 0 0 0 339 0 0 0 0; 14 0 14 31 12 0 9227 0 21 0; 0 0 0 0 0 0 0 38 0 0; 0 1 0 0 7 0 4 0 19173 0; 0 18 2 69 41 12 2135 3 41 172802]
0.002,manhattan,64,717,9946,0.9767,0.6337,0.9725,0.2805,0.9952,0.9897,0.9786,1.0,0.9895,0.9941,0.881,0.85,0.9916,[102217 141 199 3096 0 4 215 0 332 0; 0 603 0 0 0 0 2 0 1 0; 7 9 14546 4 0 0 15 0 4 0; 1 0 0 626 0 0 0 0 0 0; 0 3 53 1 7972 0 1 0 10 0; 0 0 1 0 0 337 0 0 1 0; 19 31 12 9 0 0 9237 0 11 0; 0 0 0 0 0 0 0 38 0 0; 14 14 1 0 0 0 4 0 19140 12; 840 496 519 101 9 1 85 0 3 173069]
0.002,manhattan,58,739,9965,0.9988,0.9577,0.9927,0.8651,0.9922,0.6975,0.9802,0.9157,0.9952,0.999,0.9394,0.9025,0.995,[105964 25 1 27 57 29 73 1 6 21; 0 600 0 0 0 0 1 5 0 0; 0 1 14396 0 2 0 186 0 0 0; 0 0 0 625 0 0 2 0 0 0; 0 0 1 1 8001 35 2 0 0 0; 0 0 0 0 0 339 0 0 0 0; 6 5 10 16 12 0 9269 0 1 0; 0 0 0 0 0 0 0 38 0 0; 1 15 6 4 5 99 44 0 19010 1; 0 1 5 145 10 131 17 1 3 174810]
0.002,manhattan,56,664,9064,0.995,0.9595,0.9799,0.7101,0.9948,0.9854,0.9597,0.987,0.9947,0.9961,0.9562,0.9361,0.9898,[106132 6 0 13 0 5 44 1 3 0; 0 592 0 0 0 0 14 0 0 0; 1 17 14014 458 1 0 93 0 0 1; 0 0 0 627 0 0 0 0 0 0; 4 0 3 1 7968 0 64 0 0 0; 0 0 0 0 0 337 2 0 0 0; 27 0 0 21 1 0 9262 0 5 3; 0 0 0 0 0 0 0 38 0 0; 1 8 0 18 0 0 156 0 18993 9; 964 5 0 1 9 3 348 0 3 173790]
0.002,manhattan,60,717,9494,0.9978,0.7995,0.959,0.9778,0.9956,0.9897,0.8632,1.0,0.9934,0.9893,0.9565,0.9328,0.9897,[105879 39 6 6 0 4 34 0 0 236; 0 606 0 0 0 0 0 0 0 0; 0 11 14292 0 0 0 260 0 0 22; 0 0 0 617 0 0 10 0 0 0; 1 61 1 0 7972 0 5 0 0 0; 0 0 0 0 0 337 2 0 0 0; 22 137 0 0 0 0 9160 0 0 0; 0 0 0 0 0 0 0 38 0 0; 1 7 0 1 0 0 152 0 18934 90; 111 49 922 11 2 1 2281 0 2 171744]
0.002,manhattan,55,756,9780,0.9937,0.9513,0.9977,0.5837,0.9935,0.1974,0.9929,1.0,0.994,0.9943,0.8698,0.8423,0.9909,[104885 8 1 706 1 588 13 0 2 0; 0 606 0 0 0 0 0 0 0 0; 0 11 14522 7 0 45 0 0 0 0; 0 0 0 607 0 3 17 0 0 0; 0 12 0 0 7994 34 0 0 0 0; 0 0 0 0 0 338 1 0 0 0; 2 19 0 32 0 46 9220 0 0 0; 0 0 0 0 0 0 0 38 0 0; 0 5 4 0 56 161 0 0 18959 0; 0 7 0 101 1 1870 1 0 1 173142]
0.002,manhattan,57,699,9515,0.998,0.7024,0.9968,0.7295,0.9974,0.9883,0.981,1.0,0.9963,0.9991,0.9389,0.9089,0.9922,[105781 55 0 327 3 4 2 0 14 18; 0 590 0 0 0 0 0 0 16 0; 0 40 14494 12 0 0 26 0 13 0; 0 0 0 627 0 0 0 0 0 0; 0 16 0 4 8016 0 3 0 0 1; 0 1 0 0 0 337 0 0 1 0; 5 213 1 14 13 0 9071 0 1 1; 0 0 0 0 0 0 0 38 0 0; 0 7 0 16 1 0 55 0 19095 11; 0 152 0 92 1 2 18 0 8 174850]
0.002,manhattan,55,678,9243,0.9966,0.9665,0.993,0.9673,0.9971,0.916,0.6784,1.0,0.9953,0.9775,0.9488,0.9308,0.9835,[105512 0 3 0 0 43 645 0 1 0; 0 577 0 0 0 0 29 0 0 0; 0 0 14386 7 0 0 192 0 0 0; 0 0 0 607 0 0 20 0 0 0; 2 0 0 0 7994 0 44 0 0 0; 0 0 0 0 0 338 1 0 0 0; 7 1 0 14 0 7 9290 0 0 0; 0 0 0 0 0 0 0 38 0 0; 4 0 0 0 0 0 171 0 19010 0; 16 10 0 0 1 11 7678 0 2 167405]
0.002,manhattan,55,805,10247,0.9827,0.9161,0.9962,0.8835,0.6446,0.9956,0.9717,0.6852,0.9963,0.9835,0.9055,0.86,0.9856,[102590 24 33 21 3417 0 114 1 4 0; 0 606 0 0 0 0 0 0 0 0; 0 10 14527 8 32 0 0 3 5 0; 0 0 0 614 7 0 3 3 0 0; 1 6 0 0 7993 0 6 10 24 0; 0 0 0 0 2 337 0 0 0 0; 3 34 0 16 20 0 9230 16 0 0; 0 0 0 0 0 0 1 37 0 0; 0 5 0 0 89 0 7 0 19084 0; 0 32 20 104 5199 1 317 0 6 169444]
0.002,manhattan,56,703,9187,0.9888,0.9861,0.9445,0.6106,0.9866,0.9897,0.9085,1.0,0.982,0.9939,0.9391,0.9105,0.991,[103851 0 335 757 1 4 825 0 430 1; 0 605 0 0 0 0 0 0 1 0; 0 5 14499 8 0 0 65 0 8 0; 0 0 0 625 0 0 2 0 0 0; 0 0 31 0 7828 0 10 0 171 0; 0 0 1 0 0 337 1 0 0 0; 2 0 74 2 0 0 9206 0 35 0; 0 0 0 0 0 0 0 38 0 0; 0 2 0 0 0 0 0 0 19183 0; 1 9 1176 28 0 1 838 0 57 173013]
0.002,manhattan,57,758,10285,0.9873,0.3649,0.9957,0.7521,0.9866,0.9835,0.8865,0.95,0.9972,0.9932,0.8897,0.852,0.9886,[103723 1954 74 361 0 0 56 1 35 0; 1 603 0 0 0 0 2 0 0 0; 2 4 14538 5 0 0 10 3 23 0; 0 0 0 625 0 0 2 0 0 0; 173 3 0 0 7829 0 35 0 0 0; 0 1 0 0 0 328 1 0 9 0; 15 18 6 28 0 0 9252 0 0 0; 0 0 0 0 0 0 0 38 0 0; 0 2 0 0 0 0 2 0 19181 0; 1 114 0 16 1 0 2195 0 36 172760]
0.002,manhattan,60,804,10103,0.9956,0.3877,0.978,0.5729,0.9913,0.982,0.9846,0.9383,0.9969,0.9929,0.882,0.8459,0.9874,[105270 19 101 721 18 0 74 1 0 0; 0 603 0 0 0 0 0 3 0 0; 0 6 14569 8 0 0 1 1 0 0; 0 0 3 603 0 0 21 0 0 0; 0 3 6 7 8020 0 4 0 0 0; 0 1 7 0 4 327 0 0 0 0; 2 57 33 32 4 0 9170 0 21 0; 0 0 0 0 0 0 0 38 0 0; 0 5 7 0 80 0 1 0 19092 0; 1 1811 483 107 14 0 36 0 5 172666]
0.002,manhattan,58,666,9395,0.997,0.9752,0.9904,0.958,0.9871,0.9956,0.8338,0.962,0.9931,0.9932,0.9685,0.9568,0.9849,[105593 0 17 0 3 1 590 0 0 0; 0 589 1 0 0 0 13 3 0 0; 0 0 14382 5 1 0 197 0 0 0; 0 0 0 604 3 0 20 0 0 0; 1 2 7 0 7843 0 187 0 0 0; 0 0 0 0 0 337 2 0 0 0; 9 8 41 25 0 0 9236 0 0 0; 0 0 0 0 0 0 0 38 0 0; 3 0 5 0 0 0 253 0 18924 0; 16 3 6 0 1 0 2337 0 2 172758]
0.002,manhattan,61,801,10459,0.9924,0.9867,0.9621,0.7216,0.9163,0.9912,0.976,0.8941,0.9897,0.9919,0.9422,0.9123,0.9876,[105747 1 111 304 6 3 16 4 12 0; 7 592 0 0 0 0 7 0 0 0; 82 0 14491 8 0 0 4 0 0 0; 0 0 0 626 0 0 0 0 0 1; 34 0 6 0 7999 0 0 0 0 1; 2 0 0 0 0 337 0 0 0 0; 256 0 113 14 0 0 8929 5 2 0; 0 0 0 0 0 0 0 38 0 0; 281 0 9 5 76 0 2 0 18811 1; 491 1 809 151 1339 1 21 0 4 172306]
0.002,manhattan,57,801,10122,0.9905,0.9689,0.9982,0.555,0.997,0.9897,0.9424,0.95,0.9974,0.9948,0.9384,0.912,0.9924,[105152 7 1 979 0 4 60 1 0 0; 0 592 0 1 0 0 13 0 0 0; 0 17 14541 3 0 0 21 3 0 0; 0 0 1 621 0 0 5 0 0 0; 0 0 1 4 7995 0 37 0 0 3; 0 0 0 0 0 337 2 0 0 0; 25 0 1 0 0 0 9292 0 1 0; 0 0 0 0 0 0 0 38 0 0; 23 0 2 0 0 0 72 0 19088 0; 913 0 2 3 3 1 899 0 2 173300]
0.002,manhattan,55,767,9510,0.9983,0.9544,0.9718,0.3326,0.9981,0.9883,0.9894,0.8941,0.9906,0.9907,0.9108,0.8857,0.9913,[105904 0 41 106 0 2 5 1 145 0; 0 586 1 14 0 0 0 5 0 0; 0 3 14564 8 0 0 0 3 7 0; 0 0 0 625 0 0 2 0 0 0; 0 0 0 10 8014 0 0 0 13 3; 0 0 0 1 0 338 0 0 0 0; 4 3 20 38 1 0 9134 0 119 0; 0 0 0 0 0 0 0 38 0 0; 0 19 4 4 0 0 0 0 19146 12; 60 11 757 2325 4 5 3 0 41 171917]
0.002,manhattan,60,777,10383,0.995,0.283,0.9951,0.5244,0.9761,0.9456,0.9881,1.0,0.9931,0.9933,0.8694,0.8415,0.9875,[105220 79 0 900 2 1 2 0 0 0; 2 603 0 0 0 1 0 0 0 0; 6 101 14450 20 0 8 0 0 0 0; 0 0 0 624 0 0 3 0 0 0; 2 348 7 4 7667 12 0 0 0 0; 0 0 0 0 0 339 0 0 0 0; 45 149 0 20 0 0 9105 0 0 0; 0 0 0 0 0 0 0 38 0 0; 0 114 1 147 0 0 0 0 18923 0; 26 2261 0 38 0 17 1 0 2 172778]
0.002,manhattan,57,697,9709,0.9872,0.9834,0.999,0.2609,0.9875,0.9798,0.9882,0.8444,0.9931,0.9992,0.9023,0.8828,0.9889,[103525 0 1 2638 0 8 32 0 0 0; 0 591 0 15 0 0 0 0 0 0; 0 1 14563 17 0 0 0 4 0 0; 0 0 0 627 0 0 0 0 0 0; 0 0 4 195 7841 0 0 0 0 0; 0 0 0 0 0 339 0 0 0 0; 7 1 0 171 0 3 9136 0 0 1; 0 0 0 0 0 0 0 38 0 0; 0 0 0 261 0 0 0 0 18924 0; 0 3 1 255 0 3 3 10 2 174846]
0.002,manhattan,59,728,9981,0.9881,0.9657,0.9939,0.8491,0.9943,0.943,0.876,0.987,0.9933,0.9997,0.959,0.9338,0.9912,[103724 1 33 180 2 33 2203 1 13 14; 1 592 0 0 0 0 13 0 0 0; 2 17 14457 7 0 0 94 0 8 0; 0 0 0 622 0 0 5 0 0 0; 0 0 7 3 7957 0 73 0 0 0; 0 0 0 0 0 339 0 0 0 0; 15 8 0 0 2 1 9293 0 0 0; 0 0 0 0 0 0 0 38 0 0; 0 0 7 0 1 7 195 0 18968 7; 0 2 1 26 4 0 23 0 16 175051]
0.002,manhattan,61,762,10706,0.9925,0.6726,0.9981,0.3437,0.974,0.9971,0.9779,1.0,0.9932,0.9962,0.8945,0.8652,0.9916,[104638 77 23 1140 286 1 38 0 0 1; 0 604 0 1 0 0 1 0 0 0; 1 1 14559 16 1 0 6 0 0 1; 0 0 0 625 0 0 1 0 0 1; 0 34 3 0 7997 0 4 0 0 2; 0 0 0 0 0 338 1 0 0 0; 8 0 0 251 37 0 9020 0 0 3; 0 0 0 0 0 0 0 38 0 0; 0 118 1 76 9 0 51 0 18928 2; 1 356 1 901 51 0 6 0 1 173806]
0.002,manhattan,58,687,9393,0.9851,0.5347,0.9017,0.407,0.9573,0.9733,0.9896,0.9268,0.9947,0.9905,0.8661,0.8211,0.9856,[103093 254 2038 706 100 2 6 1 0 4; 0 604 0 0 0 0 0 2 0 0; 2 1 14541 0 0 0 0 3 0 38; 0 0 0 615 0 0 12 0 0 0; 0 3 63 9 7959 1 0 0 2 3; 0 0 1 3 1 328 0 0 6 0; 13 62 57 30 4 1 9149 0 0 3; 0 0 0 0 0 0 0 38 0 0; 0 1 54 38 1 2 0 0 18992 97; 0 728 914 994 523 1 4 0 2 171957]
0.002,manhattan,58,730,9929,0.9925,0.942,0.9968,0.6144,0.9925,0.9956,0.8569,1.0,0.996,0.9942,0.9381,0.9084,0.9904,[104639 8 0 605 28 1 920 0 3 0; 0 601 0 0 2 0 3 0 0 0; 0 29 14495 8 28 0 25 0 0 0; 0 0 0 607 1 0 18 0 0 1; 0 0 3 0 8037 0 0 0 0 0; 0 0 0 0 1 337 1 0 0 0; 6 10 0 32 35 0 9236 0 0 0; 0 0 0 0 0 0 0 38 0 0; 1 0 0 0 19 0 127 0 19038 0; 2 22 0 97 5 0 1907 0 2 173088]
0.002,manhattan,62,779,10418,0.9985,0.1459,0.9957,0.9782,0.9991,0.9912,0.9966,0.9487,0.9934,0.9813,0.9029,0.8976,0.9869,[105886 305 3 0 0 3 6 0 1 0; 0 605 0 0 0 0 1 0 0 0; 0 95 14483 7 0 0 0 0 0 0; 0 13 0 607 0 0 7 0 0 0; 0 12 1 0 8027 0 0 0 0 0; 0 2 0 0 0 337 0 0 0 0; 1 23 18 0 0 0 9277 0 0 0; 0 1 0 0 0 0 0 37 0 0; 0 242 1 0 0 0 2 0 18940 0; 6 6392 1 0 2 1 5 3 4 168709]
0.002,manhattan,64,784,10447,0.9842,0.891,0.9946,0.2575,0.9938,0.9762,0.9871,0.8409,0.9933,0.9994,0.8918,0.8664,0.9856,[102990 18 61 3109 12 4 7 2 0 1; 0 605 1 0 0 0 0 0 0 0; 2 0 14571 12 0 0 0 0 0 0; 0 0 0 625 0 0 2 0 0 0; 11 41 4 27 7956 1 0 0 0 0; 8 0 0 2 0 328 0 0 0 1; 19 81 35 80 3 0 9090 11 0 0; 0 0 1 0 0 0 0 37 0 0; 44 3 40 167 0 0 0 0 18931 0; 1 4 3 206 0 0 0 0 0 174909]
0.002,manhattan,47,687,8867,0.9994,0.9256,0.966,0.9274,0.9232,0.9835,0.9914,0.962,0.9749,0.9914,0.9645,0.9408,0.9916,[106121 13 3 7 12 0 9 0 39 0; 0 603 0 1 0 0 0 2 0 0; 14 11 14551 0 5 0 2 1 1 0; 0 0 0 626 0 0 0 0 0 1; 3 9 1 0 8013 0 7 0 4 3; 1 0 0 0 6 328 0 0 4 0; 27 28 10 0 59 0 9185 0 10 0; 0 0 0 0 0 0 0 38 0 0; 0 4 32 1 102 0 3 0 19043 0; 5 29 944 88 1123 0 5 0 779 172150]
0.002,manhattan,54,735,9283,0.9987,0.9822,0.9988,0.9058,0.8183,0.9912,0.983,1.0,0.9933,0.9911,0.9662,0.9465,0.9927,[105961 2 0 77 158 1 5 0 0 0; 0 606 0 0 0 0 0 0 0 0; 0 0 14549 5 28 0 3 0 0 0; 0 0 0 620 5 0 1 0 0 1; 25 8 0 3 7997 0 4 0 0 3; 0 0 0 0 1 338 0 0 0 0; 7 0 0 15 146 0 9151 0 0 0; 0 0 0 0 0 0 0 38 0 0; 0 0 0 0 247 0 8 0 18930 0; 4 12 0 22 2923 4 128 0 0 172030]
0.002,manhattan,58,786,10442,0.9744,0.9416,0.9889,0.1416,0.9864,0.9912,0.9577,0.9867,0.9931,0.9962,0.8958,0.8927,0.9788,[100910 48 0 5231 2 3 8 0 0 2; 0 605 0 1 0 0 0 0 0 0; 0 1 14275 75 0 0 234 0 0 0; 0 0 0 626 0 0 0 0 0 1; 0 0 4 208 7828 0 0 0 0 0; 0 0 0 2 0 337 0 0 0 0; 3 17 0 512 0 0 8785 0 0 2; 0 0 0 1 0 0 0 37 0 0; 0 5 6 251 0 0 0 0 18923 0; 4 3 0 1309 2 1 0 0 1 173803]
0.002,manhattan,56,765,9874,0.9905,0.9735,0.9955,0.603,0.9752,0.9883,0.8904,1.0,0.9844,0.997,0.9398,0.9176,0.9844,[104315 0 9 724 0 4 894 0 258 0; 0 587 0 0 0 0 19 0 0 0; 10 0 14472 6 0 0 87 0 10 0; 0 0 0 609 0 0 18 0 0 0; 5 1 2 0 7653 0 185 0 194 0; 0 0 0 0 0 337 2 0 0 0; 2 0 0 26 0 0 9287 0 4 0; 0 0 0 0 0 0 0 38 0 0; 77 4 7 0 1 0 44 0 19052 0; 12 8 1 28 2 2 1006 0 5 174059]
0.002,manhattan,61,774,10501,0.9877,0.9332,0.9963,0.7081,0.9949,0.9547,0.9754,0.987,0.9926,0.9943,0.9524,0.9263,0.9926,[105528 2 0 482 16 13 130 1 0 32; 0 594 0 0 0 0 12 0 0 0; 0 2 14492 0 0 0 91 0 0 0; 0 0 0 627 0 0 0 0 0 0; 1 6 4 4 7976 0 49 0 0 0; 0 0 0 0 0 337 1 0 0 1; 7 1 1 0 1 0 9309 0 0 0; 0 0 0 0 0 0 0 38 0 0; 112 20 0 0 0 5 145 0 18903 0; 1834 42 10 31 1 12 31 0 0 173162]
0.002,manhattan,53,685,9287,0.994,0.971,0.9954,0.717,0.9992,0.9912,0.9049,0.8605,0.9987,0.9971,0.9429,0.9101,0.991,[104986 12 2 382 0 3 800 0 19 0; 0 603 0 1 0 0 2 0 0 0; 12 2 14463 15 0 0 86 0 7 0; 0 10 0 617 0 0 0 0 0 0; 0 0 7 1 8028 0 3 0 1 0; 0 0 0 0 0 337 1 0 1 0; 18 1 0 56 0 0 9232 11 1 0; 0 0 0 0 0 0 1 37 0 0; 5 3 0 3 0 0 1 0 19172 1; 20 5 3 19 1 1 959 0 9 174106]
0.002,manhattan,60,691,9470,0.9967,0.9461,0.9765,0.3252,0.9866,0.9897,0.9928,1.0,0.9927,0.994,0.92,0.9031,0.9917,[105515 9 10 659 0 4 4 0 3 0; 0 605 0 0 0 0 1 0 0 0; 0 13 14529 42 0 0 1 0 0 0; 0 0 0 625 0 0 2 0 0 0; 0 2 43 167 7828 0 0 0 0 0; 0 0 2 0 0 337 0 0 0 0; 13 28 12 28 1 0 9221 0 9 7; 0 0 0 0 0 0 0 38 0 0; 1 2 54 202 0 0 1 0 18924 1; 2 14 522 1494 0 1 27 0 4 173059]
0.002,manhattan,57,774,10306,0.9841,0.9867,0.9978,0.7674,0.9364,0.9912,0.989,0.8506,0.9933,0.9893,0.9486,0.9227,0.9863,[102927 2 24 82 158 4 5 2 0 3000; 0 592 0 0 14 0 0 0 0 0; 2 0 14561 1 20 0 1 0 0 0; 0 0 0 622 5 0 0 0 0 0; 26 0 2 0 7998 0 0 10 0 4; 0 0 0 0 2 337 0 0 0 0; 12 0 4 4 155 0 9144 0 0 0; 0 0 0 0 1 0 0 37 0 0; 0 0 9 0 244 0 1 0 18930 1; 0 0 2 285 445 0 22 0 2 174367]
0.002,manhattan,60,690,9823,0.9921,0.8918,0.9806,0.1925,0.9932,0.997,0.9891,1.0,0.99,0.9919,0.9018,0.89,0.987,[104641 21 0 1537 0 0 3 0 2 0; 0 606 0 0 0 0 0 0 0 0; 7 11 14030 537 0 0 0 0 0 0; 0 0 0 620 0 0 6 0 0 1; 0 9 0 23 8005 0 0 0 0 3; 0 0 0 2 0 337 0 0 0 0; 14 85 0 91 0 0 9129 0 0 0; 0 0 0 0 0 0 0 38 0 0; 14 17 0 272 73 0 0 0 18809 0; 73 4 0 2732 1 0 3 0 3 172307]
0.002,manhattan,58,677,9363,0.9928,0.9673,0.9966,0.5781,0.9744,0.9868,0.9455,1.0,0.9948,0.9984,0.9435,0.9197,0.9928,[104701 0 4 777 400 4 315 0 2 1; 0 591 0 0 0 0 15 0 0 0; 0 1 14539 25 0 0 20 0 0 0; 0 0 0 627 0 0 0 0 0 0; 0 0 1 8 8024 2 5 0 0 0; 0 0 0 0 0 337 1 0 1 0; 9 4 9 57 1 1 9232 0 5 1; 0 0 0 0 0 0 0 38 0 0; 0 14 40 13 4 0 117 0 18995 2; 0 6 0 35 1 0 505 0 2 174574]
0.002,manhattan,60,767,10206,0.9939,0.9718,0.9962,0.7489,0.9972,0.9836,0.8618,0.9737,0.987,0.9932,0.9507,0.9255,0.9885,[104947 7 12 302 0 1 535 1 399 0; 0 604 1 0 0 0 1 0 0 0; 22 0 14556 1 0 0 6 0 0 0; 0 0 0 622 0 0 5 0 0 0; 0 4 4 0 7995 0 23 0 14 0; 1 0 0 0 0 329 0 0 9 0; 5 8 58 7 0 0 9181 0 60 0; 0 0 0 0 0 0 1 37 0 0; 1 2 5 0 0 0 2 0 19175 0; 4 12 1 102 0 0 2234 0 15 172755]
0.002,manhattan,61,751,10084,0.9973,0.9858,0.9957,0.9227,0.9964,0.9883,0.9167,0.8941,0.9974,0.9962,0.9691,0.9491,0.9932,[105694 0 7 80 2 5 382 1 32 1; 0 589 0 0 0 0 12 5 0 0; 0 0 14555 8 0 0 10 3 7 2; 0 0 0 621 0 0 5 0 0 1; 0 0 5 0 7994 0 41 0 0 0; 0 0 0 0 0 337 2 0 0 0; 5 0 1 4 0 0 9306 0 0 3; 0 0 0 0 0 0 0 38 0 0; 1 0 0 6 0 0 47 0 19128 3; 46 0 83 0 9 1 1179 0 5 173800]
0.002,manhattan,60,729,10078,0.9929,0.9728,0.9938,0.5626,0.9884,0.5645,0.8192,0.987,0.9928,0.9879,0.8862,0.8404,0.9898,[104733 0 2 57 123 6 1280 0 0 3; 0 591 0 0 0 0 6 0 0 9; 1 1 14412 0 15 0 119 1 0 36; 0 0 0 622 0 0 3 0 0 2; 0 0 0 10 8021 0 9 0 0 0; 0 0 0 0 0 339 0 0 0 0; 19 4 0 2 0 0 9282 0 0 12; 0 0 0 0 0 0 0 38 0 0; 0 0 4 7 3 0 109 0 18914 148; 10 13 0 886 29 517 2535 0 2 171131]
0.002,manhattan,57,762,9636,0.9946,0.9859,0.9798,0.8929,0.9542,0.9912,0.9411,0.95,0.9942,0.9971,0.9681,0.9478,0.9915,[105173 0 308 142 296 3 271 1 10 0; 0 594 1 0 0 0 10 0 1 0; 0 4 14361 0 47 0 134 3 36 0; 0 0 0 621 0 0 6 0 0 0; 1 0 3 0 8022 0 11 0 3 0; 0 0 1 0 0 337 1 0 0 0; 0 1 48 0 22 0 9235 0 13 0; 0 0 0 0 0 0 0 38 0 0; 93 0 4 1 47 0 8 0 19032 0; 25 0 3 0 340 1 630 0 6 174118]
0.002,manhattan,62,704,9960,0.9939,0.9457,0.9907,0.5963,0.9958,0.9897,0.9462,0.9867,0.9933,0.9994,0.9438,0.9214,0.9895,[105015 11 2 709 0 4 463 0 0 0; 0 601 1 0 0 0 4 0 0 0; 5 7 14327 20 0 0 226 0 0 0; 0 0 0 621 0 0 6 0 0 0; 0 1 3 5 7972 0 59 0 0 0; 0 0 0 0 0 337 2 0 0 0; 14 16 0 0 0 0 9289 0 0 0; 0 0 0 0 0 0 1 37 0 0; 65 5 3 74 0 0 109 0 18929 0; 17 24 1 27 0 1 157 0 0 174896]
0.002,manhattan,57,770,10365,0.9853,0.6604,0.9957,0.7249,0.9857,0.9883,0.9576,0.052,0.9932,0.9993,0.8342,0.7992,0.9896,[103308 566 9 418 6 3 660 1132 0 102; 0 595 0 10 0 0 0 1 0 0; 2 0 14494 12 0 0 46 31 0 0; 0 0 0 627 0 0 0 0 0 0; 170 1 3 0 7828 0 0 37 0 1; 0 0 0 0 0 337 0 2 0 0; 15 26 1 3 0 0 9264 10 0 0; 0 0 0 0 0 0 0 38 0 0; 0 8 0 12 0 0 51 151 18931 32; 1 0 21 21 9 3 9 22 7 175030]
0.002,manhattan,58,770,10210,0.984,0.208,0.9931,0.7948,0.9969,0.6883,0.9747,0.987,0.9943,0.9945,0.8616,0.8241,0.989,[102857 2512 66 229 0 250 286 1 3 0; 0 605 0 0 0 0 1 0 0 0; 0 27 14466 11 0 10 71 0 0 0; 0 0 0 606 0 0 21 0 0 0; 0 38 4 0 7994 4 0 0 0 0; 0 0 0 0 0 339 0 0 0 0; 0 43 0 8 0 16 9251 0 1 0; 0 0 0 0 0 0 0 38 0 0; 0 155 0 44 0 4 3 0 18971 8; 5 1831 12 0 4 23 30 0 1 173217]
0.002,manhattan,56,715,9702,0.9969,0.986,0.9966,0.4077,0.9971,0.9897,0.8894,1.0,0.9898,0.9908,0.9244,0.902,0.9925,[105572 1 1 287 0 4 230 0 109 0; 0 599 0 0 0 0 7 0 0 0; 0 0 14494 35 0 0 56 0 0 0; 0 0 1 624 0 0 1 0 0 1; 0 6 4 2 7995 0 17 0 16 0; 0 0 0 0 0 337 2 0 0 0; 0 1 2 19 1 0 9287 0 9 0; 0 0 0 0 0 0 0 38 0 0; 3 1 0 5 0 0 243 0 18933 0; 15 1 1 1462 1 1 1722 0 3 171917]
0.002,manhattan,63,770,10165,0.9947,0.9934,0.9962,0.719,0.9944,0.9854,0.9722,0.4837,0.9693,0.9974,0.9106,0.8741,0.9925,[105088 1 0 440 5 5 392 0 266 7; 1 603 0 0 0 0 2 0 0 0; 0 0 14478 0 6 0 19 3 79 0; 0 0 0 627 0 0 0 0 0 0; 0 0 0 35 7990 0 4 0 11 0; 0 0 0 0 0 337 0 0 2 0; 6 0 0 2 19 0 9244 0 48 0; 0 0 0 0 0 0 0 37 1 0; 0 4 0 5 6 0 5 0 19165 0; 1 0 3 8 4 3 31 75 788 174210]
0.002,manhattan,61,782,10146,0.9921,0.7093,0.9816,0.7163,0.9969,0.9956,0.9075,0.987,0.993,0.9941,0.9273,0.8905,0.991,[105385 0 0 325 0 1 493 0 0 0; 0 604 0 0 0 0 2 0 0 0; 10 1 14062 1 0 0 511 0 0 0; 0 0 0 625 0 0 1 0 0 1; 10 0 0 1 7995 0 32 0 0 2; 0 0 0 0 0 337 2 0 0 0; 12 3 1 7 4 0 9291 1 0 0; 0 0 0 0 0 0 0 38 0 0; 21 3 0 12 0 0 225 0 18924 0; 800 486 2 147 1 0 599 0 5 173083]
0.002,manhattan,63,817,10324,0.9927,0.9785,0.9967,0.6901,0.9969,0.9402,0.8905,0.7872,0.997,0.997,0.9267,0.8863,0.9904,[104696 1 0 493 1 9 1003 1 0 0; 0 592 0 1 0 1 12 0 0 0; 0 1 14493 7 1 0 83 0 0 0; 0 0 0 627 0 0 0 0 0 0; 14 0 3 0 7995 19 7 0 2 0; 0 0 0 0 0 338 1 0 0 0; 11 0 0 33 1 1 9262 11 0 0; 0 0 0 0 0 0 1 37 0 0; 0 8 0 0 0 0 97 6 19074 0; 0 2 0 29 1 12 1017 1 3 174058]
0.002,manhattan,57,727,9391,0.9983,0.9127,0.9969,0.45,0.9974,0.9812,0.9926,0.9383,0.9933,0.9969,0.9258,0.8977,0.9921,[105965 29 0 188 0 6 11 0 0 5; 0 601 0 0 0 0 0 5 0 0; 1 11 14494 62 13 4 0 0 0 0; 0 0 0 608 0 0 19 0 0 0; 0 2 0 11 8027 0 0 0 0 0; 0 0 0 0 0 339 0 0 0 0; 8 29 0 65 0 0 9214 0 0 3; 0 0 0 0 0 0 0 38 0 0; 85 13 0 150 4 1 0 0 18932 0; 24 26 0 991 12 2 3 0 2 174063]
0.002,manhattan,59,714,10188,0.9994,0.9703,0.991,0.8018,0.9864,0.9927,0.945,0.987,0.9932,0.9984,0.9665,0.9469,0.9935,[106075 1 8 32 1 3 78 1 5 0; 0 605 0 0 0 0 1 0 0 0; 0 6 14347 16 0 0 216 0 0 0; 0 0 0 627 0 0 0 0 0 0; 1 0 10 168 7828 0 33 0 0 0; 0 0 0 0 0 339 0 0 0 0; 4 17 0 10 0 1 9287 0 0 0; 0 0 0 0 0 0 0 38 0 0; 0 4 3 57 0 0 190 0 18931 0; 0 8 2 27 3 1 530 0 0 174552]
0.002,manhattan,60,863,10964,0.9839,0.9761,0.9928,0.8823,0.8265,0.997,0.9885,0.96,0.995,0.9997,0.9602,0.943,0.9848,[102834 1 111 31 3164 0 8 1 5 49; 0 592 1 9 4 0 0 0 0 0; 0 1 14575 8 1 0 0 0 0 0; 0 0 0 622 0 0 5 0 0 0; 0 2 2 7 8029 0 0 0 0 0; 0 0 0 0 2 337 0 0 0 0; 2 0 38 37 99 0 9141 0 1 1; 2 0 0 0 0 0 0 36 0 0; 0 8 44 45 82 0 0 0 19001 5; 0 3 5 24 8 0 22 0 0 175061]
0.002,manhattan,59,751,10036,0.9927,0.9336,0.9955,0.5681,0.9984,0.9956,0.9891,0.962,0.9793,0.9941,0.9408,0.9142,0.9945,[105655 3 27 510 0 1 4 1 3 0; 0 605 1 0 0 0 0 0 0 0; 4 0 14580 1 0 0 0 0 0 0; 0 0 0 626 0 0 0 0 0 1; 1 5 1 4 8016 0 0 0 10 3; 0 0 0 1 0 337 0 0 1 0; 7 54 60 63 0 0 9125 1 9 0; 0 0 0 0 0 0 0 38 0 0; 79 0 5 6 0 0 0 0 19095 0; 924 23 32 366 2 0 3 1 694 173078]
0.002,manhattan,56,763,9995,0.993,0.9741,0.9965,0.8587,0.9894,0.9549,0.9032,0.962,0.99,0.9986,0.962,0.9372,0.9924,[104883 12 2 83 0 14 1203 1 0 6; 0 601 0 0 0 0 3 2 0 0; 2 5 14567 0 0 0 11 0 0 0; 0 0 0 626 0 0 0 0 0 1; 154 2 0 0 7873 0 11 0 0 0; 0 0 0 0 0 339 0 0 0 0; 9 6 46 6 0 1 9237 0 0 14; 0 0 0 0 0 0 0 38 0 0; 0 1 32 5 1 14 324 0 18807 1; 0 1 3 111 1 3 347 0 3 174654]
0.002,manhattan,57,715,9524,0.988,0.3371,0.944,0.8401,0.9971,0.9956,0.9846,0.987,0.9993,0.9969,0.907,0.8801,0.9911,[103694 1958 484 53 0 0 13 1 1 0; 1 605 0 0 0 0 0 0 0 0; 2 226 14336 17 0 0 3 0 0 1; 0 1 0 625 0 0 0 0 0 1; 0 19 18 7 7995 0 0 0 0 1; 0 2 0 0 0 337 0 0 0 0; 14 146 58 8 0 0 9093 0 0 0; 0 0 0 0 0 0 0 38 0 0; 0 5 2 7 0 0 8 0 19163 0; 0 21 889 144 1 1 35 0 3 174029]
0.002,manhattan,53,690,8979,0.9843,0.991,0.9955,0.8152,0.7842,0.9811,0.9563,0.95,0.9924,0.9932,0.9443,0.9104,0.9919,[102960 0 35 250 2122 10 650 0 177 0; 0 603 0 0 0 0 1 0 2 0; 0 0 14504 14 33 0 9 0 25 0; 0 0 0 622 5 0 0 0 0 0; 0 0 1 0 8027 0 7 0 5 0; 0 0 0 0 1 337 0 0 1 0; 36 0 3 7 14 0 9224 0 35 0; 0 0 0 0 0 0 0 38 0 0; 0 0 1 6 3 0 1 0 19174 0; 0 8 9 0 2227 1 81 4 37 172756]
0.002,manhattan,63,805,10693,0.9952,0.9885,0.9973,0.4347,0.9988,0.9897,0.983,0.95,0.9942,0.9991,0.933,0.9145,0.993,[105217 0 12 924 0 4 4 1 0 42; 0 602 1 0 0 0 0 3 0 0; 0 1 14573 10 0 0 1 0 0 0; 0 0 0 627 0 0 0 0 0 0; 1 1 1 13 8022 0 0 0 0 2; 0 0 0 2 0 337 0 0 0 0; 24 7 47 224 0 0 9017 0 0 0; 0 0 0 0 0 0 0 38 0 0; 1 0 3 201 0 0 1 0 18968 11; 3 1 2 257 1 1 3 0 4 174851]
0.002,manhattan,60,815,10760,0.9967,0.9797,0.9789,0.6987,0.9927,0.9897,0.9814,0.9737,0.9931,0.9995,0.9584,0.9408,0.989,[105614 7 75 470 13 4 13 1 0 7; 0 604 1 0 0 0 1 0 0 0; 10 7 14372 0 0 0 194 0 0 2; 0 0 0 618 7 0 2 0 0 0; 7 1 78 1 7950 0 3 0 0 0; 0 0 2 0 0 337 0 0 0 0; 49 2 67 5 1 0 9188 0 0 7; 0 0 1 0 0 0 0 37 0 0; 11 5 170 0 0 0 1 0 18923 75; 24 1 13 48 6 1 3 0 2 175025]
0.002,manhattan,57,702,9687,0.9992,0.9721,0.996,0.9569,0.9962,0.997,0.9222,0.95,0.9933,0.9971,0.978,0.9652,0.9926,[106031 1 1 32 1 0 137 1 0 0; 0 592 0 0 0 0 14 0 0 0; 0 18 14474 1 0 0 89 3 0 0; 0 0 0 622 1 0 4 0 0 0; 0 0 3 0 7990 0 47 0 0 0; 0 0 0 0 0 337 2 0 0 0; 5 0 0 14 2 0 9298 0 0 0; 0 0 0 0 0 0 0 38 0 0; 0 0 0 4 0 0 251 0 18930 0; 0 1 0 0 7 0 1004 0 2 174109]
0.002,manhattan,60,730,10226,0.9891,0.3034,0.991,0.91,0.9985,0.9797,0.99,1.0,0.9989,0.9992,0.916,0.8973,0.9931,[103938 2215 1 28 1 0 18 0 0 3; 0 604 0 0 0 0 0 0 2 0; 0 223 14329 0 0 11 4 0 18 0; 0 0 0 627 0 0 0 0 0 0; 0 4 3 1 8028 0 3 0 0 1; 1 1 0 0 0 337 0 0 0 0; 4 152 0 0 0 0 9162 0 0 1; 0 0 0 0 0 0 0 38 0 0; 0 17 0 0 1 0 0 0 19167 0; 16 159 0 95 10 1 4 0 5 174833]
