organism,k,label,kind,n,support,precision_mean,precision_std,recall_mean,recall_std,f1_score_mean,f1_score_std,seconds_mean,seconds_std
denv,2,accuracy,overall,7,4512.0,,,,,0.03,0.0,119.0726,41.866
denv,2,macro avg,average,7,4512.0,0.0271,0.0454,0.25,0.0,0.01,0.0,119.0726,41.866
denv,2,type1,class,7,2095.0,0.0714,0.189,0.0,0.0,0.0,0.0,119.0726,41.866
denv,2,type2,class,7,1373.0,0.0,0.0,0.0,0.0,0.0,0.0,119.0726,41.866
denv,2,type3,class,7,910.0,0.0,0.0,0.0,0.0,0.0,0.0,119.0726,41.866
denv,2,type4,class,7,134.0,0.03,0.0,0.9986,0.0038,0.06,0.0,119.0726,41.866
denv,2,weighted avg,average,7,4512.0,0.0329,0.0869,0.03,0.0,0.0,0.0,119.0726,41.866
denv,3,accuracy,overall,7,4512.0,,,,,0.3429,0.2798,48.6613,9.0791
denv,3,macro avg,average,7,4512.0,0.3143,0.3113,0.3929,0.2085,0.2371,0.2704,48.6613,9.0791
denv,3,type1,class,7,2095.0,0.3114,0.4165,0.4114,0.5147,0.3443,0.4387,48.6613,9.0791
denv,3,type2,class,7,1373.0,0.4243,0.4617,0.4014,0.5041,0.3386,0.4525,48.6613,9.0791
denv,3,type3,class,7,910.0,0.2829,0.4831,0.0457,0.0854,0.0786,0.145,48.6613,9.0791
denv,3,type4,class,7,134.0,0.2314,0.3453,0.7129,0.4802,0.1886,0.3503,48.6613,9.0791
denv,3,weighted avg,average,7,4512.0,0.3386,0.3006,0.3429,0.2798,0.2814,0.28,48.6613,9.0791
denv,4,accuracy,overall,7,4512.0,,,,,0.6843,0.1429,1466.034,679.9665
denv,4,macro avg,average,7,4512.0,0.54,0.2343,0.5629,0.2242,0.5143,0.2387,1466.034,679.9665
denv,4,type1,class,7,2095.0,0.83,0.1963,0.9757,0.0351,0.8843,0.1198,1466.034,679.9665
denv,4,type2,class,7,1373.0,0.5529,0.4577,0.4329,0.3758,0.4571,0.3667,1466.034,679.9665
denv,4,type3,class,7,910.0,0.2871,0.3565,0.4429,0.5224,0.3214,0.3901,1466.034,679.9665
denv,4,type4,class,7,134.0,0.4814,0.458,0.4057,0.4901,0.4043,0.4695,1466.034,679.9665
denv,4,weighted avg,average,7,4512.0,0.6271,0.1775,0.6843,0.1429,0.6243,0.1714,1466.034,679.9665
denv,5,accuracy,overall,7,4512.0,,,,,0.3771,0.2224,78.074,58.755
denv,5,macro avg,average,7,4512.0,0.3471,0.2575,0.4843,0.1365,0.3343,0.191,78.074,58.755
denv,5,type1,class,7,2095.0,0.1714,0.2845,0.2857,0.488,0.2129,0.3609,78.074,58.755
denv,5,type2,class,7,1373.0,0.3471,0.3872,0.4443,0.5075,0.31,0.3278,78.074,58.755
denv,5,type3,class,7,910.0,0.5114,0.5009,0.4257,0.4657,0.4286,0.4432,78.074,58.755
denv,5,type4,class,7,134.0,0.3557,0.4171,0.7886,0.345,0.3843,0.4158,78.074,58.755
denv,5,weighted avg,average,7,4512.0,0.2986,0.2614,0.3771,0.2224,0.2886,0.1983,78.074,58.755
denv,6,accuracy,overall,7,4512.0,,,,,0.4171,0.2787,70.879,51.6669
denv,6,macro avg,average,7,4512.0,0.4457,0.2627,0.5129,0.2229,0.3514,0.2193,70.879,51.6669
denv,6,type1,class,7,2095.0,0.71,0.4851,0.4571,0.4479,0.5,0.4764,70.879,51.6669
denv,6,type2,class,7,1373.0,0.4571,0.4067,0.4314,0.4343,0.43,0.4309,70.879,51.6669
denv,6,type3,class,7,910.0,0.3829,0.4577,0.2329,0.3816,0.1971,0.3573,70.879,51.6669
denv,6,type4,class,7,134.0,0.2257,0.3359,0.93,0.1131,0.2757,0.2637,70.879,51.6669
denv,6,weighted avg,average,7,4512.0,0.5529,0.3541,0.4171,0.2787,0.41,0.2978,70.879,51.6669
denv,7,accuracy,overall,7,4512.0,,,,,0.4529,0.2639,119.8412,18.1705
denv,7,macro avg,average,7,4512.0,0.4114,0.2031,0.4271,0.1472,0.3457,0.1864,119.8412,18.1705
denv,7,type1,class,7,2095.0,0.56,0.3998,0.5529,0.4851,0.4929,0.4198,119.8412,18.1705
denv,7,type2,class,7,1373.0,0.4829,0.4437,0.2457,0.3127,0.3043,0.3638,119.8412,18.1705
denv,7,type3,class,7,910.0,0.5471,0.4354,0.5429,0.4558,0.48,0.3763,119.8412,18.1705
denv,7,type4,class,7,134.0,0.0614,0.046,0.3814,0.2607,0.1014,0.0765,119.8412,18.1705
denv,7,weighted avg,average,7,4512.0,0.5186,0.2758,0.4529,0.2639,0.4214,0.2747,119.8412,18.1705
denv,8,accuracy,overall,7,4512.0,,,,,0.6171,0.3031,409.729,32.6538
denv,8,macro avg,average,7,4512.0,0.5386,0.3482,0.6271,0.274,0.5314,0.3393,409.729,32.6538
denv,8,type1,class,7,2095.0,0.5343,0.3992,0.6657,0.4617,0.5886,0.4204,409.729,32.6538
denv,8,type2,class,7,1373.0,0.5743,0.4588,0.5557,0.4955,0.5514,0.4769,409.729,32.6538
denv,8,type3,class,7,910.0,0.6143,0.4311,0.5843,0.4722,0.5271,0.4236,409.729,32.6538
denv,8,type4,class,7,134.0,0.4243,0.4312,0.6971,0.4639,0.4586,0.4355,409.729,32.6538
denv,8,weighted avg,average,7,4512.0,0.5614,0.3507,0.6171,0.3031,0.56,0.3411,409.729,32.6538
denv,9,accuracy,overall,7,4512.0,,,,,0.78,0.246,1018.9706,70.2091
denv,9,macro avg,average,7,4512.0,0.7414,0.2653,0.77,0.2387,0.7157,0.2666,1018.9706,70.2091
denv,9,type1,class,7,2095.0,0.88,0.2222,0.76,0.2868,0.8057,0.2604,1018.9706,70.2091
denv,9,type2,class,7,1373.0,0.7971,0.3555,0.7529,0.3685,0.7643,0.3529,1018.9706,70.2091
denv,9,type3,class,7,910.0,0.8186,0.2417,0.8686,0.2084,0.8029,0.1837,1018.9706,70.2091
denv,9,type4,class,7,134.0,0.47,0.4214,0.7071,0.4698,0.4886,0.4304,1018.9706,70.2091
denv,9,weighted avg,average,7,4512.0,0.83,0.2572,0.78,0.246,0.7829,0.2651,1018.9706,70.2091
denv,10,accuracy,overall,7,4512.0,,,,,0.8114,0.2506,1806.1556,124.4794
denv,10,macro avg,average,7,4512.0,0.6757,0.255,0.69,0.2166,0.6386,0.2566,1806.1556,124.4794
denv,10,type1,class,7,2095.0,0.8429,0.3728,0.7829,0.3622,0.8071,0.3612,1806.1556,124.4794
denv,10,type2,class,7,1373.0,0.8186,0.2436,0.9714,0.0302,0.8686,0.1689,1806.1556,124.4794
denv,10,type3,class,7,910.0,0.6871,0.3965,0.7114,0.4693,0.6914,0.4434,1806.1556,124.4794
denv,10,type4,class,7,134.0,0.3557,0.3957,0.2957,0.4779,0.1957,0.3273,1806.1556,124.4794
denv,10,weighted avg,average,7,4512.0,0.79,0.3024,0.8114,0.2506,0.7843,0.2934,1806.1556,124.4794
hbv,2,A,class,1,644.0,0.0,,0.0,,0.0,,669.7512,
hbv,2,B,class,1,1485.0,0.0,,0.0,,0.0,,669.7512,
hbv,2,C,class,1,2435.0,0.0,,0.0,,0.0,,669.7512,
hbv,2,D,class,1,965.0,0.0,,0.0,,0.0,,669.7512,
hbv,2,E,class,1,150.0,0.03,,1.0,,0.05,,669.7512,
hbv,2,F,class,1,53.0,0.0,,0.0,,0.0,,669.7512,
hbv,2,accuracy,overall,1,5732.0,,,,,0.03,,669.7512,
hbv,2,macro avg,average,1,5732.0,0.0,,0.17,,0.01,,669.7512,
hbv,2,weighted avg,average,1,5732.0,0.0,,0.03,,0.0,,669.7512,
hbv,3,A,class,56,644.0,0.1989,0.3509,0.267,0.4198,0.1577,0.2791,113.8127,210.5622
hbv,3,B,class,56,1485.0,0.3118,0.4262,0.2091,0.3682,0.1879,0.3191,113.8127,210.5622
hbv,3,C,class,56,2435.0,0.1359,0.3395,0.0468,0.1809,0.0529,0.1767,113.8127,210.5622
hbv,3,D,class,56,965.0,0.3055,0.2711,0.8325,0.3325,0.3598,0.2093,113.8127,210.5622
hbv,3,E,class,56,150.0,0.2189,0.3929,0.1784,0.3469,0.1382,0.2914,113.8127,210.5622
hbv,3,F,class,56,53.0,0.1427,0.3392,0.0657,0.1859,0.0796,0.2076,113.8127,210.5622
hbv,3,accuracy,overall,56,5732.0,,,,,0.2496,0.1548,113.8127,210.5622
hbv,3,macro avg,average,56,5732.0,0.2189,0.2299,0.2677,0.1543,0.1623,0.1717,113.8127,210.5622
hbv,3,weighted avg,average,56,5732.0,0.2198,0.2518,0.2496,0.1548,0.1539,0.1728,113.8127,210.5622
hbv,4,A,class,56,644.0,0.3975,0.4749,0.2689,0.3946,0.2704,0.3938,118.2957,105.0403
hbv,4,B,class,56,1485.0,0.5361,0.3905,0.5343,0.4284,0.4357,0.3585,118.2957,105.0403
hbv,4,C,class,56,2435.0,0.5852,0.3984,0.4768,0.419,0.4736,0.3774,118.2957,105.0403
hbv,4,D,class,56,965.0,0.4925,0.4283,0.4255,0.4474,0.3464,0.3757,118.2957,105.0403
hbv,4,E,class,56,150.0,0.2425,0.3881,0.2366,0.3775,0.187,0.3176,118.2957,105.0403
hbv,4,F,class,56,53.0,0.2911,0.3972,0.5804,0.4376,0.2655,0.3637,118.2957,105.0403
hbv,4,accuracy,overall,56,5732.0,,,,,0.4539,0.2712,118.2957,105.0403
hbv,4,macro avg,average,56,5732.0,0.4241,0.2839,0.4198,0.2611,0.3298,0.2758,118.2957,105.0403
hbv,4,weighted avg,average,56,5732.0,0.5236,0.3213,0.4539,0.2712,0.4104,0.2947,118.2957,105.0403
hbv,5,A,class,56,644.0,0.4898,0.4039,0.5207,0.4581,0.4037,0.3859,112.3098,51.9512
hbv,5,B,class,56,1485.0,0.6216,0.3905,0.4836,0.4277,0.4596,0.3864,112.3098,51.9512
hbv,5,C,class,56,2435.0,0.7286,0.3408,0.593,0.4078,0.5898,0.3652,112.3098,51.9512
hbv,5,D,class,56,965.0,0.6529,0.3605,0.5352,0.4181,0.482,0.3619,112.3098,51.9512
hbv,5,E,class,56,150.0,0.4434,0.4329,0.3836,0.3969,0.3398,0.3748,112.3098,51.9512
hbv,5,F,class,56,53.0,0.3293,0.408,0.4668,0.4294,0.302,0.3827,112.3098,51.9512
hbv,5,accuracy,overall,56,5732.0,,,,,0.5393,0.2661,112.3098,51.9512
hbv,5,macro avg,average,56,5732.0,0.5439,0.2505,0.497,0.2432,0.4295,0.26,112.3098,51.9512
hbv,5,weighted avg,average,56,5732.0,0.65,0.2583,0.5393,0.2661,0.5075,0.2787,112.3098,51.9512
hbv,6,A,class,56,644.0,0.4732,0.3863,0.5754,0.4232,0.4602,0.3724,127.175,69.5972
hbv,6,B,class,56,1485.0,0.6041,0.4309,0.4293,0.4118,0.4527,0.407,127.175,69.5972
hbv,6,C,class,56,2435.0,0.7762,0.363,0.5002,0.3878,0.5537,0.394,127.175,69.5972
hbv,6,D,class,56,965.0,0.5086,0.3137,0.7561,0.3601,0.555,0.3114,127.175,69.5972
hbv,6,E,class,56,150.0,0.4164,0.4068,0.4637,0.4433,0.3236,0.3635,127.175,69.5972
hbv,6,F,class,56,53.0,0.4304,0.4409,0.4432,0.4129,0.3566,0.3935,127.175,69.5972
hbv,6,accuracy,overall,56,5732.0,,,,,0.5327,0.2831,127.175,69.5972
hbv,6,macro avg,average,56,5732.0,0.535,0.267,0.5279,0.2547,0.4502,0.2798,127.175,69.5972
hbv,6,weighted avg,average,56,5732.0,0.6395,0.2808,0.5327,0.2831,0.5086,0.3036,127.175,69.5972
hbv,7,A,class,55,644.0,0.5367,0.3918,0.546,0.4464,0.4818,0.4018,188.6185,54.9708
hbv,7,B,class,55,1485.0,0.606,0.3671,0.4722,0.425,0.4645,0.4032,188.6185,54.9708
hbv,7,C,class,55,2435.0,0.6335,0.4242,0.4636,0.4237,0.4813,0.4093,188.6185,54.9708
hbv,7,D,class,55,965.0,0.52,0.4098,0.5073,0.4426,0.4762,0.4204,188.6185,54.9708
hbv,7,E,class,55,150.0,0.3175,0.3793,0.5242,0.4289,0.3236,0.3627,188.6185,54.9708
hbv,7,F,class,55,53.0,0.2613,0.3501,0.5489,0.4401,0.29,0.3578,188.6185,54.9708
hbv,7,accuracy,overall,55,5732.0,,,,,0.484,0.307,188.6185,54.9708
hbv,7,macro avg,average,55,5732.0,0.4793,0.2753,0.5105,0.2523,0.4198,0.2833,188.6185,54.9708
hbv,7,weighted avg,average,55,5732.0,0.5833,0.3073,0.484,0.307,0.4704,0.3135,188.6185,54.9708
hbv,8,A,class,54,644.0,0.5976,0.3743,0.6252,0.4242,0.5378,0.3927,305.3135,70.5242
hbv,8,B,class,54,1485.0,0.5837,0.3828,0.6039,0.4211,0.5543,0.3928,305.3135,70.5242
hbv,8,C,class,54,2435.0,0.7419,0.3495,0.5343,0.4338,0.5604,0.4216,305.3135,70.5242
hbv,8,D,class,54,965.0,0.7087,0.3914,0.6226,0.3984,0.6228,0.3989,305.3135,70.5242
hbv,8,E,class,54,150.0,0.4411,0.358,0.6241,0.4122,0.4728,0.3714,305.3135,70.5242
hbv,8,F,class,54,53.0,0.3448,0.3611,0.5126,0.4282,0.3628,0.3757,305.3135,70.5242
hbv,8,accuracy,overall,54,5732.0,,,,,0.5806,0.3017,305.3135,70.5242
hbv,8,macro avg,average,54,5732.0,0.5696,0.2571,0.5872,0.2702,0.5178,0.2738,305.3135,70.5242
hbv,8,weighted avg,average,54,5732.0,0.667,0.2901,0.5806,0.3017,0.563,0.3135,305.3135,70.5242
hbv,9,A,class,54,644.0,0.5472,0.4146,0.4976,0.4596,0.4824,0.4388,413.3616,100.1394
hbv,9,B,class,54,1485.0,0.6813,0.3595,0.6752,0.3773,0.6485,0.3643,413.3616,100.1394
hbv,9,C,class,54,2435.0,0.6619,0.3772,0.5731,0.4267,0.5802,0.4167,413.3616,100.1394
hbv,9,D,class,54,965.0,0.6602,0.3865,0.6065,0.4355,0.5839,0.4196,413.3616,100.1394
hbv,9,E,class,54,150.0,0.4248,0.3727,0.5598,0.4425,0.417,0.3748,413.3616,100.1394
hbv,9,F,class,54,53.0,0.3481,0.3696,0.5869,0.447,0.3831,0.3876,413.3616,100.1394
hbv,9,accuracy,overall,54,5732.0,,,,,0.5963,0.3197,413.3616,100.1394
hbv,9,macro avg,average,54,5732.0,0.5541,0.2872,0.5837,0.2972,0.5167,0.302,413.3616,100.1394
hbv,9,weighted avg,average,54,5732.0,0.645,0.3083,0.5963,0.3197,0.5819,0.3282,413.3616,100.1394
hbv,10,A,class,54,644.0,0.5107,0.3947,0.4641,0.4481,0.4269,0.409,519.6524,147.1487
hbv,10,B,class,54,1485.0,0.6628,0.3265,0.6274,0.4146,0.6072,0.3805,519.6524,147.1487
hbv,10,C,class,54,2435.0,0.7013,0.3459,0.5819,0.4209,0.5896,0.3939,519.6524,147.1487
hbv,10,D,class,54,965.0,0.6054,0.4101,0.6302,0.4041,0.6063,0.4028,519.6524,147.1487
hbv,10,E,class,54,150.0,0.4335,0.3867,0.4909,0.4377,0.4052,0.3926,519.6524,147.1487
hbv,10,F,class,54,53.0,0.2472,0.3222,0.4946,0.4417,0.2896,0.3594,519.6524,147.1487
hbv,10,accuracy,overall,54,5732.0,,,,,0.585,0.284,519.6524,147.1487
hbv,10,macro avg,average,54,5732.0,0.527,0.2492,0.5483,0.2651,0.488,0.2663,519.6524,147.1487
hbv,10,weighted avg,average,54,5732.0,0.6426,0.2591,0.585,0.284,0.5711,0.287,519.6524,147.1487
hiv,3,HIV1_A,class,1,72.0,0.0,,0.0,,0.0,,3321.9025,
hiv,3,HIV1_B,class,1,67.0,0.28,,0.78,,0.42,,3321.9025,
hiv,3,HIV1_C,class,1,69.0,0.0,,0.0,,0.0,,3321.9025,
hiv,3,HIV1_D,class,1,25.0,0.0,,0.0,,0.0,,3321.9025,
hiv,3,HIV1_F,class,1,29.0,0.05,,0.21,,0.09,,3321.9025,
hiv,3,HIV1_G,class,1,33.0,0.0,,0.0,,0.0,,3321.9025,
hiv,3,accuracy,overall,1,295.0,,,,,0.2,,3321.9025,
hiv,3,macro avg,average,1,295.0,0.06,,0.16,,0.08,,3321.9025,
hiv,3,weighted avg,average,1,295.0,0.07,,0.2,,0.1,,3321.9025,
hiv,4,HIV1_A,class,34,72.0,0.3865,0.4263,0.3762,0.4324,0.3029,0.3421,2159.231,672.3135
hiv,4,HIV1_B,class,34,67.0,0.3541,0.4819,0.1647,0.316,0.1882,0.3392,2159.231,672.3135
hiv,4,HIV1_C,class,34,69.0,0.3756,0.4622,0.2494,0.3927,0.2582,0.3803,2159.231,672.3135
hiv,4,HIV1_D,class,34,25.0,0.2088,0.396,0.2118,0.3915,0.1768,0.3483,2159.231,672.3135
hiv,4,HIV1_F,class,34,29.0,0.2303,0.2701,0.7332,0.3948,0.2838,0.2529,2159.231,672.3135
hiv,4,HIV1_G,class,34,33.0,0.27,0.4272,0.28,0.4201,0.2065,0.3491,2159.231,672.3135
hiv,4,accuracy,overall,34,295.0,,,,,0.3094,0.2704,2159.231,672.3135
hiv,4,macro avg,average,34,295.0,0.3053,0.3356,0.3362,0.2555,0.2353,0.2895,2159.231,672.3135
hiv,4,weighted avg,average,34,295.0,0.3335,0.3522,0.3094,0.2704,0.2441,0.296,2159.231,672.3135
hiv,5,HIV1_A,class,35,72.0,0.4449,0.4314,0.2774,0.3744,0.254,0.2989,1336.7771,623.2213
hiv,5,HIV1_B,class,35,67.0,0.5257,0.383,0.4934,0.4208,0.3823,0.3021,1336.7771,623.2213
hiv,5,HIV1_C,class,35,69.0,0.2817,0.4356,0.0749,0.231,0.0791,0.2022,1336.7771,623.2213
hiv,5,HIV1_D,class,35,25.0,0.4074,0.3905,0.4046,0.3685,0.3183,0.2947,1336.7771,623.2213
hiv,5,HIV1_F,class,35,29.0,0.2483,0.2693,0.5869,0.4107,0.2871,0.2315,1336.7771,623.2213
hiv,5,HIV1_G,class,35,33.0,0.3511,0.4221,0.26,0.3459,0.2197,0.3025,1336.7771,623.2213
hiv,5,accuracy,overall,35,295.0,,,,,0.3189,0.19,1336.7771,623.2213
hiv,5,macro avg,average,35,295.0,0.3769,0.2687,0.3503,0.1848,0.2574,0.2019,1336.7771,623.2213
hiv,5,weighted avg,average,35,295.0,0.3914,0.2785,0.3189,0.19,0.2477,0.1989,1336.7771,623.2213
hiv,6,HIV1_A,class,39,72.0,0.5215,0.3778,0.41,0.3816,0.3864,0.3336,1283.0069,729.0546
hiv,6,HIV1_B,class,39,67.0,0.5351,0.4298,0.2462,0.314,0.2826,0.3264,1283.0069,729.0546
hiv,6,HIV1_C,class,39,69.0,0.4664,0.4208,0.3256,0.3601,0.3223,0.3328,1283.0069,729.0546
hiv,6,HIV1_D,class,39,25.0,0.3141,0.335,0.2882,0.3319,0.2392,0.2595,1283.0069,729.0546
hiv,6,HIV1_F,class,39,29.0,0.2667,0.2656,0.4323,0.4222,0.2574,0.2586,1283.0069,729.0546
hiv,6,HIV1_G,class,39,33.0,0.3836,0.3814,0.4556,0.3825,0.2959,0.2759,1283.0069,729.0546
hiv,6,accuracy,overall,39,295.0,,,,,0.3497,0.2393,1283.0069,729.0546
hiv,6,macro avg,average,39,295.0,0.4146,0.2633,0.3595,0.2227,0.2972,0.2344,1283.0069,729.0546
hiv,6,weighted avg,average,39,295.0,0.4549,0.2926,0.3497,0.2393,0.3121,0.2541,1283.0069,729.0546
hiv,7,HIV1_A,class,39,72.0,0.5592,0.3539,0.4418,0.3684,0.4282,0.317,1352.7979,704.8524
hiv,7,HIV1_B,class,39,67.0,0.5328,0.4003,0.3544,0.3593,0.371,0.3335,1352.7979,704.8524
hiv,7,HIV1_C,class,39,69.0,0.5864,0.4148,0.3308,0.327,0.3751,0.337,1352.7979,704.8524
hiv,7,HIV1_D,class,39,25.0,0.3869,0.3116,0.4923,0.3078,0.3603,0.2506,1352.7979,704.8524
hiv,7,HIV1_F,class,39,29.0,0.4079,0.311,0.5267,0.3244,0.3785,0.2452,1352.7979,704.8524
hiv,7,HIV1_G,class,39,33.0,0.4128,0.3445,0.4246,0.3771,0.3408,0.296,1352.7979,704.8524
hiv,7,accuracy,overall,39,295.0,,,,,0.4072,0.2189,1352.7979,704.8524
hiv,7,macro avg,average,39,295.0,0.4815,0.2416,0.4285,0.2,0.3756,0.2185,1352.7979,704.8524
hiv,7,weighted avg,average,39,295.0,0.5141,0.2711,0.4072,0.2189,0.3821,0.2336,1352.7979,704.8524
hiv,8,HIV1_A,class,36,72.0,0.6467,0.3359,0.4647,0.3316,0.4936,0.3126,1852.9793,729.4105
hiv,8,HIV1_B,class,36,67.0,0.5253,0.3592,0.4219,0.3616,0.4325,0.3529,1852.9793,729.4105
hiv,8,HIV1_C,class,36,69.0,0.6267,0.3796,0.4792,0.3394,0.5042,0.3293,1852.9793,729.4105
hiv,8,HIV1_D,class,36,25.0,0.3578,0.3125,0.5956,0.3421,0.3956,0.2736,1852.9793,729.4105
hiv,8,HIV1_F,class,36,29.0,0.4058,0.3162,0.4233,0.375,0.3792,0.3281,1852.9793,729.4105
hiv,8,HIV1_G,class,36,33.0,0.5225,0.3837,0.4442,0.3585,0.4242,0.3415,1852.9793,729.4105
hiv,8,accuracy,overall,36,295.0,,,,,0.4633,0.2638,1852.9793,729.4105
hiv,8,macro avg,average,36,295.0,0.5147,0.2643,0.4711,0.261,0.4381,0.266,1852.9793,729.4105
hiv,8,weighted avg,average,36,295.0,0.5533,0.282,0.4633,0.2638,0.4544,0.2726,1852.9793,729.4105
hiv,9,HIV1_A,class,29,72.0,0.4776,0.33,0.4862,0.3638,0.4497,0.3225,2504.6497,543.7746
hiv,9,HIV1_B,class,29,67.0,0.5524,0.3911,0.3034,0.3387,0.3445,0.3454,2504.6497,543.7746
hiv,9,HIV1_C,class,29,69.0,0.5245,0.3777,0.3893,0.3417,0.4,0.3229,2504.6497,543.7746
hiv,9,HIV1_D,class,29,25.0,0.3297,0.313,0.4234,0.3852,0.3276,0.2887,2504.6497,543.7746
hiv,9,HIV1_F,class,29,29.0,0.4531,0.3644,0.4245,0.3506,0.3917,0.3143,2504.6497,543.7746
hiv,9,HIV1_G,class,29,33.0,0.3469,0.3062,0.45,0.3724,0.3624,0.3031,2504.6497,543.7746
hiv,9,accuracy,overall,29,295.0,,,,,0.4069,0.2533,2504.6497,543.7746
hiv,9,macro avg,average,29,295.0,0.4472,0.2688,0.4124,0.2616,0.3783,0.255,2504.6497,543.7746
hiv,9,weighted avg,average,29,295.0,0.4759,0.2799,0.4069,0.2533,0.3886,0.2572,2504.6497,543.7746
hiv,10,HIV1_A,class,13,72.0,0.7215,0.3415,0.6908,0.3614,0.6862,0.3505,3073.7936,312.8794
hiv,10,HIV1_B,class,13,67.0,0.7515,0.3088,0.6485,0.3606,0.6738,0.3354,3073.7936,312.8794
hiv,10,HIV1_C,class,13,69.0,0.7169,0.4003,0.5554,0.4289,0.5938,0.4298,3073.7936,312.8794
hiv,10,HIV1_D,class,13,25.0,0.6885,0.3371,0.6031,0.3408,0.5977,0.3338,3073.7936,312.8794
hiv,10,HIV1_F,class,13,29.0,0.5208,0.3738,0.7015,0.3584,0.5577,0.3549,3073.7936,312.8794
hiv,10,HIV1_G,class,13,33.0,0.6215,0.3518,0.7562,0.3469,0.6654,0.3337,3073.7936,312.8794
hiv,10,accuracy,overall,13,295.0,,,,,0.65,0.3019,3073.7936,312.8794
hiv,10,macro avg,average,13,295.0,0.67,0.2904,0.6577,0.2958,0.6308,0.3072,3073.7936,312.8794
hiv,10,weighted avg,average,13,295.0,0.6938,0.2867,0.65,0.3019,0.6408,0.3071,3073.7936,312.8794
mkpx,3,I,class,58,245.0,0.2472,0.3309,0.8726,0.3238,0.2817,0.2676,106.6843,54.8879
mkpx,3,II,class,58,2011.0,0.2962,0.4464,0.2584,0.4399,0.2521,0.4277,106.6843,54.8879
mkpx,3,accuracy,overall,58,2256.0,,,,,0.326,0.3686,106.6843,54.8879
mkpx,3,macro avg,average,58,2256.0,0.2684,0.3551,0.5655,0.163,0.2671,0.3085,106.6843,54.8879
mkpx,3,weighted avg,average,58,2256.0,0.2893,0.4226,0.326,0.3686,0.2543,0.3988,106.6843,54.8879
mkpx,4,I,class,58,245.0,0.4167,0.4026,0.8929,0.2792,0.4078,0.3382,341.4414,686.7794
mkpx,4,II,class,58,2011.0,0.4567,0.489,0.3929,0.489,0.3881,0.4831,341.4414,686.7794
mkpx,4,accuracy,overall,58,2256.0,,,,,0.4476,0.4208,341.4414,686.7794
mkpx,4,macro avg,average,58,2256.0,0.434,0.4276,0.6428,0.2152,0.3986,0.3889,341.4414,686.7794
mkpx,4,weighted avg,average,58,2256.0,0.4507,0.4727,0.4476,0.4208,0.3893,0.4609,341.4414,686.7794
mkpx,5,I,class,53,245.0,0.736,0.346,0.7766,0.3224,0.6147,0.3113,217.8215,522.7675
mkpx,5,II,class,53,2011.0,0.8992,0.2618,0.7755,0.4045,0.7708,0.3971,217.8215,522.7675
mkpx,5,accuracy,overall,53,2256.0,,,,,0.7758,0.3476,217.8215,522.7675
mkpx,5,macro avg,average,53,2256.0,0.8168,0.2625,0.7749,0.2026,0.6926,0.33,217.8215,522.7675
mkpx,5,weighted avg,average,53,2256.0,0.8808,0.2533,0.7758,0.3476,0.7534,0.3795,217.8215,522.7675
mkpx,6,I,class,58,245.0,0.8403,0.283,0.8678,0.2537,0.776,0.2926,45.9626,33.069
mkpx,6,II,class,58,2011.0,0.9333,0.2217,0.8726,0.3249,0.8684,0.3228,45.9626,33.069
mkpx,6,accuracy,overall,58,2256.0,,,,,0.8712,0.2852,45.9626,33.069
mkpx,6,macro avg,average,58,2256.0,0.8866,0.2258,0.8702,0.1841,0.8222,0.2892,45.9626,33.069
mkpx,6,weighted avg,average,58,2256.0,0.9233,0.2174,0.8712,0.2852,0.8586,0.3126,45.9626,33.069
mkpx,7,I,class,58,245.0,0.6703,0.4131,0.8798,0.2458,0.6236,0.3561,124.7133,74.9496
mkpx,7,II,class,58,2011.0,0.8486,0.3435,0.6545,0.4754,0.6505,0.4688,124.7133,74.9496
mkpx,7,accuracy,overall,58,2256.0,,,,,0.6791,0.414,124.7133,74.9496
mkpx,7,macro avg,average,58,2256.0,0.7578,0.3322,0.7667,0.2248,0.6367,0.4004,124.7133,74.9496
mkpx,7,weighted avg,average,58,2256.0,0.8286,0.3325,0.6791,0.414,0.6479,0.4523,124.7133,74.9496
mkpx,8,I,class,58,245.0,0.7362,0.3649,0.959,0.1636,0.751,0.3406,343.9797,156.768
mkpx,8,II,class,58,2011.0,0.8574,0.3464,0.7524,0.4281,0.7529,0.4278,343.9797,156.768
mkpx,8,accuracy,overall,58,2256.0,,,,,0.775,0.3786,343.9797,156.768
mkpx,8,macro avg,average,58,2256.0,0.796,0.3292,0.8552,0.2177,0.7519,0.3775,343.9797,156.768
mkpx,8,weighted avg,average,58,2256.0,0.844,0.3381,0.775,0.3786,0.7528,0.4165,343.9797,156.768
mkpx,9,I,class,58,245.0,0.9109,0.1983,0.9845,0.0839,0.9266,0.1833,736.0701,229.8071
mkpx,9,II,class,58,2011.0,0.981,0.1314,0.9434,0.2225,0.9447,0.2227,736.0701,229.8071
mkpx,9,accuracy,overall,58,2256.0,,,,,0.9479,0.1978,736.0701,229.8071
mkpx,9,macro avg,average,58,2256.0,0.9466,0.1467,0.9636,0.1172,0.9357,0.2003,736.0701,229.8071
mkpx,9,weighted avg,average,58,2256.0,0.9741,0.1305,0.9479,0.1978,0.9433,0.2179,736.0701,229.8071
mkpx,10,I,class,58,245.0,0.9598,0.1238,1.0,0.0,0.9729,0.1069,1177.7132,320.805
mkpx,10,II,class,58,2011.0,1.0,0.0,0.9798,0.1311,0.9814,0.1312,1177.7132,320.805
mkpx,10,accuracy,overall,58,2256.0,,,,,0.9821,0.1167,1177.7132,320.805
mkpx,10,macro avg,average,58,2256.0,0.9797,0.0627,0.99,0.0656,0.9776,0.1183,1177.7132,320.805
mkpx,10,weighted avg,average,58,2256.0,0.9959,0.0141,0.9821,0.1167,0.9807,0.1285,1177.7132,320.805
sars,3,Alpha,class,28,139421.0,0.25,0.441,0.2461,0.4341,0.2486,0.4385,1942.0429,795.9498
sars,3,Beta,class,28,562.0,0.1943,0.3333,0.2368,0.4138,0.1879,0.3271,1942.0429,795.9498
sars,3,Delta,class,28,8339.0,0.2836,0.4504,0.3393,0.4642,0.2789,0.4376,1942.0429,795.9498
sars,3,Epsilon,class,28,13564.0,0.2429,0.4285,0.23,0.4071,0.2354,0.4154,1942.0429,795.9498
sars,3,Eta,class,28,579.0,0.1571,0.2965,0.8554,0.3556,0.1857,0.3435,1942.0429,795.9498
sars,3,Gamma,class,28,7316.0,0.2414,0.4261,0.2454,0.4329,0.2429,0.4284,1942.0429,795.9498
sars,3,Iota,class,28,17295.0,0.3189,0.4603,0.3836,0.4858,0.3229,0.4561,1942.0429,795.9498
sars,3,Kappa,class,28,36.0,0.0793,0.2077,0.2818,0.4206,0.095,0.2126,1942.0429,795.9498
sars,3,Lambda,class,28,316.0,0.1525,0.2903,0.2425,0.4281,0.1811,0.3284,1942.0429,795.9498
sars,3,Omicron,class,28,88524.0,0.3325,0.4709,0.3243,0.4652,0.3129,0.4503,1942.0429,795.9498
sars,3,accuracy,overall,28,275952.0,,,,,0.2814,0.4209,1942.0429,795.9498
sars,3,macro avg,average,28,275952.0,0.225,0.3467,0.3386,0.3713,0.2296,0.3564,1942.0429,795.9498
sars,3,weighted avg,average,28,275952.0,0.2807,0.4314,0.2814,0.4209,0.2736,0.4267,1942.0429,795.9498
sars,4,Alpha,class,30,139421.0,0.0687,0.2534,0.0013,0.0073,0.0027,0.0146,511.5775,367.5188
sars,4,Beta,class,30,562.0,0.111,0.3073,0.0017,0.0075,0.0033,0.0165,511.5775,367.5188
sars,4,Delta,class,30,8339.0,0.1477,0.3385,0.4907,0.4982,0.0933,0.228,511.5775,367.5188
sars,4,Epsilon,class,30,13564.0,0.0333,0.1826,0.0003,0.0018,0.0003,0.0018,511.5775,367.5188
sars,4,Eta,class,30,579.0,0.091,0.2617,0.5117,0.4883,0.0637,0.1936,511.5775,367.5188
sars,4,Gamma,class,30,7316.0,0.1893,0.3836,0.2233,0.4064,0.138,0.3241,511.5775,367.5188
sars,4,Iota,class,30,17295.0,0.0487,0.1907,0.047,0.1939,0.027,0.1137,511.5775,367.5188
sars,4,Kappa,class,30,36.0,0.05,0.1904,0.1287,0.3338,0.0557,0.2119,511.5775,367.5188
sars,4,Lambda,class,30,316.0,0.0213,0.1168,0.001,0.0055,0.0017,0.0091,511.5775,367.5188
sars,4,Omicron,class,30,88524.0,0.0777,0.2578,0.0663,0.2524,0.05,0.2013,511.5775,367.5188
sars,4,accuracy,overall,30,275952.0,,,,,0.0463,0.0862,511.5775,367.5188
sars,4,macro avg,average,30,275952.0,0.0823,0.132,0.147,0.0931,0.0457,0.0795,511.5775,367.5188
sars,4,weighted avg,average,30,275952.0,0.0743,0.1586,0.0463,0.0862,0.025,0.0732,511.5775,367.5188
sars,5,Alpha,class,30,139421.0,0.0667,0.2537,0.0653,0.2487,0.066,0.2512,307.384,157.5826
sars,5,Beta,class,30,562.0,0.1293,0.3355,0.189,0.3852,0.1263,0.3269,307.384,157.5826
sars,5,Delta,class,30,8339.0,0.362,0.4768,0.324,0.4436,0.268,0.4245,307.384,157.5826
sars,5,Epsilon,class,30,13564.0,0.1667,0.379,0.1197,0.3103,0.1263,0.3254,307.384,157.5826
sars,5,Eta,class,30,579.0,0.1717,0.3478,0.266,0.4408,0.1727,0.3505,307.384,157.5826
sars,5,Gamma,class,30,7316.0,0.1137,0.3076,0.0973,0.2972,0.0833,0.2628,307.384,157.5826
sars,5,Iota,class,30,17295.0,0.2513,0.3763,0.6867,0.4613,0.2613,0.351,307.384,157.5826
sars,5,Kappa,class,30,36.0,0.005,0.0256,0.299,0.4646,0.0087,0.0438,307.384,157.5826
sars,5,Lambda,class,30,316.0,0.1923,0.3919,0.2317,0.4164,0.1347,0.3263,307.384,157.5826
sars,5,Omicron,class,30,88524.0,0.0977,0.2982,0.0307,0.168,0.032,0.1753,307.384,157.5826
sars,5,accuracy,overall,30,275952.0,,,,,0.105,0.1972,307.384,157.5826
sars,5,macro avg,average,30,275952.0,0.1563,0.2278,0.2303,0.2216,0.1267,0.2158,307.384,157.5826
sars,5,weighted avg,average,30,275952.0,0.1027,0.2211,0.105,0.1972,0.077,0.2009,307.384,157.5826
sars,6,Alpha,class,29,139421.0,0.3438,0.4823,0.2717,0.4451,0.2755,0.4483,393.7162,176.3177
sars,6,Beta,class,29,562.0,0.1783,0.3578,0.3631,0.4725,0.1872,0.3523,393.7162,176.3177
sars,6,Delta,class,29,8339.0,0.19,0.379,0.2376,0.4263,0.1659,0.3546,393.7162,176.3177
sars,6,Epsilon,class,29,13564.0,0.4314,0.4756,0.5652,0.4812,0.3469,0.4304,393.7162,176.3177
sars,6,Eta,class,29,579.0,0.1676,0.3721,0.3048,0.4612,0.1683,0.3697,393.7162,176.3177
sars,6,Gamma,class,29,7316.0,0.2717,0.4463,0.2372,0.4211,0.2083,0.3959,393.7162,176.3177
sars,6,Iota,class,29,17295.0,0.2848,0.446,0.2683,0.4429,0.2203,0.3999,393.7162,176.3177
sars,6,Kappa,class,29,36.0,0.0759,0.2248,0.1652,0.3614,0.0593,0.1784,393.7162,176.3177
sars,6,Lambda,class,29,316.0,0.2014,0.3655,0.3755,0.4875,0.1793,0.3538,393.7162,176.3177
sars,6,Omicron,class,29,88524.0,0.4097,0.4964,0.2721,0.4399,0.279,0.443,393.7162,176.3177
sars,6,accuracy,overall,29,275952.0,,,,,0.2848,0.3577,393.7162,176.3177
sars,6,macro avg,average,29,275952.0,0.2545,0.3027,0.3059,0.2992,0.209,0.292,393.7162,176.3177
sars,6,weighted avg,average,29,275952.0,0.3583,0.4283,0.2848,0.3577,0.2703,0.3719,393.7162,176.3177
sars,7,Alpha,class,30,139421.0,0.3753,0.4778,0.1323,0.3383,0.1343,0.3366,340.8741,156.537
sars,7,Beta,class,30,562.0,0.2243,0.3844,0.2107,0.3892,0.1587,0.3252,340.8741,156.537
sars,7,Delta,class,30,8339.0,0.3167,0.4537,0.2257,0.3932,0.1647,0.3226,340.8741,156.537
sars,7,Epsilon,class,30,13564.0,0.3523,0.4588,0.3433,0.4673,0.2357,0.398,340.8741,156.537
sars,7,Eta,class,30,579.0,0.1813,0.3667,0.401,0.4777,0.1587,0.3367,340.8741,156.537
sars,7,Gamma,class,30,7316.0,0.1557,0.3335,0.2693,0.4413,0.1317,0.2972,340.8741,156.537
sars,7,Iota,class,30,17295.0,0.4183,0.4811,0.373,0.4624,0.2933,0.4183,340.8741,156.537
sars,7,Kappa,class,30,36.0,0.1043,0.3008,0.4237,0.4849,0.103,0.2866,340.8741,156.537
sars,7,Lambda,class,30,316.0,0.167,0.3438,0.163,0.3699,0.1517,0.3444,340.8741,156.537
sars,7,Omicron,class,30,88524.0,0.3467,0.4495,0.3353,0.4694,0.2797,0.4063,340.8741,156.537
sars,7,accuracy,overall,30,275952.0,,,,,0.23,0.2876,340.8741,156.537
sars,7,macro avg,average,30,275952.0,0.2643,0.3002,0.288,0.2311,0.182,0.2307,340.8741,156.537
sars,7,weighted avg,average,30,275952.0,0.359,0.4101,0.23,0.2876,0.1963,0.2889,340.8741,156.537
sars,8,Alpha,class,29,139421.0,0.6034,0.4408,0.3817,0.4822,0.3717,0.4645,283.0307,77.5948
sars,8,Beta,class,29,562.0,0.3734,0.4429,0.5141,0.4954,0.2683,0.4035,283.0307,77.5948
sars,8,Delta,class,29,8339.0,0.3559,0.4561,0.3438,0.455,0.2648,0.4124,283.0307,77.5948
sars,8,Epsilon,class,29,13564.0,0.3821,0.44,0.4576,0.4662,0.3259,0.3986,283.0307,77.5948
sars,8,Eta,class,29,579.0,0.2593,0.3833,0.4421,0.4986,0.2062,0.3495,283.0307,77.5948
sars,8,Gamma,class,29,7316.0,0.3652,0.473,0.3186,0.4557,0.2931,0.4404,283.0307,77.5948
sars,8,Iota,class,29,17295.0,0.5372,0.4666,0.519,0.4335,0.4579,0.4194,283.0307,77.5948
sars,8,Kappa,class,29,36.0,0.1117,0.2692,0.3414,0.4734,0.131,0.292,283.0307,77.5948
sars,8,Lambda,class,29,316.0,0.2148,0.3561,0.2721,0.4448,0.1921,0.3561,283.0307,77.5948
sars,8,Omicron,class,29,88524.0,0.3966,0.4686,0.2959,0.4429,0.2852,0.4326,283.0307,77.5948
sars,8,accuracy,overall,29,275952.0,,,,,0.3638,0.3284,283.0307,77.5948
sars,8,macro avg,average,29,275952.0,0.36,0.2917,0.3883,0.3102,0.2797,0.2856,283.0307,77.5948
sars,8,weighted avg,average,29,275952.0,0.5062,0.377,0.3638,0.3284,0.3414,0.3315,283.0307,77.5948
sars,9,Alpha,class,28,139421.0,0.5843,0.4646,0.4293,0.4941,0.4339,0.4904,338.3855,92.9511
sars,9,Beta,class,28,562.0,0.2864,0.3886,0.4014,0.4637,0.2825,0.3809,338.3855,92.9511
sars,9,Delta,class,28,8339.0,0.4093,0.4308,0.4275,0.4592,0.3289,0.4127,338.3855,92.9511
sars,9,Epsilon,class,28,13564.0,0.4611,0.455,0.4018,0.4645,0.3511,0.44,338.3855,92.9511
sars,9,Eta,class,28,579.0,0.3268,0.4277,0.4579,0.4918,0.3479,0.4381,338.3855,92.9511
sars,9,Gamma,class,28,7316.0,0.4518,0.4519,0.4304,0.4837,0.3986,0.4533,338.3855,92.9511
sars,9,Iota,class,28,17295.0,0.44,0.4562,0.4386,0.4651,0.3564,0.4241,338.3855,92.9511
sars,9,Kappa,class,28,36.0,0.0782,0.1717,0.4514,0.4843,0.1079,0.2196,338.3855,92.9511
sars,9,Lambda,class,28,316.0,0.205,0.3841,0.4186,0.4918,0.1829,0.3566,338.3855,92.9511
sars,9,Omicron,class,28,88524.0,0.5189,0.4883,0.3257,0.4497,0.3414,0.4537,338.3855,92.9511
sars,9,accuracy,overall,28,275952.0,,,,,0.395,0.4092,338.3855,92.9511
sars,9,macro avg,average,28,275952.0,0.3768,0.2923,0.4182,0.3217,0.3139,0.306,338.3855,92.9511
sars,9,weighted avg,average,28,275952.0,0.5382,0.3811,0.395,0.4092,0.3911,0.4146,338.3855,92.9511
sars,10,Alpha,class,28,139421.0,0.635,0.4315,0.4646,0.4983,0.4679,0.4941,326.5481,48.2379
sars,10,Beta,class,28,562.0,0.4668,0.4643,0.5193,0.4809,0.4068,0.4491,326.5481,48.2379
sars,10,Delta,class,28,8339.0,0.6804,0.4286,0.6479,0.4312,0.5964,0.4425,326.5481,48.2379
sars,10,Epsilon,class,28,13564.0,0.6743,0.45,0.5214,0.4736,0.525,0.4593,326.5481,48.2379
sars,10,Eta,class,28,579.0,0.3561,0.3958,0.5368,0.4886,0.3496,0.4115,326.5481,48.2379
sars,10,Gamma,class,28,7316.0,0.4854,0.448,0.5611,0.4914,0.4771,0.4594,326.5481,48.2379
sars,10,Iota,class,28,17295.0,0.6261,0.4289,0.6929,0.401,0.5825,0.3977,326.5481,48.2379
sars,10,Kappa,class,28,36.0,0.1082,0.2227,0.7393,0.4148,0.1475,0.25,326.5481,48.2379
sars,10,Lambda,class,28,316.0,0.3568,0.4255,0.4571,0.4994,0.3861,0.4411,326.5481,48.2379
sars,10,Omicron,class,28,88524.0,0.7182,0.4062,0.5918,0.4656,0.5836,0.4514,326.5481,48.2379
sars,10,accuracy,overall,28,275952.0,,,,,0.5314,0.3846,326.5481,48.2379
sars,10,macro avg,average,28,275952.0,0.5111,0.304,0.5721,0.3375,0.4525,0.3247,326.5481,48.2379
sars,10,weighted avg,average,28,275952.0,0.6589,0.3365,0.5314,0.3846,0.5186,0.3907,326.5481,48.2379
