organism,k,label,kind,n,support,precision_mean,precision_std,recall_mean,recall_std,f1_score_mean,f1_score_std,k_length_mean,k_length_std,n_k_mers_mean,n_k_mers_std,seconds_mean,seconds_std
denv,,accuracy,overall,57,4512.0,,,,,0.9956,0.0054,6.2105,2.0506,2.4386,0.5981,,
denv,,macro avg,average,57,4512.0,0.9779,0.0148,0.9923,0.0054,0.9853,0.0098,6.2105,2.0506,2.4386,0.5981,,
denv,,type1,class,57,2095.0,0.9988,0.0038,0.9953,0.0071,0.9979,0.0041,6.2105,2.0506,2.4386,0.5981,,
denv,,type2,class,57,1373.0,0.9975,0.0047,0.9926,0.0072,0.9958,0.0057,6.2105,2.0506,2.4386,0.5981,,
denv,,type3,class,57,910.0,0.993,0.0121,0.9947,0.0083,0.9942,0.008,6.2105,2.0506,2.4386,0.5981,,
denv,,type4,class,57,134.0,0.9277,0.0559,0.9888,0.0091,0.9558,0.0308,6.2105,2.0506,2.4386,0.5981,,
denv,,weighted avg,average,57,4512.0,0.9956,0.0054,0.9956,0.0054,0.9956,0.0054,6.2105,2.0506,2.4386,0.5981,,
denv,3,,evaluation,1,,,,,,0.9968,,,,3.0,,,
denv,4,,evaluation,13,,,,,,0.9954,0.0021,,,2.0769,0.2774,,
denv,5,,evaluation,15,,,,,,0.9951,0.002,,,2.4,0.5071,,
denv,6,,evaluation,12,,,,,,0.9962,0.0021,,,2.1667,0.3892,,
denv,7,,evaluation,3,,,,,,0.9937,0.0029,,,2.6667,0.5774,,
denv,8,,evaluation,6,,,,,,0.9947,0.0033,,,2.8333,0.4082,,
denv,9,,evaluation,10,,,,,,0.9949,0.003,,,3.1,0.7379,,
denv,10,,evaluation,6,,,,,,0.9927,0.0014,,,2.6667,0.8165,,
hbv,,A,class,100,644.0,0.9592,0.0381,0.9784,0.015,0.9673,0.0223,6.15,2.0369,4.08,0.4422,,
hbv,,B,class,100,1485.0,0.9851,0.0151,0.979,0.0142,0.9821,0.0106,6.15,2.0369,4.08,0.4422,,
hbv,,C,class,100,2435.0,0.9917,0.0077,0.9789,0.0165,0.9848,0.0088,6.15,2.0369,4.08,0.4422,,
hbv,,D,class,100,965.0,0.9825,0.0164,0.9808,0.0133,0.9811,0.0115,6.15,2.0369,4.08,0.4422,,
hbv,,E,class,100,150.0,0.9242,0.076,0.9873,0.0135,0.9529,0.0448,6.15,2.0369,4.08,0.4422,,
hbv,,F,class,100,53.0,0.7891,0.1495,0.989,0.0171,0.8694,0.0981,6.15,2.0369,4.08,0.4422,,
hbv,,accuracy,overall,100,5732.0,,,,,0.9795,0.0086,6.15,2.0369,4.08,0.4422,,
hbv,,macro avg,average,100,5732.0,0.9381,0.0295,0.9821,0.007,0.9569,0.0212,6.15,2.0369,4.08,0.4422,,
hbv,,weighted avg,average,100,5732.0,0.9813,0.0073,0.9795,0.0086,0.9801,0.0083,6.15,2.0369,4.08,0.4422,,
hbv,3,,evaluation,5,,,,,,0.993,0.0022,,,5.0,0.0,,
hbv,4,,evaluation,16,,,,,,0.9934,0.0025,,,4.4375,0.5123,,
hbv,5,,evaluation,35,,,,,,0.9936,0.0023,,,4.0571,0.2355,,
hbv,7,,evaluation,16,,,,,,0.9931,0.0015,,,4.0,0.0,,
hbv,8,,evaluation,11,,,,,,0.9934,0.0029,,,4.0,0.0,,
hbv,9,,evaluation,9,,,,,,0.9933,0.0023,,,3.5556,0.527,,
hbv,10,,evaluation,8,,,,,,0.9948,0.0023,,,3.75,0.4629,,
hiv,,HIV1_A,class,100,72.0,0.9775,0.0247,0.9564,0.04,0.9656,0.0234,8.99,1.0683,9.16,0.9611,,
hiv,,HIV1_B,class,100,67.0,0.9814,0.0222,0.96,0.0352,0.9689,0.0193,8.99,1.0683,9.16,0.9611,,
hiv,,HIV1_C,class,100,69.0,0.975,0.0262,0.9721,0.0276,0.973,0.0193,8.99,1.0683,9.16,0.9611,,
hiv,,HIV1_D,class,100,25.0,0.9363,0.0561,0.9592,0.0386,0.9459,0.032,8.99,1.0683,9.16,0.9611,,
hiv,,HIV1_F,class,100,29.0,0.8994,0.0789,0.9687,0.0389,0.9292,0.0432,8.99,1.0683,9.16,0.9611,,
hiv,,HIV1_G,class,100,33.0,0.9611,0.0461,0.9616,0.0414,0.9604,0.0346,8.99,1.0683,9.16,0.9611,,
hiv,,accuracy,overall,100,295.0,,,,,0.9623,0.0157,8.99,1.0683,9.16,0.9611,,
hiv,,macro avg,average,100,295.0,0.9544,0.019,0.9625,0.0159,0.9573,0.0173,8.99,1.0683,9.16,0.9611,,
hiv,,weighted avg,average,100,295.0,0.9641,0.0138,0.9623,0.0157,0.9622,0.0159,8.99,1.0683,9.16,0.9611,,
hiv,6,,evaluation,5,,,,,,0.9934,0.0025,,,10.2,0.4472,,
hiv,7,,evaluation,3,,,,,,0.9936,0.0016,,,9.6667,0.5774,,
hiv,8,,evaluation,18,,,,,,0.993,0.0023,,,9.0556,0.7254,,
hiv,9,,evaluation,36,,,,,,0.9929,0.0019,,,9.1667,1.1339,,
hiv,10,,evaluation,38,,,,,,0.9935,0.0022,,,9.0263,0.8849,,
mkpx,,I,class,100,245.0,0.936,0.0678,0.9984,0.0042,0.9651,0.0372,5.41,0.5877,1.0,0.0,,
mkpx,,II,class,100,2011.0,1.0,0.0,0.9922,0.0094,0.9956,0.0056,5.41,0.5877,1.0,0.0,,
mkpx,,accuracy,overall,100,2256.0,,,,,0.9925,0.009,5.41,0.5877,1.0,0.0,,
mkpx,,macro avg,average,100,2256.0,0.9677,0.0344,0.9949,0.0056,0.9795,0.0213,5.41,0.5877,1.0,0.0,,
mkpx,,weighted avg,average,100,2256.0,0.9928,0.0084,0.9925,0.009,0.9925,0.009,5.41,0.5877,1.0,0.0,,
mkpx,4,,evaluation,5,,,,,,0.9923,0.0026,,,1.0,0.0,,
mkpx,5,,evaluation,49,,,,,,0.9938,0.0026,,,1.0,0.0,,
mkpx,6,,evaluation,46,,,,,,0.9997,0.001,,,1.0,0.0,,
sars,,SARS-CoV-2|Alpha,class,100,139421.0,0.9988,0.0041,0.9874,0.0077,0.9933,0.0059,7.8,1.2871,6.07,0.7555,,
sars,,SARS-CoV-2|Beta,class,100,562.0,0.7136,0.1968,0.9798,0.0123,0.8093,0.1453,7.8,1.2871,6.07,0.7555,,
sars,,SARS-CoV-2|Delta,class,100,8339.0,0.9619,0.0643,0.977,0.0097,0.9681,0.0368,7.8,1.2871,6.07,0.7555,,
sars,,SARS-CoV-2|Epsilon,class,100,13564.0,0.9913,0.0155,0.9896,0.0063,0.9895,0.0082,7.8,1.2871,6.07,0.7555,,
sars,,SARS-CoV-2|Eta,class,100,579.0,0.7545,0.231,0.9886,0.0106,0.8317,0.1831,7.8,1.2871,6.07,0.7555,,
sars,,SARS-CoV-2|Gamma,class,100,7316.0,0.9411,0.0717,0.985,0.0122,0.9611,0.0418,7.8,1.2871,6.07,0.7555,,
sars,,SARS-CoV-2|Iota,class,100,17295.0,0.9909,0.0158,0.9925,0.0059,0.9919,0.0094,7.8,1.2871,6.07,0.7555,,
sars,,SARS-CoV-2|Kappa,class,100,36.0,0.1677,0.1503,0.986,0.0253,0.2626,0.1909,7.8,1.2871,6.07,0.7555,,
sars,,SARS-CoV-2|Lambda,class,100,316.0,0.6066,0.2388,0.9903,0.0087,0.7241,0.1939,7.8,1.2871,6.07,0.7555,,
sars,,SARS-CoV-2|Omicron,class,100,88524.0,0.9949,0.007,0.9874,0.0114,0.9916,0.0076,7.8,1.2871,6.07,0.7555,,
sars,,accuracy,overall,100,275952.0,,,,,0.988,0.0049,7.8,1.2871,6.07,0.7555,,
sars,,macro avg,average,100,275952.0,0.8118,0.0373,0.9869,0.0049,0.8525,0.0342,7.8,1.2871,6.07,0.7555,,
sars,,weighted avg,average,100,275952.0,0.9917,0.0047,0.988,0.0049,0.9892,0.0039,7.8,1.2871,6.07,0.7555,,
sars,5,,evaluation,7,,,,,,0.9909,0.0006,,,6.4286,0.9759,,
sars,6,,evaluation,6,,,,,,0.9916,0.0024,,,7.0,0.6325,,
sars,7,,evaluation,22,,,,,,0.9952,0.0025,,,6.1818,0.5885,,
sars,8,,evaluation,42,,,,,,0.9975,0.0024,,,6.0952,0.7262,,
sars,9,,evaluation,11,,,,,,0.997,0.0016,,,5.4545,0.5222,,
sars,10,,evaluation,12,,,,,,0.9963,0.0026,,,5.6667,0.6513,,
