timestamp,organism,repeat,status,duration_s,f1_score,k_length,n_k_mers,message
2026-09-14T00:23:35,denv,1,success,2088.91,0.9976190296222646,6,3,
2026-09-14T00:24:13,denv,2,failure,0,,,,RuntimeError: run_analysis.py exited with code 1 (see /home/a61491/CASTOR_KRFE/outputs/denv/rep2/run.log)
2026-09-14T00:24:45,denv,3,failure,0,,,,RuntimeError: run_analysis.py exited with code 1 (see /home/a61491/CASTOR_KRFE/outputs/denv/rep3/run.log)
2026-09-14T00:25:33,denv,4,failure,0,,,,RuntimeError: run_analysis.py exited with code 1 (see /home/a61491/CASTOR_KRFE/outputs/denv/rep4/run.log)
2026-09-14T00:25:55,denv,5,failure,0,,,,RuntimeError: run_analysis.py exited with code 1 (see /home/a61491/CASTOR_KRFE/outputs/denv/rep5/run.log)
2026-09-14T00:26:17,denv,6,failure,0,,,,RuntimeError: run_analysis.py exited with code 1 (see /home/a61491/CASTOR_KRFE/outputs/denv/rep6/run.log)
2026-09-14T00:33:37,hbv,1,success,1220.8,0.994612596728377,4,4,
2026-09-14T00:42:40,hiv,1,success,1763.29,0.9945353355443864,7,10,
2026-09-14T00:54:02,hbv,2,success,1222.18,0.9919461059596882,5,4,
2026-09-14T01:09:16,denv,7,success,2575.87,0.991265985965331,8,3,
2026-09-14T01:10:21,denv,8,failure,0,,,,RuntimeError: run_analysis.py exited with code 1 (see /home/a61491/CASTOR_KRFE/outputs/denv/rep8/run.log)
2026-09-14T01:11:05,denv,9,failure,0,,,,RuntimeError: run_analysis.py exited with code 1 (see /home/a61491/CASTOR_KRFE/outputs/denv/rep9/run.log)
2026-09-14T01:11:26,denv,10,failure,0,,,,RuntimeError: run_analysis.py exited with code 1 (see /home/a61491/CASTOR_KRFE/outputs/denv/rep10/run.log)
2026-09-14T01:11:31,hiv,2,success,1724.79,0.9918016261607563,8,10,
2026-09-14T01:12:00,hbv,3,success,1074.37,0.9919297357297264,4,4,
2026-09-14T01:31:23,hbv,4,success,1160.95,0.9932741063946701,7,4,
2026-09-14T01:33:07,sars,1,success,4703.18,0.990519755308496,8,6,
2026-09-14T01:39:09,hiv,3,success,1655.64,0.9917805146077473,8,9,
2026-09-14T01:51:52,hbv,5,success,1225.49,0.9932740626866876,10,4,
2026-09-14T01:52:40,denv,11,success,2470.26,0.9928737061314425,4,2,
2026-09-14T01:53:12,denv,12,failure,0,,,,RuntimeError: run_analysis.py exited with code 1 (see /home/a61491/CASTOR_KRFE/outputs/denv/rep12/run.log)
2026-09-14T01:53:38,denv,13,failure,0,,,,RuntimeError: run_analysis.py exited with code 1 (see /home/a61491/CASTOR_KRFE/outputs/denv/rep13/run.log)
2026-09-14T01:53:56,mkpx,1,success,5928.67,0.9930190058479532,5,1,
2026-09-14T01:53:59,denv,14,failure,0,,,,RuntimeError: run_analysis.py exited with code 1 (see /home/a61491/CASTOR_KRFE/outputs/denv/rep14/run.log)
2026-09-14T02:09:35,hiv,4,success,1823.16,0.9918021680216802,8,9,
2026-09-14T02:11:27,hbv,6,success,1171.79,0.995973118017322,10,4,
2026-09-14T02:30:01,hbv,7,success,1111.42,0.9905913759954712,4,4,
2026-09-14T02:33:20,denv,15,success,2358.15,0.996034243568382,9,4,
2026-09-14T02:34:16,denv,16,failure,0,,,,RuntimeError: run_analysis.py exited with code 1 (see /home/a61491/CASTOR_KRFE/outputs/denv/rep16/run.log)
2026-09-14T02:38:23,hiv,5,success,1724.99,0.9917551337345848,10,7,
2026-09-14T02:49:21,hbv,8,success,1156.78,0.9905858256061991,8,4,
2026-09-14T02:51:10,sars,2,success,4639.74,0.9905790076340413,5,6,
2026-09-14T03:08:12,hiv,6,success,1786.65,0.9945340501792115,10,9,
2026-09-14T03:09:39,hbv,9,success,1215.24,0.9932739747376986,5,4,
2026-09-14T03:18:35,denv,17,success,2655.87,0.9912457458421757,8,2,
2026-09-14T03:30:12,hbv,10,success,1228.58,0.9946340828691994,3,5,
2026-09-14T03:33:09,mkpx,2,success,5948.66,0.9930188570053577,5,1,
2026-09-14T03:37:51,hiv,7,success,1773.13,1.0,8,9,
2026-09-14T03:48:58,hbv,11,success,1123.48,0.9986558921245035,5,4,
2026-09-14T03:57:29,denv,18,success,2330.34,0.9920555076282226,10,2,
2026-09-14T03:58:13,denv,19,failure,0,,,,RuntimeError: run_analysis.py exited with code 1 (see /home/a61491/CASTOR_KRFE/outputs/denv/rep19/run.log)
2026-09-14T04:06:20,hiv,8,success,1705.97,0.9918251248628188,10,10,
2026-09-14T04:08:19,hbv,12,success,1157.92,0.9946181924161754,7,4,
2026-09-14T04:12:07,sars,3,success,4825.16,0.9976469774040624,7,6,
2026-09-14T04:29:09,hbv,13,success,1244.97,0.99059655644038,7,4,
2026-09-14T04:36:38,hiv,9,success,1815.88,0.9918016261607563,10,9,
2026-09-14T04:40:30,denv,20,success,2533.71,0.993650160634434,10,2,
2026-09-14T04:40:53,denv,21,failure,0,,,,RuntimeError: run_analysis.py exited with code 1 (see /home/a61491/CASTOR_KRFE/outputs/denv/rep21/run.log)
2026-09-14T04:49:31,hbv,14,success,1219.63,0.995978190744696,4,5,
2026-09-14T05:07:58,hbv,15,success,1103.49,0.9906073080710319,4,4,
2026-09-14T05:07:59,hiv,10,success,1872.32,0.99453515196309,8,8,
2026-09-14T05:10:40,mkpx,3,success,5845.5,0.9921461124627351,5,1,
2026-09-14T05:19:33,denv,22,success,2314.05,0.9936497696781542,9,3,
2026-09-14T05:19:55,denv,23,failure,0,,,,RuntimeError: run_analysis.py exited with code 1 (see /home/a61491/CASTOR_KRFE/outputs/denv/rep23/run.log)
2026-09-14T05:20:43,denv,24,failure,0,,,,RuntimeError: run_analysis.py exited with code 1 (see /home/a61491/CASTOR_KRFE/outputs/denv/rep24/run.log)
2026-09-14T05:21:04,denv,25,failure,0,,,,RuntimeError: run_analysis.py exited with code 1 (see /home/a61491/CASTOR_KRFE/outputs/denv/rep25/run.log)
2026-09-14T05:21:28,denv,26,failure,0,,,,RuntimeError: run_analysis.py exited with code 1 (see /home/a61491/CASTOR_KRFE/outputs/denv/rep26/run.log)
2026-09-14T05:25:51,hbv,16,success,1070.37,0.9905963373589153,5,4,
2026-09-14T05:30:53,sars,4,success,4683.33,0.9929389101749392,8,5,
2026-09-14T05:34:27,hiv,11,success,1584.96,0.9918016261607563,8,10,
2026-09-14T05:45:02,hbv,17,success,1147.74,0.9959622123426831,4,5,
2026-09-14T06:00:07,denv,27,success,2315.75,0.9952354996418831,6,2,
2026-09-14T06:00:29,denv,28,failure,0,,,,RuntimeError: run_analysis.py exited with code 1 (see /home/a61491/CASTOR_KRFE/outputs/denv/rep28/run.log)
2026-09-14T06:00:53,denv,29,failure,0,,,,RuntimeError: run_analysis.py exited with code 1 (see /home/a61491/CASTOR_KRFE/outputs/denv/rep29/run.log)
2026-09-14T06:01:17,denv,30,failure,0,,,,RuntimeError: run_analysis.py exited with code 1 (see /home/a61491/CASTOR_KRFE/outputs/denv/rep30/run.log)
2026-09-14T06:01:41,denv,31,failure,0,,,,RuntimeError: run_analysis.py exited with code 1 (see /home/a61491/CASTOR_KRFE/outputs/denv/rep31/run.log)
2026-09-14T06:02:28,denv,32,failure,0,,,,RuntimeError: run_analysis.py exited with code 1 (see /home/a61491/CASTOR_KRFE/outputs/denv/rep32/run.log)
2026-09-14T06:03:07,hbv,18,success,1081.64,0.9919353527470204,5,4,
2026-09-14T06:03:28,hiv,12,success,1738.83,0.9917797711034962,8,9,
2026-09-14T06:21:25,hbv,19,success,1095.75,0.9959622123426831,10,4,
2026-09-14T06:31:11,hiv,13,success,1659.68,0.9945121951219512,10,9,
2026-09-14T06:39:06,hbv,20,success,1057.4,0.9906178413636899,5,4,
2026-09-14T06:41:22,denv,33,success,2330.97,0.9920609224826522,5,2,
2026-09-14T06:42:31,mkpx,4,success,5505.49,1.0,6,1,
2026-09-14T06:46:33,sars,5,success,4507.84,0.9964694887681285,8,7,
2026-09-14T06:57:41,hbv,21,success,1111.51,0.9919241165758105,4,5,
2026-09-14T06:57:48,hiv,14,success,1594.1,0.9918030951072281,9,9,
2026-09-14T07:16:46,hbv,22,success,1141.63,0.994623525314527,7,4,
2026-09-14T07:19:26,denv,34,success,2281.21,0.9912821244744655,9,3,
2026-09-14T07:19:48,denv,35,failure,0,,,,RuntimeError: run_analysis.py exited with code 1 (see /home/a61491/CASTOR_KRFE/outputs/denv/rep35/run.log)
2026-09-14T07:25:09,hiv,15,success,1638.09,0.9918021680216802,9,9,
2026-09-14T07:35:29,hbv,23,success,1120.64,0.9906060278945549,5,4,
2026-09-14T07:52:32,hiv,16,success,1640.23,0.9945353355443864,9,9,
2026-09-14T07:53:06,hbv,24,success,1053.91,0.9946234810735205,5,4,
2026-09-14T07:59:04,denv,36,success,2353.17,0.9976177778354588,8,3,
2026-09-14T07:59:26,denv,37,failure,0,,,,RuntimeError: run_analysis.py exited with code 1 (see /home/a61491/CASTOR_KRFE/outputs/denv/rep37/run.log)
2026-09-14T08:00:51,sars,6,success,4425.94,0.9976470588235294,8,6,
2026-09-14T08:12:24,hbv,25,success,1155.15,0.9932791983575657,7,4,
2026-09-14T08:14:52,mkpx,5,success,5536.13,1.0,6,1,
2026-09-14T08:20:14,hiv,17,success,1658.99,0.997267575981545,8,8,
2026-09-14T08:31:17,hbv,26,success,1129.47,0.9946063836474935,9,4,
2026-09-14T08:37:13,denv,38,success,2264.41,0.9992063472067201,6,2,
2026-09-14T08:38:08,denv,39,failure,0,,,,RuntimeError: run_analysis.py exited with code 1 (see /home/a61491/CASTOR_KRFE/outputs/denv/rep39/run.log)
2026-09-14T08:38:29,denv,40,failure,0,,,,RuntimeError: run_analysis.py exited with code 1 (see /home/a61491/CASTOR_KRFE/outputs/denv/rep40/run.log)
2026-09-14T08:38:51,denv,41,failure,0,,,,RuntimeError: run_analysis.py exited with code 1 (see /home/a61491/CASTOR_KRFE/outputs/denv/rep41/run.log)
2026-09-14T08:39:13,denv,42,failure,0,,,,RuntimeError: run_analysis.py exited with code 1 (see /home/a61491/CASTOR_KRFE/outputs/denv/rep42/run.log)
2026-09-14T08:47:16,hiv,18,success,1619.55,0.9972675759815449,9,10,
2026-09-14T08:49:31,hbv,27,success,1091.07,0.9932685107068716,7,4,
2026-09-14T09:07:58,hbv,28,success,1104.06,0.9906019970266718,4,4,
2026-09-14T09:15:50,sars,7,success,4465.95,1.0,8,6,
2026-09-14T09:16:05,hiv,19,success,1726.19,0.9917799546847927,6,10,
2026-09-14T09:18:57,denv,43,success,2380.96,0.9944392366021138,4,2,
2026-09-14T09:19:20,denv,44,failure,0,,,,RuntimeError: run_analysis.py exited with code 1 (see /home/a61491/CASTOR_KRFE/outputs/denv/rep44/run.log)
2026-09-14T09:19:48,denv,45,failure,0,,,,RuntimeError: run_analysis.py exited with code 1 (see /home/a61491/CASTOR_KRFE/outputs/denv/rep45/run.log)
2026-09-14T09:20:15,denv,46,failure,0,,,,RuntimeError: run_analysis.py exited with code 1 (see /home/a61491/CASTOR_KRFE/outputs/denv/rep46/run.log)
2026-09-14T09:20:43,denv,47,failure,0,,,,RuntimeError: run_analysis.py exited with code 1 (see /home/a61491/CASTOR_KRFE/outputs/denv/rep47/run.log)
2026-09-14T09:21:44,denv,48,failure,0,,,,RuntimeError: run_analysis.py exited with code 1 (see /home/a61491/CASTOR_KRFE/outputs/denv/rep48/run.log)
2026-09-14T09:22:14,denv,49,failure,0,,,,RuntimeError: run_analysis.py exited with code 1 (see /home/a61491/CASTOR_KRFE/outputs/denv/rep49/run.log)
2026-09-14T09:22:41,denv,50,failure,0,,,,RuntimeError: run_analysis.py exited with code 1 (see /home/a61491/CASTOR_KRFE/outputs/denv/rep50/run.log)
2026-09-14T09:26:29,hbv,29,success,1108.66,0.995962190488692,5,4,
2026-09-14T09:47:19,hbv,30,success,1246.65,0.9932622976259882,7,4,
2026-09-14T09:48:59,hiv,20,success,1970.53,0.9918030951072281,10,8,
2026-09-14T09:51:04,mkpx,6,success,5766.7,0.992146447360105,5,1,
2026-09-14T10:03:50,denv,51,success,2465.29,0.9920626081207661,5,2,
2026-09-14T10:04:11,denv,52,failure,0,,,,RuntimeError: run_analysis.py exited with code 1 (see /home/a61491/CASTOR_KRFE/outputs/denv/rep52/run.log)
2026-09-14T10:05:55,hbv,31,success,1109.87,0.9946235684980137,5,4,
2026-09-14T10:16:58,hiv,21,success,1676.15,0.9945570070203501,10,8,
2026-09-14T10:25:44,hbv,32,success,1185.74,0.9932789360499664,7,4,
2026-09-14T10:35:28,sars,8,success,4741.65,1.0,8,7,
2026-09-14T10:45:14,hbv,33,success,1167.54,0.9932956336250055,5,4,
2026-09-14T10:45:57,denv,53,success,2502.98,0.9944437584887023,10,3,
2026-09-14T10:46:42,denv,54,failure,0,,,,RuntimeError: run_analysis.py exited with code 1 (see /home/a61491/CASTOR_KRFE/outputs/denv/rep54/run.log)
2026-09-14T10:47:11,denv,55,failure,0,,,,RuntimeError: run_analysis.py exited with code 1 (see /home/a61491/CASTOR_KRFE/outputs/denv/rep55/run.log)
2026-09-14T10:47:32,denv,56,failure,0,,,,RuntimeError: run_analysis.py exited with code 1 (see /home/a61491/CASTOR_KRFE/outputs/denv/rep56/run.log)
2026-09-14T10:47:54,denv,57,failure,0,,,,RuntimeError: run_analysis.py exited with code 1 (see /home/a61491/CASTOR_KRFE/outputs/denv/rep57/run.log)
2026-09-14T10:48:39,hiv,22,success,1897.59,0.9918247665831916,9,9,
2026-09-14T10:48:57,denv,58,failure,0,,,,RuntimeError: run_analysis.py exited with code 1 (see /home/a61491/CASTOR_KRFE/outputs/denv/rep58/run.log)
2026-09-14T11:07:31,hbv,34,success,1333.6,0.993273843605223,7,4,
2026-09-14T11:19:40,hiv,23,success,1856.65,0.9917797711034962,9,9,
2026-09-14T11:25:30,hbv,35,success,1075.89,0.9959677200814927,10,3,
2026-09-14T11:27:19,mkpx,7,success,5769.74,0.9991273989865341,5,1,
2026-09-14T11:31:23,denv,59,success,2542.68,0.9904727338716994,4,2,
2026-09-14T11:44:09,hbv,36,success,1116.13,0.9919404452344118,3,5,
2026-09-14T11:48:07,hiv,24,success,1701.24,0.9918021680216802,9,9,
2026-09-14T11:57:47,sars,9,success,4901.93,0.9929187188189241,10,5,
2026-09-14T12:03:50,hbv,37,success,1178.17,0.9959677419354839,5,4,
2026-09-14T12:13:15,denv,60,success,2508.22,0.9944392148329816,5,2,
2026-09-14T12:13:38,denv,61,failure,0,,,,RuntimeError: run_analysis.py exited with code 1 (see /home/a61491/CASTOR_KRFE/outputs/denv/rep61/run.log)
2026-09-14T12:18:50,hiv,25,success,1838.89,0.994535519125683,9,9,
2026-09-14T12:24:52,hbv,38,success,1258.99,0.9946389171953082,5,5,
2026-09-14T12:44:55,hbv,39,success,1195.43,0.9905803839623875,5,4,
2026-09-14T12:50:13,hiv,26,success,1879.13,0.9945353355443866,10,9,
2026-09-14T12:55:41,denv,62,success,2520.34,0.9968241330598,8,3,
2026-09-14T13:03:50,hbv,40,success,1132.66,0.9946499561390446,8,4,
2026-09-14T13:04:17,mkpx,8,success,5812.34,1.0,6,1,
2026-09-14T13:18:04,sars,10,success,4781.29,0.9988234887020313,8,5,
2026-09-14T13:19:12,hiv,27,success,1736.51,0.99453515196309,8,10,
2026-09-14T13:23:04,hbv,41,success,1151.09,0.9959675452410345,9,4,
2026-09-14T13:36:43,denv,63,success,2458.31,0.9904670794330088,5,3,
2026-09-14T13:37:20,denv,64,failure,0,,,,RuntimeError: run_analysis.py exited with code 1 (see /home/a61491/CASTOR_KRFE/outputs/denv/rep64/run.log)
2026-09-14T13:37:58,denv,65,failure,0,,,,RuntimeError: run_analysis.py exited with code 1 (see /home/a61491/CASTOR_KRFE/outputs/denv/rep65/run.log)
2026-09-14T13:38:20,denv,66,failure,0,,,,RuntimeError: run_analysis.py exited with code 1 (see /home/a61491/CASTOR_KRFE/outputs/denv/rep66/run.log)
2026-09-14T13:39:04,denv,67,failure,0,,,,RuntimeError: run_analysis.py exited with code 1 (see /home/a61491/CASTOR_KRFE/outputs/denv/rep67/run.log)
2026-09-14T13:43:14,hbv,42,success,1205.1,0.9919667053813396,5,4,
2026-09-14T13:50:55,hiv,28,success,1899.77,0.991824583001895,8,9,
2026-09-14T14:03:32,hbv,43,success,1214.27,0.9973118061029981,8,4,
2026-09-14T14:21:15,denv,68,success,2527.65,0.9952354814532577,9,3,
2026-09-14T14:21:32,hiv,29,success,1834.24,0.994535519125683,10,9,
2026-09-14T14:21:37,denv,69,failure,0,,,,RuntimeError: run_analysis.py exited with code 1 (see /home/a61491/CASTOR_KRFE/outputs/denv/rep69/run.log)
2026-09-14T14:22:01,hbv,44,success,1104.9,0.990568176972427,8,4,
2026-09-14T14:38:51,sars,11,success,4815.41,0.9905738225607297,5,8,
2026-09-14T14:41:50,hbv,45,success,1185.6,0.9946180175757173,5,4,
2026-09-14T14:43:02,mkpx,9,success,5913.74,0.9956369152000586,6,1,
2026-09-14T14:52:14,hiv,30,success,1838.36,0.991824583001895,9,9,
2026-09-14T15:02:05,hbv,46,success,1211.76,0.9946236559139785,10,4,
2026-09-14T15:05:03,denv,70,success,2602.85,0.9904741903481822,10,2,
2026-09-14T15:05:26,denv,71,failure,0,,,,RuntimeError: run_analysis.py exited with code 1 (see /home/a61491/CASTOR_KRFE/outputs/denv/rep71/run.log)
2026-09-14T15:21:19,hbv,47,success,1150.68,0.991933046707701,7,4,
2026-09-14T15:21:28,hiv,31,success,1750.02,0.9918253084441155,9,10,
2026-09-14T15:39:45,hbv,48,success,1103.3,0.9919406643158766,8,4,
2026-09-14T15:44:46,denv,72,success,2356.32,0.9904811134090663,7,3,
2026-09-14T15:45:08,denv,73,failure,0,,,,RuntimeError: run_analysis.py exited with code 1 (see /home/a61491/CASTOR_KRFE/outputs/denv/rep73/run.log)
2026-09-14T15:45:30,denv,74,failure,0,,,,RuntimeError: run_analysis.py exited with code 1 (see /home/a61491/CASTOR_KRFE/outputs/denv/rep74/run.log)
2026-09-14T15:46:18,denv,75,failure,0,,,,RuntimeError: run_analysis.py exited with code 1 (see /home/a61491/CASTOR_KRFE/outputs/denv/rep75/run.log)
2026-09-14T15:47:04,denv,76,failure,0,,,,RuntimeError: run_analysis.py exited with code 1 (see /home/a61491/CASTOR_KRFE/outputs/denv/rep76/run.log)
2026-09-14T15:49:30,hiv,32,success,1679.49,0.9918016261607563,10,9,
2026-09-14T15:56:38,sars,12,success,4625.72,0.9988234887020313,8,7,
2026-09-14T15:57:54,hbv,49,success,1085.93,0.9905875719080228,5,4,
2026-09-14T16:17:24,hbv,50,success,1164.45,0.9973117842490069,4,5,
2026-09-14T16:19:08,mkpx,10,success,5757.92,0.9904012134401285,4,1,
2026-09-14T16:19:16,hiv,33,success,1783.51,0.994535519125683,10,10,
2026-09-14T16:28:13,denv,77,success,2466.3,0.9976190296222648,4,3,
2026-09-14T16:36:27,hbv,51,success,1139.31,0.9946290101418254,5,4,
2026-09-14T16:46:20,hiv,34,success,1621.02,0.9918247665831916,9,9,
2026-09-14T16:54:29,hbv,52,success,1076.53,0.9919298455327067,9,3,
2026-09-14T17:05:19,denv,78,success,2222.44,0.9952342858873287,5,2,
2026-09-14T17:05:41,denv,79,failure,0,,,,RuntimeError: run_analysis.py exited with code 1 (see /home/a61491/CASTOR_KRFE/outputs/denv/rep79/run.log)
2026-09-14T17:12:21,hbv,53,success,1067.24,0.9919015753432383,8,4,
2026-09-14T17:12:33,sars,13,success,4523.36,0.9952939955178582,8,5,
2026-09-14T17:12:48,hiv,35,success,1584.28,0.9917799546847927,10,9,
2026-09-14T17:32:32,hbv,54,success,1207.62,0.9905958211632772,5,4,
2026-09-14T17:42:48,hiv,36,success,1797.45,0.9918016261607563,10,10,
2026-09-14T17:47:48,denv,80,success,2524.56,0.996031635858368,5,2,
2026-09-14T17:50:19,hbv,55,success,1063.39,0.9946181924161754,7,4,
2026-09-14T17:50:51,mkpx,11,success,5497.56,0.9904008041211207,5,1,
2026-09-14T18:08:09,hbv,56,success,1067.69,0.9905964050148627,9,3,
2026-09-14T18:09:40,hiv,37,success,1609.72,0.9917797711034961,10,8,
2026-09-14T18:26:27,hbv,57,success,1094.32,0.9905796605631164,4,4,
2026-09-14T18:26:28,denv,81,success,2314.32,0.992849229354037,10,3,
2026-09-14T18:26:50,denv,82,failure,0,,,,RuntimeError: run_analysis.py exited with code 1 (see /home/a61491/CASTOR_KRFE/outputs/denv/rep82/run.log)
2026-09-14T18:27:12,denv,83,failure,0,,,,RuntimeError: run_analysis.py exited with code 1 (see /home/a61491/CASTOR_KRFE/outputs/denv/rep83/run.log)
2026-09-14T18:27:40,denv,84,failure,0,,,,RuntimeError: run_analysis.py exited with code 1 (see /home/a61491/CASTOR_KRFE/outputs/denv/rep84/run.log)
2026-09-14T18:28:01,denv,85,failure,0,,,,RuntimeError: run_analysis.py exited with code 1 (see /home/a61491/CASTOR_KRFE/outputs/denv/rep85/run.log)
2026-09-14T18:28:14,sars,14,success,4505.54,0.9905873410324636,5,6,
2026-09-14T18:35:48,hiv,38,success,1564.73,0.994535519125683,10,8,
2026-09-14T18:46:18,hbv,58,success,1188.37,0.9905956878941795,7,4,
2026-09-14T19:04:27,hbv,59,success,1084.45,0.9905674511469833,7,4,
2026-09-14T19:06:44,hiv,39,success,1851.5,0.9972675759815449,10,10,
2026-09-14T19:08:56,denv,86,success,2451.71,0.9992063472067201,9,4,
2026-09-14T19:09:19,denv,87,failure,0,,,,RuntimeError: run_analysis.py exited with code 1 (see /home/a61491/CASTOR_KRFE/outputs/denv/rep87/run.log)
2026-09-14T19:09:40,denv,88,failure,0,,,,RuntimeError: run_analysis.py exited with code 1 (see /home/a61491/CASTOR_KRFE/outputs/denv/rep88/run.log)
2026-09-14T19:10:03,denv,89,failure,0,,,,RuntimeError: run_analysis.py exited with code 1 (see /home/a61491/CASTOR_KRFE/outputs/denv/rep89/run.log)
2026-09-14T19:10:28,denv,90,failure,0,,,,RuntimeError: run_analysis.py exited with code 1 (see /home/a61491/CASTOR_KRFE/outputs/denv/rep90/run.log)
2026-09-14T19:22:58,hbv,60,success,1107.4,0.9946235684980137,5,4,
2026-09-14T19:24:54,mkpx,12,success,5636.88,0.9938915696503453,5,1,
2026-09-14T19:34:12,hiv,40,success,1644.77,0.99453515196309,9,10,
2026-09-14T19:40:44,hbv,61,success,1063.5,0.9946179514807195,5,4,
2026-09-14T19:44:00,sars,15,success,4515.15,0.9976467331118495,8,7,
2026-09-14T19:47:22,denv,91,success,2210.83,0.9984114286291096,6,3,
2026-09-14T19:59:50,hbv,62,success,1142.24,0.9946181263211777,5,4,
2026-09-14T20:01:39,hiv,41,success,1644.18,0.991801809742053,10,10,
2026-09-14T20:20:29,hbv,63,success,1234.74,0.9932790911730551,4,5,
2026-09-14T20:29:25,denv,92,success,2517.82,0.9960304642312778,5,2,
2026-09-14T20:30:13,denv,93,failure,0,,,,RuntimeError: run_analysis.py exited with code 1 (see /home/a61491/CASTOR_KRFE/outputs/denv/rep93/run.log)
2026-09-14T20:32:30,hiv,42,success,1847.48,0.9918016261607563,9,7,
2026-09-14T20:39:47,hbv,64,success,1155.07,0.9906108412050804,5,4,
2026-09-14T20:58:23,hbv,65,success,1111.04,0.9919351341900514,10,3,
2026-09-14T21:00:42,mkpx,13,success,5742.78,0.9921463038361582,5,1,
2026-09-14T21:02:18,sars,16,success,4651.98,0.9906085930010784,6,8,
2026-09-14T21:03:20,hiv,43,success,1845.72,0.9918029115259315,9,9,
2026-09-14T21:13:07,denv,94,success,2569.51,0.9928556848336394,10,4,
2026-09-14T21:18:50,hbv,66,success,1223.22,0.9919407293533543,4,4,
2026-09-14T21:33:18,hiv,44,success,1794.56,0.9918016261607563,10,10,
2026-09-14T21:39:05,hbv,67,success,1211.9,0.9919460398646905,8,4,
2026-09-14T21:54:15,denv,95,success,2464.74,0.9952342620055025,5,2,
2026-09-14T21:54:37,denv,96,failure,0,,,,RuntimeError: run_analysis.py exited with code 1 (see /home/a61491/CASTOR_KRFE/outputs/denv/rep96/run.log)
2026-09-14T21:55:00,denv,97,failure,0,,,,RuntimeError: run_analysis.py exited with code 1 (see /home/a61491/CASTOR_KRFE/outputs/denv/rep97/run.log)
2026-09-14T21:55:31,denv,98,failure,0,,,,RuntimeError: run_analysis.py exited with code 1 (see /home/a61491/CASTOR_KRFE/outputs/denv/rep98/run.log)
2026-09-14T21:57:39,hbv,68,success,1109.9,0.9946235253145269,5,4,
2026-09-14T22:01:49,hiv,45,success,1708.87,0.9918016261607563,10,9,
2026-09-14T22:17:20,hbv,69,success,1177.74,0.9959677200814927,5,4,
2026-09-14T22:22:12,sars,17,success,4757.08,0.9917507192125056,7,6,
2026-09-14T22:31:58,hiv,46,success,1803.21,0.9918030951072281,9,10,
2026-09-14T22:36:50,hbv,70,success,1166.99,0.9932737321901166,7,4,
2026-09-14T22:40:17,denv,99,success,2682.35,0.9984114286291096,9,4,
2026-09-14T22:40:40,denv,100,failure,0,,,,RuntimeError: run_analysis.py exited with code 1 (see /home/a61491/CASTOR_KRFE/outputs/denv/rep100/run.log)
2026-09-14T22:40:49,mkpx,14,success,6001.59,0.991273332033725,5,1,
2026-09-14T22:55:17,hbv,71,success,1103.65,0.9973171390013497,5,4,
2026-09-14T23:00:46,hiv,47,success,1725.25,0.9945570070203501,10,9,
2026-09-14T23:13:03,hbv,72,success,1063.24,0.9986558921245035,8,4,
2026-09-14T23:26:32,hiv,48,success,1543.15,0.9918016261607563,9,8,
2026-09-14T23:31:22,hbv,73,success,1096.01,0.9932793731980237,5,4,
2026-09-14T23:40:35,sars,18,success,4671.05,0.9964635861611332,7,6,
2026-09-14T23:49:45,hbv,74,success,1100.01,0.9905743479578066,3,5,
2026-09-14T23:55:01,hiv,49,success,1706.05,0.9918448117539026,9,6,
2026-09-15T00:09:17,hbv,75,success,1168.44,0.9959675452410345,4,5,
2026-09-15T00:13:30,mkpx,15,success,5555.16,0.9921463038361582,5,1,
2026-09-15T00:21:21,hiv,50,success,1576.46,0.997267575981545,9,9,
2026-09-15T00:26:16,hbv,76,success,1015.9,0.9959622123426831,5,4,
2026-09-15T00:42:58,hbv,77,success,999.0,0.9919343036019188,3,5,
2026-09-15T00:45:54,hiv,51,success,1470.76,0.997267575981545,10,9,
2026-09-15T00:55:10,sars,19,success,4433.24,0.9952937512256451,8,5,
2026-09-15T01:00:29,hbv,78,success,1048.72,0.9919350936335629,9,3,
2026-09-15T01:11:06,hiv,52,success,1509.29,0.9917805146077473,9,10,
2026-09-15T01:18:34,hbv,79,success,1081.18,0.9919342545236571,5,4,
2026-09-15T01:35:28,hbv,80,success,1011.65,0.9973117842490069,5,4,
2026-09-15T01:36:20,hiv,53,success,1510.73,0.9918251248628188,10,8,
2026-09-15T01:41:12,mkpx,16,success,5257.17,1.0,6,1,
2026-09-15T01:52:40,hbv,81,success,1029.01,0.9932738654592144,9,3,
2026-09-15T02:00:37,hiv,54,success,1453.0,0.9918016261607563,9,9,
2026-09-15T02:06:10,sars,20,success,4227.8,0.997647018113796,8,6,
2026-09-15T02:09:17,hbv,82,success,994.42,0.9973117842490069,9,4,
2026-09-15T02:25:58,hiv,55,success,1518.34,0.99453515196309,7,10,
2026-09-15T02:27:21,hbv,83,success,1080.1,0.9919298007672044,5,4,
2026-09-15T02:44:33,hbv,84,success,1028.57,0.995973118017322,7,4,
2026-09-15T02:51:11,hiv,56,success,1510.07,0.9918251248628188,10,10,
2026-09-15T03:01:33,hbv,85,success,1016.76,0.9946235253145269,4,4,
2026-09-15T03:07:42,mkpx,17,success,5184.68,1.0,6,1,
2026-09-15T03:15:02,hiv,57,success,1427.86,0.9917983193277311,8,9,
2026-09-15T03:16:54,sars,21,success,4212.71,0.9976399331662489,8,6,
2026-09-15T03:18:21,hbv,86,success,1005.14,0.9959676102785124,8,4,
2026-09-15T03:36:10,hbv,87,success,1065.68,0.9986558921245035,10,4,
2026-09-15T03:40:26,hiv,58,success,1521.07,0.9917803310264507,10,8,
2026-09-15T03:53:34,hbv,88,success,1040.98,0.9918961774074089,10,4,
2026-09-15T04:04:54,hiv,59,success,1464.93,0.9918029115259315,9,10,
2026-09-15T04:10:18,hbv,89,success,1001.37,0.9919460830481772,4,4,
2026-09-15T04:26:59,hbv,90,success,998.15,0.9932685768018693,9,4,
2026-09-15T04:29:46,hiv,60,success,1488.64,0.9945353355443866,9,11,
2026-09-15T04:30:06,sars,22,success,4361.63,0.9952794954970906,9,5,
2026-09-15T04:35:12,mkpx,18,success,5243.4,0.9912737573099413,5,1,
2026-09-15T04:45:07,hbv,91,success,1084.69,0.9906020620641496,5,4,
2026-09-15T04:55:23,hiv,61,success,1533.82,0.997267575981545,10,8,
2026-09-15T05:02:18,hbv,92,success,1027.96,0.9932740845406789,7,4,
2026-09-15T05:19:07,hbv,93,success,1006.48,0.9932739097002208,8,4,
2026-09-15T05:19:14,hiv,62,success,1428.17,0.9917805146077473,9,9,
2026-09-15T05:36:05,hbv,94,success,1014.38,0.990596403453913,8,4,
2026-09-15T05:40:32,sars,23,success,4187.85,0.9976469774040624,8,6,
2026-09-15T05:44:13,hiv,63,success,1496.17,0.9918029115259315,9,8,
2026-09-15T05:53:37,hbv,95,success,1048.89,0.9959622784376808,5,4,
2026-09-15T06:02:06,mkpx,19,success,5201.54,0.9904008041211207,5,1,
2026-09-15T06:10:20,hiv,64,success,1563.53,0.9918016261607563,8,8,
2026-09-15T06:10:45,hbv,96,success,1024.98,0.9959676982275015,3,5,
2026-09-15T06:27:29,hbv,97,success,1001.57,0.9919298226211956,5,4,
2026-09-15T06:33:37,hiv,65,success,1393.92,0.9918021860837111,10,8,
2026-09-15T06:44:33,hbv,98,success,1020.72,0.9905854284901343,9,4,
2026-09-15T06:53:14,sars,24,success,4329.38,0.9976469774040623,9,5,
2026-09-15T06:58:09,hiv,66,success,1468.61,0.9918029115259313,10,9,
2026-09-15T07:01:31,hbv,99,success,1015.43,0.9946231729639647,5,5,
2026-09-15T07:19:09,hbv,100,success,1052.09,0.9973117842490069,4,5,
2026-09-15T07:23:36,hiv,67,success,1523.95,0.9972675759815449,6,10,
2026-09-15T07:28:09,mkpx,20,success,5157.69,0.9965095560801036,5,1,
2026-09-15T07:45:50,hiv,68,success,1331.55,0.99453515196309,8,9,
2026-09-15T08:02:07,sars,25,success,4102.09,0.9988234887020313,8,6,
2026-09-15T08:08:36,hiv,69,success,1362.44,0.99453515196309,9,8,
2026-09-15T08:32:40,hiv,70,success,1441.78,0.9945353355443866,6,10,
2026-09-15T08:50:54,mkpx,21,success,4959.94,0.9947642543859649,5,1,
2026-09-15T08:56:47,hiv,71,success,1443.62,0.9917797711034961,6,11,
2026-09-15T09:10:33,sars,26,success,4074.6,1.0,8,7,
2026-09-15T09:18:57,hiv,72,success,1327.49,0.99453515196309,9,10,
2026-09-15T09:42:26,hiv,73,success,1406.2,0.9918016261607563,9,6,
2026-09-15T10:05:50,hiv,74,success,1401.35,0.99453515196309,10,11,
2026-09-15T10:13:18,mkpx,22,success,4938.39,0.9947643341201553,5,1,
2026-09-15T10:22:13,sars,27,success,4269.26,0.9988234887020313,9,5,
2026-09-15T10:29:05,hiv,75,success,1391.9,0.9918030951072281,9,10,
2026-09-15T10:52:42,hiv,76,success,1413.8,0.9917551337345848,8,8,
2026-09-15T11:15:21,hiv,77,success,1356.28,0.9972675759815449,9,10,
2026-09-15T11:29:11,sars,28,success,3985.95,0.9976470588235294,8,6,
2026-09-15T11:36:11,mkpx,23,success,4967.77,0.9912737573099413,5,1,
2026-09-15T11:38:24,hiv,78,success,1380.08,0.9918027279446348,9,11,
2026-09-15T12:01:28,hiv,79,success,1380.62,0.99453515196309,10,10,
2026-09-15T12:24:15,hiv,80,success,1365.07,0.9918029115259315,10,8,
2026-09-15T12:37:45,sars,29,success,4082.74,0.9988234887020311,8,5,
2026-09-15T12:47:10,hiv,81,success,1371.86,0.997267575981545,10,10,
2026-09-15T12:59:09,mkpx,24,success,4971.97,0.9921463038361582,5,1,
2026-09-15T13:09:56,hiv,82,success,1362.94,0.9918448117539026,10,9,
2026-09-15T13:32:33,hiv,83,success,1354.57,0.9917551337345848,10,9,
2026-09-15T13:44:20,sars,30,success,3963.2,0.9964704661060935,7,6,
2026-09-15T13:55:36,hiv,84,success,1379.94,0.9917551337345848,10,9,
2026-09-15T14:19:09,hiv,85,success,1410.36,0.991801809742053,10,8,
2026-09-15T14:23:03,mkpx,25,success,5027.7,0.9965095986038395,4,1,
2026-09-15T14:41:10,hiv,86,success,1317.32,0.997267575981545,9,10,
2026-09-15T14:52:05,sars,31,success,4034.35,1.0,9,6,
2026-09-15T15:03:29,hiv,87,success,1336.57,0.9945340501792115,10,10,
2026-09-15T15:26:09,hiv,88,success,1357.21,1.0,10,9,
2026-09-15T15:45:25,mkpx,26,success,4936.37,1.0,6,1,
2026-09-15T15:48:52,hiv,89,success,1359.74,0.9918016261607563,9,10,
2026-09-15T16:00:41,sars,32,success,4081.01,0.9976469774040624,10,7,
2026-09-15T16:11:33,hiv,90,success,1358.7,0.9918021860837111,9,10,
2026-09-15T16:34:49,hiv,91,success,1392.55,0.9918029115259315,8,9,
2026-09-15T16:57:56,hiv,92,success,1384.03,0.9917805146077473,6,10,
2026-09-15T17:08:09,mkpx,27,success,4959.07,0.9982547939865013,6,1,
2026-09-15T17:09:01,sars,33,success,4069.08,0.9905928201842621,10,6,
2026-09-15T17:20:27,hiv,93,success,1348.8,0.9918016261607563,9,9,
2026-09-15T17:43:33,hiv,94,success,1382.91,0.9918016261607563,9,9,
2026-09-15T18:05:34,hiv,95,success,1318.2,0.991824583001895,8,10,
2026-09-15T18:16:37,sars,34,success,4020.78,0.9988234887020313,8,8,
2026-09-15T18:29:15,hiv,96,success,1417.86,0.9918016261607563,8,9,
2026-09-15T18:31:22,mkpx,28,success,4987.98,0.9930190058479532,5,1,
2026-09-15T18:52:06,hiv,97,success,1367.71,0.9918027279446348,9,10,
2026-09-15T19:14:53,hiv,98,success,1364.54,0.9918029115259315,7,9,
2026-09-15T19:23:52,sars,35,success,4001.48,0.9964702218138806,8,7,
2026-09-15T19:38:00,hiv,99,success,1383.94,0.9972675759815449,10,10,
2026-09-15T19:54:03,mkpx,29,success,4955.48,0.9912738902002589,4,1,
2026-09-15T20:00:45,hiv,100,success,1362.33,0.9917797711034961,8,10,
2026-09-15T20:30:34,sars,36,success,3970.69,0.9941106042749291,7,7,
2026-09-15T21:15:14,mkpx,30,success,4865.12,1.0,6,1,
2026-09-15T21:36:20,sars,37,success,3914.88,0.9976467331118495,7,7,
2026-09-15T22:35:26,mkpx,31,success,4807.66,1.0,6,1,
2026-09-15T22:42:02,sars,38,success,3902.49,0.9988234887020311,10,6,
2026-09-15T23:47:15,sars,39,success,3882.32,0.9964702218138806,7,6,
2026-09-15T23:56:07,mkpx,32,success,4835.81,1.0,6,1,
2026-09-16T00:52:47,sars,40,success,3899.23,0.9953005104615122,8,6,
2026-09-16T01:16:39,mkpx,33,success,4826.66,0.9982547939865013,5,1,
2026-09-16T01:58:48,sars,41,success,3930.11,0.991755354639157,7,6,
2026-09-16T02:37:23,mkpx,34,success,4839.23,1.0,6,1,
2026-09-16T03:04:21,sars,42,success,3903.25,1.0,8,6,
2026-09-16T03:57:07,mkpx,35,success,4778.58,0.9930190058479532,4,1,
2026-09-16T04:10:05,sars,43,success,3910.96,0.9976467331118495,7,7,
2026-09-16T05:16:26,sars,44,success,3950.66,0.9905592818302285,6,7,
2026-09-16T05:17:48,mkpx,36,success,4835.89,0.9956369152000586,5,1,
2026-09-16T06:25:06,sars,45,success,4089.65,0.9905652133035481,6,7,
2026-09-16T06:38:16,mkpx,37,success,4823.22,0.9921465430398225,5,1,
2026-09-16T07:30:50,sars,46,success,3912.92,1.0,8,6,
2026-09-16T07:58:26,mkpx,38,success,4804.55,0.9965095560801036,5,1,
2026-09-16T08:37:02,sars,47,success,3941.13,0.9988234887020313,8,6,
2026-09-16T09:19:41,mkpx,39,success,4869.41,1.0,6,1,
2026-09-16T09:43:39,sars,48,success,3967.61,1.0,8,6,
2026-09-16T10:41:06,mkpx,40,success,4880.61,0.9965095560801036,5,1,
2026-09-16T10:49:54,sars,49,success,3943.79,0.9988234887020311,8,6,
2026-09-16T11:55:46,sars,50,success,3919.63,0.9941172399276765,8,6,
2026-09-16T12:01:15,mkpx,41,success,4803.35,1.0,6,1,
2026-09-16T13:02:11,sars,51,success,3952.52,0.996470506815827,9,6,
2026-09-16T13:21:56,mkpx,42,success,4835.18,0.991273332033725,5,1,
2026-09-16T14:09:15,sars,52,success,3992.65,0.9940962249632548,8,6,
2026-09-16T14:43:26,mkpx,43,success,4885.37,1.0,6,1,
2026-09-16T15:16:41,sars,53,success,4015.06,0.9952579801048339,8,5,
2026-09-16T16:04:41,mkpx,44,success,4870.01,0.9921461124627351,5,1,
2026-09-16T16:23:23,sars,54,success,3971.41,1.0,8,7,
2026-09-16T17:24:45,mkpx,45,success,4797.92,0.9904005117290272,5,1,
2026-09-16T17:30:33,sars,55,success,3999.05,0.996470506815827,8,5,
2026-09-16T18:39:30,sars,56,success,4105.91,0.9976470181137959,10,6,
2026-09-16T18:44:35,mkpx,46,success,4784.75,1.0,6,1,
2026-09-16T19:48:24,sars,57,success,4102.98,0.9964705475255606,10,6,
2026-09-16T20:05:34,mkpx,47,success,4853.79,0.9982547939865013,5,1,
2026-09-16T20:55:48,sars,58,success,4012.78,0.9964634218682802,9,5,
2026-09-16T21:26:35,mkpx,48,success,4855.76,1.0,6,1,
2026-09-16T22:03:31,sars,59,success,4031.7,0.9929409729219207,10,5,
2026-09-16T22:47:55,mkpx,49,success,4874.36,0.9904012134401285,4,1,
2026-09-16T23:09:38,sars,60,success,3935.19,0.9964702218138806,10,6,
2026-09-16T23:10:03,denv,1,success,1.23,,,,
2026-09-16T23:10:07,denv,2,success,1.15,,,,
2026-09-16T23:10:11,denv,3,success,1.01,,,,
2026-09-16T23:10:15,denv,4,success,1.14,,,,
2026-09-16T23:10:19,denv,5,success,1.04,,,,
2026-09-16T23:10:23,denv,6,success,1.08,,,,
2026-09-16T23:10:27,denv,7,success,1.05,,,,
2026-09-16T23:10:31,denv,8,success,1.08,,,,
2026-09-16T23:10:35,denv,9,success,1.02,,,,
2026-09-16T23:10:39,denv,10,success,1.05,,,,
2026-09-16T23:10:43,denv,11,success,1.04,,,,
2026-09-16T23:10:47,denv,12,success,1.07,,,,
2026-09-16T23:10:51,denv,13,success,1.14,,,,
2026-09-16T23:10:55,denv,14,success,1.09,,,,
2026-09-16T23:10:59,denv,15,success,1.01,,,,
2026-09-16T23:11:03,denv,16,success,1.07,,,,
2026-09-16T23:11:07,denv,17,success,1.12,,,,
2026-09-16T23:11:11,denv,18,success,1.05,,,,
2026-09-16T23:11:15,denv,19,success,1.04,,,,
2026-09-16T23:11:19,denv,20,success,1.09,,,,
2026-09-16T23:11:23,denv,21,success,1.03,,,,
2026-09-16T23:11:27,denv,22,success,1.04,,,,
2026-09-16T23:11:31,denv,23,success,0.99,,,,
2026-09-16T23:11:35,denv,24,success,1.09,,,,
2026-09-16T23:11:39,denv,25,success,1.09,,,,
2026-09-16T23:11:43,denv,26,success,1.04,,,,
2026-09-16T23:11:47,denv,27,success,1.04,,,,
2026-09-16T23:11:51,denv,28,success,1.05,,,,
2026-09-16T23:11:55,denv,29,success,0.98,,,,
2026-09-16T23:11:59,denv,30,success,1.02,,,,
2026-09-16T23:12:03,denv,31,success,1.12,,,,
2026-09-16T23:12:07,denv,32,success,1.14,,,,
2026-09-16T23:12:11,denv,33,success,1.02,,,,
2026-09-16T23:12:15,denv,34,success,1.03,,,,
2026-09-16T23:12:19,denv,35,success,1.03,,,,
2026-09-16T23:12:23,denv,36,success,1.01,,,,
2026-09-16T23:12:27,denv,37,success,1.02,,,,
2026-09-16T23:12:31,denv,38,success,1.02,,,,
2026-09-16T23:12:34,denv,39,success,1.06,,,,
2026-09-16T23:12:38,denv,40,success,1.03,,,,
2026-09-16T23:12:42,denv,41,success,1.06,,,,
2026-09-16T23:12:48,denv,42,success,1.11,,,,
2026-09-16T23:12:52,denv,43,success,1.07,,,,
2026-09-16T23:12:56,denv,44,success,0.97,,,,
2026-09-16T23:13:00,denv,45,success,1.02,,,,
2026-09-16T23:13:04,denv,46,success,1.05,,,,
2026-09-16T23:13:08,denv,47,success,1.13,,,,
2026-09-16T23:13:12,denv,48,success,1.04,,,,
2026-09-16T23:13:16,denv,49,success,1.02,,,,
2026-09-16T23:13:20,denv,50,success,1.05,,,,
2026-09-16T23:13:24,denv,51,success,1.09,,,,
2026-09-16T23:13:28,denv,52,success,1.01,,,,
2026-09-16T23:13:32,denv,53,success,1.01,,,,
2026-09-16T23:13:36,denv,54,success,1.02,,,,
2026-09-16T23:13:40,denv,55,success,1.06,,,,
2026-09-16T23:13:45,denv,56,success,1.77,,,,
2026-09-16T23:13:51,denv,57,success,1.77,,,,
2026-09-16T23:13:58,denv,58,success,1.98,,,,
2026-09-16T23:14:03,denv,59,success,1.94,,,,
2026-09-16T23:14:08,denv,60,success,1.09,,,,
2026-09-16T23:14:13,denv,61,success,1.12,,,,
2026-09-16T23:14:17,denv,62,success,1.12,,,,
2026-09-16T23:14:21,denv,63,success,1.06,,,,
2026-09-16T23:14:25,denv,64,success,1.05,,,,
2026-09-16T23:14:29,denv,65,success,1.11,,,,
2026-09-16T23:14:33,denv,66,success,1.04,,,,
2026-09-16T23:14:37,denv,67,success,1.09,,,,
2026-09-16T23:14:41,denv,68,success,1.03,,,,
2026-09-16T23:14:45,denv,69,success,1.07,,,,
2026-09-16T23:14:49,denv,70,success,1.09,,,,
2026-09-16T23:14:53,denv,71,success,1.17,,,,
2026-09-16T23:14:57,denv,72,success,1.06,,,,
2026-09-16T23:15:01,denv,73,success,1.14,,,,
2026-09-16T23:15:06,denv,74,success,1.05,,,,
2026-09-16T23:15:10,denv,75,success,1.28,,,,
2026-09-16T23:15:14,denv,76,success,1.04,,,,
2026-09-16T23:15:18,denv,77,success,1.1,,,,
2026-09-16T23:15:22,denv,78,success,1.19,,,,
2026-09-16T23:15:27,denv,79,success,1.15,,,,
2026-09-16T23:15:31,denv,80,success,1.13,,,,
2026-09-16T23:15:35,denv,81,success,1.13,,,,
2026-09-16T23:15:39,denv,82,success,1.13,,,,
2026-09-16T23:15:43,denv,83,success,1.07,,,,
2026-09-16T23:15:47,denv,84,success,1.05,,,,
2026-09-16T23:15:52,denv,85,success,1.08,,,,
2026-09-16T23:15:57,denv,86,success,1.92,,,,
2026-09-16T23:16:03,denv,87,success,1.79,,,,
2026-09-16T23:16:09,denv,88,success,1.51,,,,
2026-09-16T23:16:14,denv,89,success,1.33,,,,
2026-09-16T23:16:18,denv,90,success,1.04,,,,
2026-09-16T23:16:22,denv,91,success,1.12,,,,
2026-09-16T23:16:26,denv,92,success,1.04,,,,
2026-09-16T23:16:30,denv,93,success,1.07,,,,
2026-09-16T23:16:34,denv,94,success,1.09,,,,
2026-09-16T23:16:38,denv,95,success,1.03,,,,
2026-09-16T23:16:42,denv,96,success,1.11,,,,
2026-09-16T23:16:47,denv,97,success,1.21,,,,
2026-09-16T23:16:53,denv,98,success,1.79,,,,
2026-09-16T23:16:59,denv,99,success,1.58,,,,
2026-09-16T23:17:04,denv,100,success,1.43,,,,
2026-09-16T23:20:02,denv,1,success,1.12,,,,
2026-09-16T23:20:06,denv,2,success,1.08,,,,
2026-09-16T23:20:10,denv,3,success,1.03,,,,
2026-09-16T23:20:15,denv,4,success,1.41,,,,
2026-09-16T23:20:20,denv,5,success,1.76,,,,
2026-09-16T23:20:26,denv,6,success,1.78,,,,
2026-09-16T23:20:32,denv,7,success,1.25,,,,
2026-09-16T23:20:36,denv,8,success,1.11,,,,
2026-09-16T23:20:40,denv,9,success,1.05,,,,
2026-09-16T23:52:21,denv,1,failure,0,,,,RuntimeError: run_analysis.py exited with code 1 (see /home/a61491/CASTOR_KRFE/outputs/denv/rep1/run.log)
2026-09-16T23:52:43,denv,2,failure,0,,,,RuntimeError: run_analysis.py exited with code 1 (see /home/a61491/CASTOR_KRFE/outputs/denv/rep2/run.log)
2026-09-17T00:10:24,mkpx,50,success,4944.23,1.0,6,1,
2026-09-17T00:16:54,sars,61,success,4004.44,0.9964704661060935,6,7,
2026-09-17T00:25:40,denv,3,success,1973.86,0.9984126824155447,8,3,
2026-09-17T00:26:24,denv,4,failure,0,,,,RuntimeError: run_analysis.py exited with code 1 (see /home/a61491/CASTOR_KRFE/outputs/denv/rep4/run.log)
2026-09-17T00:27:08,denv,5,failure,0,,,,RuntimeError: run_analysis.py exited with code 1 (see /home/a61491/CASTOR_KRFE/outputs/denv/rep5/run.log)
2026-09-17T00:27:29,denv,6,failure,0,,,,RuntimeError: run_analysis.py exited with code 1 (see /home/a61491/CASTOR_KRFE/outputs/denv/rep6/run.log)
2026-09-17T01:01:26,denv,7,success,2034.34,0.9960266508044087,7,3,
2026-09-17T01:24:48,sars,62,success,4043.06,0.9976469774040625,7,6,
2026-09-17T01:35:27,mkpx,51,success,5096.87,1.0,6,1,
2026-09-17T01:35:57,denv,8,success,2066.09,0.9960292205001816,6,2,
2026-09-17T01:36:21,denv,9,failure,0,,,,RuntimeError: run_analysis.py exited with code 1 (see /home/a61491/CASTOR_KRFE/outputs/denv/rep9/run.log)
2026-09-17T01:36:48,denv,10,failure,0,,,,RuntimeError: run_analysis.py exited with code 1 (see /home/a61491/CASTOR_KRFE/outputs/denv/rep10/run.log)
2026-09-17T01:37:12,denv,11,failure,0,,,,RuntimeError: run_analysis.py exited with code 1 (see /home/a61491/CASTOR_KRFE/outputs/denv/rep11/run.log)
2026-09-17T02:10:53,denv,12,success,2018.47,0.9960253930376991,4,2,
2026-09-17T02:11:15,denv,13,failure,0,,,,RuntimeError: run_analysis.py exited with code 1 (see /home/a61491/CASTOR_KRFE/outputs/denv/rep13/run.log)
2026-09-17T02:11:36,denv,14,failure,0,,,,RuntimeError: run_analysis.py exited with code 1 (see /home/a61491/CASTOR_KRFE/outputs/denv/rep14/run.log)
2026-09-17T02:34:43,sars,63,success,4162.28,0.991723013937885,8,6,
2026-09-17T02:46:20,denv,15,success,2081.0,0.9952443581143107,6,2,
2026-09-17T02:47:16,denv,16,failure,0,,,,RuntimeError: run_analysis.py exited with code 1 (see /home/a61491/CASTOR_KRFE/outputs/denv/rep16/run.log)
2026-09-17T03:00:36,mkpx,52,success,5104.05,1.0,6,1,
2026-09-17T03:21:54,denv,17,success,2073.85,0.9968253428343227,4,2,
2026-09-17T03:22:16,denv,18,failure,0,,,,RuntimeError: run_analysis.py exited with code 1 (see /home/a61491/CASTOR_KRFE/outputs/denv/rep18/run.log)
2026-09-17T03:47:24,sars,64,success,4329.21,1.0,8,7,
2026-09-17T03:55:53,denv,19,success,2014.66,0.9928531530536953,9,2,
2026-09-17T03:56:41,denv,20,failure,0,,,,RuntimeError: run_analysis.py exited with code 1 (see /home/a61491/CASTOR_KRFE/outputs/denv/rep20/run.log)
2026-09-17T03:57:03,denv,21,failure,0,,,,RuntimeError: run_analysis.py exited with code 1 (see /home/a61491/CASTOR_KRFE/outputs/denv/rep21/run.log)
2026-09-17T03:57:25,denv,22,failure,0,,,,RuntimeError: run_analysis.py exited with code 1 (see /home/a61491/CASTOR_KRFE/outputs/denv/rep22/run.log)
2026-09-17T04:25:17,mkpx,53,success,5074.51,1.0,6,1,
2026-09-17T04:32:47,denv,23,success,2118.66,0.9944406571469123,5,2,
2026-09-17T04:33:09,denv,24,failure,0,,,,RuntimeError: run_analysis.py exited with code 1 (see /home/a61491/CASTOR_KRFE/outputs/denv/rep24/run.log)
2026-09-17T04:33:31,denv,25,failure,0,,,,RuntimeError: run_analysis.py exited with code 1 (see /home/a61491/CASTOR_KRFE/outputs/denv/rep25/run.log)
2026-09-17T04:33:53,denv,26,failure,0,,,,RuntimeError: run_analysis.py exited with code 1 (see /home/a61491/CASTOR_KRFE/outputs/denv/rep26/run.log)
2026-09-17T04:59:58,sars,65,success,4321.37,0.99411695492573,9,5,
2026-09-17T05:09:22,denv,27,success,2126.64,0.9968253888268803,3,3,
2026-09-17T05:44:37,denv,28,success,2111.59,0.9952393310087635,4,2,
2026-09-17T05:44:59,denv,29,failure,0,,,,RuntimeError: run_analysis.py exited with code 1 (see /home/a61491/CASTOR_KRFE/outputs/denv/rep29/run.log)
2026-09-17T05:45:20,denv,30,failure,0,,,,RuntimeError: run_analysis.py exited with code 1 (see /home/a61491/CASTOR_KRFE/outputs/denv/rep30/run.log)
2026-09-17T05:45:44,denv,31,failure,0,,,,RuntimeError: run_analysis.py exited with code 1 (see /home/a61491/CASTOR_KRFE/outputs/denv/rep31/run.log)
2026-09-17T05:50:58,mkpx,54,success,5136.03,1.0,6,1,
2026-09-17T06:11:06,sars,66,success,4235.82,0.9964703453970001,8,5,
2026-09-17T06:18:29,denv,32,success,1962.45,0.9984114286291096,4,2,
2026-09-17T06:18:58,denv,33,failure,0,,,,RuntimeError: run_analysis.py exited with code 1 (see /home/a61491/CASTOR_KRFE/outputs/denv/rep33/run.log)
2026-09-17T06:19:44,denv,34,failure,0,,,,RuntimeError: run_analysis.py exited with code 1 (see /home/a61491/CASTOR_KRFE/outputs/denv/rep34/run.log)
2026-09-17T06:20:06,denv,35,failure,0,,,,RuntimeError: run_analysis.py exited with code 1 (see /home/a61491/CASTOR_KRFE/outputs/denv/rep35/run.log)
2026-09-17T06:53:45,denv,36,success,2016.32,0.9968253908265097,6,2,
2026-09-17T06:54:10,denv,37,failure,0,,,,RuntimeError: run_analysis.py exited with code 1 (see /home/a61491/CASTOR_KRFE/outputs/denv/rep37/run.log)
2026-09-17T06:54:31,denv,38,failure,0,,,,RuntimeError: run_analysis.py exited with code 1 (see /home/a61491/CASTOR_KRFE/outputs/denv/rep38/run.log)
2026-09-17T06:54:53,denv,39,failure,0,,,,RuntimeError: run_analysis.py exited with code 1 (see /home/a61491/CASTOR_KRFE/outputs/denv/rep39/run.log)
2026-09-17T06:55:38,denv,40,failure,0,,,,RuntimeError: run_analysis.py exited with code 1 (see /home/a61491/CASTOR_KRFE/outputs/denv/rep40/run.log)
2026-09-17T07:14:58,mkpx,55,success,5034.14,0.9912735712566972,5,1,
2026-09-17T07:20:10,sars,67,success,4112.6,0.9952937512256452,7,6,
2026-09-17T07:28:28,denv,41,success,1967.31,0.9944444124501369,4,2,
2026-09-17T08:01:53,denv,42,success,2002.02,0.9960304521569014,4,2,
2026-09-17T08:02:18,denv,43,failure,0,,,,RuntimeError: run_analysis.py exited with code 1 (see /home/a61491/CASTOR_KRFE/outputs/denv/rep43/run.log)
2026-09-17T08:29:10,sars,68,success,4108.03,0.9976467331118494,8,6,
2026-09-17T08:37:41,denv,44,success,2119.59,0.9952380952380953,5,2,
2026-09-17T08:38:02,denv,45,failure,0,,,,RuntimeError: run_analysis.py exited with code 1 (see /home/a61491/CASTOR_KRFE/outputs/denv/rep45/run.log)
2026-09-17T08:40:20,mkpx,56,success,5117.12,0.9956369152000586,5,1,
2026-09-17T09:12:53,denv,46,success,2087.93,0.9968240929903744,6,2,
2026-09-17T09:39:22,sars,69,success,4179.14,0.9964704661060935,7,7,
2026-09-17T09:46:12,denv,47,success,1995.11,0.9952330261590788,4,2,
2026-09-17T09:47:08,denv,48,failure,0,,,,RuntimeError: run_analysis.py exited with code 1 (see /home/a61491/CASTOR_KRFE/outputs/denv/rep48/run.log)
2026-09-17T09:47:30,denv,49,failure,0,,,,RuntimeError: run_analysis.py exited with code 1 (see /home/a61491/CASTOR_KRFE/outputs/denv/rep49/run.log)
2026-09-17T09:47:52,denv,50,failure,0,,,,RuntimeError: run_analysis.py exited with code 1 (see /home/a61491/CASTOR_KRFE/outputs/denv/rep50/run.log)
2026-09-17T09:48:14,denv,51,failure,0,,,,RuntimeError: run_analysis.py exited with code 1 (see /home/a61491/CASTOR_KRFE/outputs/denv/rep51/run.log)
2026-09-17T09:48:35,denv,52,failure,0,,,,RuntimeError: run_analysis.py exited with code 1 (see /home/a61491/CASTOR_KRFE/outputs/denv/rep52/run.log)
2026-09-17T09:49:19,denv,53,failure,0,,,,RuntimeError: run_analysis.py exited with code 1 (see /home/a61491/CASTOR_KRFE/outputs/denv/rep53/run.log)
2026-09-17T10:05:32,mkpx,57,success,5103.93,1.0,6,1,
2026-09-17T10:23:29,denv,54,success,2046.92,0.9960304582513742,4,2,
2026-09-17T10:23:51,denv,55,failure,0,,,,RuntimeError: run_analysis.py exited with code 1 (see /home/a61491/CASTOR_KRFE/outputs/denv/rep55/run.log)
2026-09-17T10:49:59,sars,70,success,4205.28,0.9976537773496629,10,5,
2026-09-17T10:58:46,denv,56,success,2092.25,0.9912788589361144,6,2,
2026-09-17T10:59:08,denv,57,failure,0,,,,RuntimeError: run_analysis.py exited with code 1 (see /home/a61491/CASTOR_KRFE/outputs/denv/rep57/run.log)
2026-09-17T10:59:30,denv,58,failure,0,,,,RuntimeError: run_analysis.py exited with code 1 (see /home/a61491/CASTOR_KRFE/outputs/denv/rep58/run.log)
2026-09-17T11:00:17,denv,59,failure,0,,,,RuntimeError: run_analysis.py exited with code 1 (see /home/a61491/CASTOR_KRFE/outputs/denv/rep59/run.log)
2026-09-17T11:30:51,mkpx,58,success,5112.16,0.9921461124627351,5,1,
2026-09-17T11:34:29,denv,60,success,2049.35,0.9968253968253968,5,2,
2026-09-17T11:34:52,denv,61,failure,0,,,,RuntimeError: run_analysis.py exited with code 1 (see /home/a61491/CASTOR_KRFE/outputs/denv/rep61/run.log)
2026-09-17T12:00:09,sars,71,success,4171.39,0.9964705475255606,8,6,
2026-09-17T12:09:12,denv,62,success,2056.81,0.9928561904996026,8,3,
2026-09-17T12:09:56,denv,63,failure,0,,,,RuntimeError: run_analysis.py exited with code 1 (see /home/a61491/CASTOR_KRFE/outputs/denv/rep63/run.log)
2026-09-17T12:10:17,denv,64,failure,0,,,,RuntimeError: run_analysis.py exited with code 1 (see /home/a61491/CASTOR_KRFE/outputs/denv/rep64/run.log)
2026-09-17T12:10:39,denv,65,failure,0,,,,RuntimeError: run_analysis.py exited with code 1 (see /home/a61491/CASTOR_KRFE/outputs/denv/rep65/run.log)
2026-09-17T12:45:35,denv,66,success,2092.65,0.997620303386128,5,3,
2026-09-17T12:45:57,denv,67,failure,0,,,,RuntimeError: run_analysis.py exited with code 1 (see /home/a61491/CASTOR_KRFE/outputs/denv/rep67/run.log)
2026-09-17T12:55:17,mkpx,59,success,5059.68,0.9921461124627351,5,1,
2026-09-17T13:10:03,sars,72,success,4160.99,0.996470506815827,7,5,
2026-09-17T13:20:28,denv,68,success,2068.36,0.9960291381890243,5,3,
2026-09-17T13:20:51,denv,69,failure,0,,,,RuntimeError: run_analysis.py exited with code 1 (see /home/a61491/CASTOR_KRFE/outputs/denv/rep69/run.log)
2026-09-17T13:21:12,denv,70,failure,0,,,,RuntimeError: run_analysis.py exited with code 1 (see /home/a61491/CASTOR_KRFE/outputs/denv/rep70/run.log)
2026-09-17T13:21:40,denv,71,failure,0,,,,RuntimeError: run_analysis.py exited with code 1 (see /home/a61491/CASTOR_KRFE/outputs/denv/rep71/run.log)
2026-09-17T13:22:03,denv,72,failure,0,,,,RuntimeError: run_analysis.py exited with code 1 (see /home/a61491/CASTOR_KRFE/outputs/denv/rep72/run.log)
2026-09-17T13:56:28,denv,73,success,2061.63,0.9968253648310893,5,3,
2026-09-17T13:56:50,denv,74,failure,0,,,,RuntimeError: run_analysis.py exited with code 1 (see /home/a61491/CASTOR_KRFE/outputs/denv/rep74/run.log)
2026-09-17T14:19:14,mkpx,60,success,5030.5,0.9921463038361582,5,1,
2026-09-17T14:20:38,sars,73,success,4202.79,0.9964704661060936,9,6,
2026-09-17T14:29:49,denv,75,success,1976.49,0.9912583051769881,9,3,
2026-09-17T15:04:43,denv,76,success,2090.69,0.9928413246506107,9,2,
2026-09-17T15:29:56,sars,74,success,4125.21,0.9941019893527598,7,6,
2026-09-17T15:40:02,denv,77,success,2113.7,0.9952355697065308,5,3,
2026-09-17T15:40:25,denv,78,failure,0,,,,RuntimeError: run_analysis.py exited with code 1 (see /home/a61491/CASTOR_KRFE/outputs/denv/rep78/run.log)
2026-09-17T15:40:48,denv,79,failure,0,,,,RuntimeError: run_analysis.py exited with code 1 (see /home/a61491/CASTOR_KRFE/outputs/denv/rep79/run.log)
2026-09-17T15:41:10,denv,80,failure,0,,,,RuntimeError: run_analysis.py exited with code 1 (see /home/a61491/CASTOR_KRFE/outputs/denv/rep80/run.log)
2026-09-17T15:46:01,mkpx,61,success,5201.66,1.0,6,1,
2026-09-17T16:17:22,denv,81,success,2169.42,0.9968253848085175,5,3,
2026-09-17T16:17:44,denv,82,failure,0,,,,RuntimeError: run_analysis.py exited with code 1 (see /home/a61491/CASTOR_KRFE/outputs/denv/rep82/run.log)
2026-09-17T16:18:06,denv,83,failure,0,,,,RuntimeError: run_analysis.py exited with code 1 (see /home/a61491/CASTOR_KRFE/outputs/denv/rep83/run.log)
2026-09-17T16:18:28,denv,84,failure,0,,,,RuntimeError: run_analysis.py exited with code 1 (see /home/a61491/CASTOR_KRFE/outputs/denv/rep84/run.log)
2026-09-17T16:42:11,sars,75,success,4303.39,0.9976469774040624,9,6,
2026-09-17T16:52:22,denv,85,success,2031.25,0.9968228572582193,6,2,
2026-09-17T16:53:07,denv,86,failure,0,,,,RuntimeError: run_analysis.py exited with code 1 (see /home/a61491/CASTOR_KRFE/outputs/denv/rep86/run.log)
2026-09-17T17:12:14,mkpx,62,success,5164.72,0.9965095560801036,6,1,
2026-09-17T17:29:46,denv,87,success,2195.73,0.9968253648310893,8,3,
2026-09-17T17:30:08,denv,88,failure,0,,,,RuntimeError: run_analysis.py exited with code 1 (see /home/a61491/CASTOR_KRFE/outputs/denv/rep88/run.log)
2026-09-17T17:52:56,sars,76,success,4212.57,0.9976469774040624,9,6,
2026-09-17T18:05:43,denv,89,success,2131.77,0.9944481518890363,7,2,
2026-09-17T18:38:53,mkpx,63,success,5193.68,0.9991273989865341,5,1,
2026-09-17T18:41:41,denv,90,success,2154.15,0.9968228412035683,4,2,
2026-09-17T18:42:04,denv,91,failure,0,,,,RuntimeError: run_analysis.py exited with code 1 (see /home/a61491/CASTOR_KRFE/outputs/denv/rep91/run.log)
2026-09-17T18:42:25,denv,92,failure,0,,,,RuntimeError: run_analysis.py exited with code 1 (see /home/a61491/CASTOR_KRFE/outputs/denv/rep92/run.log)
2026-09-17T18:42:47,denv,93,failure,0,,,,RuntimeError: run_analysis.py exited with code 1 (see /home/a61491/CASTOR_KRFE/outputs/denv/rep93/run.log)
2026-09-17T18:43:31,denv,94,failure,0,,,,RuntimeError: run_analysis.py exited with code 1 (see /home/a61491/CASTOR_KRFE/outputs/denv/rep94/run.log)
2026-09-17T19:03:00,sars,77,success,4171.58,0.9905742718555292,7,7,
2026-09-17T19:19:09,denv,95,success,2134.97,0.9968253529090699,6,2,
2026-09-17T19:52:19,denv,96,success,1986.28,0.9984126964130693,9,3,
2026-09-17T20:03:04,mkpx,64,success,5042.47,0.9973821810132741,5,1,
2026-09-17T20:13:20,sars,78,success,4177.84,0.9964704661060936,7,6,
2026-09-17T20:26:23,denv,97,success,2041.2,0.9944406031558382,6,2,
2026-09-17T20:26:45,denv,98,failure,0,,,,RuntimeError: run_analysis.py exited with code 1 (see /home/a61491/CASTOR_KRFE/outputs/denv/rep98/run.log)
2026-09-17T20:27:07,denv,99,failure,0,,,,RuntimeError: run_analysis.py exited with code 1 (see /home/a61491/CASTOR_KRFE/outputs/denv/rep99/run.log)
2026-09-17T20:27:28,denv,100,failure,0,,,,RuntimeError: run_analysis.py exited with code 1 (see /home/a61491/CASTOR_KRFE/outputs/denv/rep100/run.log)
2026-09-17T21:20:39,sars,79,success,4006.27,1.0,8,6,
2026-09-17T21:25:15,mkpx,65,success,4924.78,1.0,6,1,
2026-09-17T22:28:57,sars,80,success,4065.08,0.997647018113796,10,5,
2026-09-17T22:47:32,mkpx,66,success,4929.71,1.0,6,1,
2026-09-17T23:38:13,sars,81,success,4121.41,0.9988234887020313,10,5,
2026-09-18T00:10:51,mkpx,67,success,4993.94,0.991273332033725,5,1,
2026-09-18T00:46:07,sars,82,success,4040.71,0.996470506815827,7,6,
2026-09-18T01:32:46,mkpx,68,success,4908.78,0.9973821810132741,5,1,
2026-09-18T01:53:26,sars,83,success,4001.58,0.9905661588325264,6,6,
2026-09-18T02:55:00,mkpx,69,success,4929.43,1.0,6,1,
2026-09-18T03:00:57,sars,84,success,4015.8,0.9988234887020311,7,6,
2026-09-18T04:07:12,sars,85,success,3941.86,0.9905658576418135,7,6,
2026-09-18T04:16:51,mkpx,70,success,4904.73,1.0,6,1,
2026-09-18T05:14:32,sars,86,success,4005.87,0.9952938340990313,7,6,
2026-09-18T05:39:04,mkpx,71,success,4928.08,0.991273332033725,5,1,
2026-09-18T06:20:42,sars,87,success,3936.38,0.9905807417953166,5,7,
2026-09-18T07:02:17,mkpx,72,success,4985.23,0.9973821810132741,6,1,
2026-09-18T07:29:51,sars,88,success,4115.61,0.9917262173650977,7,5,
2026-09-18T08:23:46,mkpx,73,success,4882.07,1.0,6,1,
2026-09-18T08:37:03,sars,89,success,3994.55,0.9988234887020311,8,7,
2026-09-18T09:43:40,sars,90,success,3963.55,1.0,8,6,
2026-09-18T09:45:32,mkpx,74,success,4898.94,1.0,6,1,
2026-09-18T10:50:53,sars,91,success,3998.38,0.9917778972222998,5,7,
2026-09-18T11:07:57,mkpx,75,success,4938.98,1.0,6,1,
2026-09-18T11:58:58,sars,92,success,4052.0,1.0,8,7,
2026-09-18T12:31:33,mkpx,76,success,5008.84,1.0,6,1,
2026-09-18T13:07:07,sars,93,success,4054.87,0.9905807432154237,6,7,
2026-09-18T13:54:42,mkpx,77,success,4982.91,1.0,6,1,
2026-09-18T14:15:50,sars,94,success,4090.67,0.9917500081470185,5,5,
2026-09-18T15:17:40,mkpx,78,success,4973.05,0.9991273989865341,5,1,
2026-09-18T15:22:13,sars,95,success,3950.92,0.9905947881072911,5,6,
2026-09-18T16:29:37,sars,96,success,4008.9,0.997647018113796,10,6,
2026-09-18T16:42:33,mkpx,79,success,5087.43,0.9947642543859649,5,1,
2026-09-18T17:40:05,sars,97,success,4192.18,0.9952939548081249,8,6,
2026-09-18T18:04:01,mkpx,80,success,4880.7,0.9930190058479532,5,1,
2026-09-18T18:49:17,sars,98,success,4117.64,0.9988234887020313,8,6,
2026-09-18T19:27:07,mkpx,81,success,4981.03,1.0,6,1,
2026-09-18T19:59:12,sars,99,success,4161.39,0.9964772660516941,9,5,
2026-09-18T20:49:33,mkpx,82,success,4938.43,1.0,6,1,
2026-09-18T21:06:39,sars,100,success,4014.49,0.9952937105159119,7,7,
2026-09-18T22:10:09,mkpx,83,success,4828.72,1.0,6,1,
2026-09-18T23:30:52,mkpx,84,success,4837.51,1.0,6,1,
2026-09-19T00:52:07,mkpx,85,success,4867.58,1.0,6,1,
2026-09-19T02:13:59,mkpx,86,success,4906.71,0.992146447360105,5,1,
2026-09-19T03:35:33,mkpx,87,success,4886.34,1.0,6,1,
2026-09-19T04:56:04,mkpx,88,success,4825.36,0.9991273989865341,5,1,
2026-09-19T06:16:44,mkpx,89,success,4834.64,0.9921461124627351,5,1,
2026-09-19T07:37:44,mkpx,90,success,4854.85,0.9938915696503453,5,1,
2026-09-19T08:59:01,mkpx,91,success,4871.26,1.0,6,1,
2026-09-19T10:18:52,mkpx,92,success,4783.44,0.9930191121602071,5,1,
2026-09-19T11:39:00,mkpx,93,success,4802.78,1.0,6,1,
2026-09-19T13:00:53,mkpx,94,success,4907.73,1.0,6,1,
2026-09-19T14:23:39,mkpx,95,success,4960.29,0.991273332033725,5,1,
2026-09-19T15:44:48,mkpx,96,success,4861.47,0.9973821810132741,6,1,
2026-09-19T17:05:57,mkpx,97,success,4863.36,0.9930188570053577,5,1,
2026-09-19T18:25:55,mkpx,98,success,4791.99,1.0,6,1,
2026-09-19T19:47:21,mkpx,99,success,4880.97,0.995636968355457,5,1,
2026-09-19T21:10:03,mkpx,100,success,4954.34,0.9947642543859649,5,1,
