window,threshold,kmer,n,f1_score_mean,precision_mean,recall_mean,coverage_mean,kmerset_mean,final_len_mean,windows_mean,extract_time_mean,fit_time_mean,train_time_mean,classify_time_mean,f1_score_std,precision_std,recall_std,coverage_std,kmerset_std,final_len_std,windows_std,extract_time_std,fit_time_std,train_time_std,classify_time_std,coverage_min,eligible
0.002,0.6,5,100,0.994006,0.990679,0.99751,1.0,577.76,10684.62,1.0,0.678332,1.968333,2.646664,3.786028,0.002119,0.003798,0.00143,0.0,56.442179,2.140424,0.0,0.115805,1.501712,1.591846,0.894654,1.0,True
0.0025,0.55,5,100,0.993931,0.990591,0.997439,1.0,577.76,10695.1,1.0,0.670224,1.90699,2.577214,3.80787,0.002244,0.00392,0.001472,0.0,56.442179,4.448357,0.0,0.097851,1.608973,1.680068,0.789959,1.0,True
0.003,0.8,5,100,0.993881,0.990652,0.997306,1.0,577.76,10672.79,1.0,0.728467,2.53042,3.258887,3.950952,0.002058,0.003984,0.001368,0.0,56.442179,7.574939,0.0,0.158738,2.471302,2.578012,0.840174,1.0,True
0.002,0.8,5,100,0.993862,0.990464,0.997428,1.0,577.76,10662.61,1.0,0.683129,1.978034,2.661163,3.842037,0.001961,0.003444,0.001412,0.0,56.442179,7.689551,0.0,0.129292,1.665764,1.762969,0.998355,1.0,True
0.002,0.75,5,100,0.993846,0.990539,0.997329,1.0,577.76,10673.59,1.0,0.680872,2.036444,2.717316,3.801017,0.001737,0.00336,0.001458,0.0,56.442179,3.499192,0.0,0.121598,1.558031,1.659892,0.758183,1.0,True
0.002,0.65,5,100,0.993825,0.990498,0.997339,1.0,577.76,10683.57,1.0,0.669232,1.955855,2.625087,3.765682,0.002057,0.003683,0.001433,0.0,56.442179,0.987344,0.0,0.094554,1.679292,1.753654,0.807655,1.0,True
0.003,0.5,5,100,0.99381,0.990446,0.997358,1.0,577.76,10705.19,1.0,0.712728,2.323519,3.036246,3.87782,0.002056,0.003922,0.001503,0.0,56.442179,1.580787,0.0,0.125782,1.743282,1.849442,0.898863,1.0,True
0.003,0.6,5,100,0.9938,0.990531,0.997254,1.0,577.76,10694.68,1.0,0.734436,2.502474,3.236909,4.003632,0.001934,0.0037,0.001512,0.0,56.442179,2.201377,0.0,0.177355,2.276939,2.411203,0.977261,1.0,True
0.003,0.65,5,100,0.993799,0.990409,0.997372,1.0,577.76,10693.58,1.0,0.728527,2.54124,3.269766,4.034558,0.002168,0.003998,0.001412,0.0,56.442179,0.944736,0.0,0.181889,2.147406,2.291917,0.9864,1.0,True
0.0025,0.6,5,100,0.993786,0.99041,0.997352,1.0,577.76,10689.68,1.0,0.691878,2.020482,2.71236,3.835374,0.002077,0.00398,0.001411,0.0,56.442179,2.201377,0.0,0.122266,1.712641,1.808481,0.850935,1.0,True
0.002,0.5,5,100,0.993785,0.990319,0.997443,1.0,577.76,10695.18,1.0,1.981077,8.64352,10.624597,7.434748,0.001903,0.003526,0.00151,0.0,56.442179,1.585158,0.0,0.890416,3.396647,4.184682,4.844919,1.0,True
0.0025,0.65,5,100,0.993777,0.990413,0.997305,1.0,577.76,10688.58,1.0,0.688955,1.948197,2.637152,3.709081,0.002138,0.00404,0.001504,0.0,56.442179,0.944736,0.0,0.133982,1.198714,1.309738,0.593967,1.0,True
0.002,0.55,5,100,0.993766,0.990268,0.997444,1.0,577.76,10690.05,1.0,0.724041,1.94714,2.671181,3.77168,0.001739,0.003288,0.00128,0.0,56.442179,4.420739,0.0,0.263072,1.389501,1.51805,0.703643,1.0,True
0.0025,0.75,6,100,0.993761,0.989953,0.997793,1.0,1516.54,10679.14,1.0,0.997951,3.749482,4.747433,4.324334,0.001986,0.003898,0.001279,0.0,115.158514,3.458323,0.0,0.234238,3.418197,3.564292,1.990453,1.0,True
0.003,0.7,5,100,0.993748,0.990388,0.997292,1.0,577.76,10691.54,1.0,0.721193,2.655984,3.377177,4.021902,0.001934,0.003738,0.001377,0.0,56.442179,2.630128,0.0,0.154493,2.578059,2.684959,1.012048,1.0,True
0.003,0.75,5,100,0.993713,0.990292,0.997331,1.0,577.76,10683.76,1.0,0.739678,2.637145,3.376823,3.941598,0.002022,0.003906,0.001509,0.0,56.442179,3.37585,0.0,0.170282,2.665344,2.776442,0.949087,1.0,True
0.0025,0.7,5,100,0.993659,0.99021,0.997319,1.0,577.76,10686.54,1.0,0.681578,2.004322,2.6859,3.88716,0.002379,0.004424,0.001529,0.0,56.442179,2.630128,0.0,0.1156,1.36601,1.46597,0.976163,1.0,True
0.003,0.55,5,100,0.993579,0.989879,0.99748,1.0,577.76,10700.1,1.0,0.725034,2.389784,3.114818,3.942178,0.002114,0.003733,0.001444,0.0,56.442179,4.448357,0.0,0.152306,2.083682,2.191328,0.982225,1.0,True
0.003,0.6,6,100,0.993559,0.989787,0.99758,1.0,1516.54,10695.14,1.0,1.069575,4.544519,5.614094,4.294762,0.002433,0.00453,0.001337,0.0,115.158514,1.820312,0.0,0.248974,4.35793,4.51381,1.247342,1.0,True
0.0025,0.5,6,100,0.993559,0.989783,0.997571,1.0,1516.54,10700.51,1.0,0.997065,3.570479,4.567544,4.063073,0.002376,0.004492,0.001357,0.0,115.158514,1.795027,0.0,0.21645,3.929288,4.032149,0.97822,1.0,True
0.002,0.65,6,100,0.993547,0.989709,0.997624,1.0,1516.54,10684.04,1.0,1.004843,3.467726,4.472569,4.145187,0.002335,0.004518,0.001356,0.0,115.158514,0.723627,0.0,0.221573,3.456335,3.56587,1.129928,1.0,True
0.003,0.7,6,100,0.993528,0.989705,0.997603,1.0,1516.54,10691.75,1.0,1.025427,4.561017,5.586444,4.202299,0.00249,0.00466,0.001326,0.0,115.158514,2.471555,0.0,0.24541,4.563795,4.725403,0.901052,1.0,True
0.0025,0.75,5,100,0.993527,0.989924,0.997332,1.0,577.76,10678.76,1.0,0.693299,2.008139,2.701438,3.820538,0.002216,0.004105,0.001372,0.0,56.442179,3.37585,0.0,0.140172,1.315647,1.437429,0.767321,1.0,True
0.002,0.7,5,100,0.993524,0.989947,0.997298,1.0,577.76,10681.47,1.0,0.679796,2.092246,2.772042,3.779404,0.002212,0.003787,0.001645,0.0,56.442179,2.705979,0.0,0.124721,1.93585,2.030587,0.766432,1.0,True
0.003,0.55,7,100,0.993516,0.989517,0.997791,1.0,1552.54,10703.5,1.02,0.856147,4.525339,5.381485,4.17223,0.00236,0.004537,0.001204,0.0,301.699008,2.227015,0.140705,0.231577,3.951727,4.09871,0.964983,1.0,True
0.002,0.7,6,100,0.993515,0.989519,0.997767,1.0,1516.54,10681.75,1.0,0.977129,3.684213,4.661342,4.314135,0.002271,0.004187,0.001306,0.0,115.158514,2.471555,0.0,0.209749,4.057591,4.150372,1.771784,1.0,True
0.0025,0.8,6,100,0.993502,0.9896,0.997647,1.0,1516.54,10667.73,1.0,1.056947,4.233899,5.290846,4.15699,0.002402,0.004595,0.001315,0.0,115.158514,7.697376,0.0,0.262589,4.156687,4.292883,0.922174,1.0,True
0.0025,0.8,5,100,0.99348,0.989897,0.997297,1.0,577.76,10667.79,1.0,0.704137,2.40251,3.106647,3.967093,0.002379,0.004435,0.001507,0.0,56.442179,7.574939,0.0,0.13442,2.196032,2.303306,1.016909,1.0,True
0.002,0.55,6,100,0.99348,0.989709,0.997469,1.0,1516.54,10690.21,1.0,0.991595,3.395767,4.387362,4.526734,0.002151,0.004044,0.001341,0.0,115.158514,4.262344,0.0,0.207187,3.098273,3.180469,2.749608,1.0,True
0.003,0.55,6,100,0.993475,0.989761,0.99742,1.0,1516.54,10700.22,1.0,1.053185,4.368328,5.421513,4.244749,0.002241,0.004289,0.001481,0.0,115.158514,4.267756,0.0,0.220733,3.916764,4.045267,1.035519,1.0,True
0.003,0.75,7,100,0.993462,0.989371,0.997841,1.0,1552.54,10684.92,1.08,0.8346,4.857965,5.692565,4.172277,0.002152,0.004338,0.001208,0.0,301.699008,16.442542,0.464497,0.183956,5.622137,5.706126,1.262182,1.0,True
0.002,0.7,7,100,0.993456,0.989323,0.997874,1.0,1552.54,10673.36,1.36,0.806554,4.176417,4.982971,4.156442,0.002345,0.00453,0.001198,0.0,301.699008,50.799372,1.795167,0.176955,4.604855,4.699865,1.041331,1.0,True
0.002,0.6,7,100,0.993443,0.989321,0.997834,1.0,1552.54,10687.18,1.15,0.776116,3.539798,4.315914,4.714396,0.001952,0.003938,0.001167,0.0,301.699008,26.441619,0.757121,0.141342,2.797689,2.894086,6.610941,1.0,True
0.0025,0.8,7,100,0.993419,0.989418,0.997691,1.0,1552.54,10653.33,1.34,0.800636,4.669546,5.470182,4.145827,0.002163,0.004252,0.001356,0.0,301.699008,63.35471,1.422901,0.177122,4.68919,4.795776,0.976534,1.0,True
0.002,0.75,7,100,0.993405,0.989344,0.997771,1.0,1552.54,10658.85,1.78,0.796893,4.026669,4.823561,4.144725,0.002578,0.004944,0.001299,0.0,301.699008,82.907198,3.099625,0.20264,5.324687,5.430027,1.204724,1.0,True
0.0025,0.65,7,100,0.9934,0.989242,0.997837,1.0,1552.54,10691.71,1.1,0.806726,3.350959,4.157686,3.907904,0.002415,0.00452,0.001351,0.0,301.699008,15.847949,0.502519,0.139481,2.349363,2.415889,0.604805,1.0,True
0.0025,0.5,5,100,0.993395,0.989839,0.997149,1.0,577.76,10700.19,1.0,0.685851,2.049585,2.735436,3.762749,0.002196,0.00405,0.001522,0.0,56.442179,1.580787,0.0,0.125275,1.8224,1.917849,0.784561,1.0,True
0.002,0.8,6,100,0.993382,0.989468,0.997532,1.0,1516.54,10662.72,1.0,1.023056,3.507355,4.530411,4.027013,0.002355,0.004394,0.001435,0.0,115.158514,7.683223,0.0,0.216319,3.971305,4.083648,0.81431,1.0,True
0.003,0.75,6,100,0.993366,0.989406,0.997578,1.0,1516.54,10684.14,1.0,1.017164,4.479052,5.496216,4.111551,0.002507,0.004694,0.001273,0.0,115.158514,3.458323,0.0,0.206362,4.582325,4.691438,0.9442,1.0,True
0.0025,0.5,7,100,0.99334,0.989273,0.99767,1.0,1552.54,10702.96,1.04,0.784939,3.411641,4.196581,4.112068,0.002482,0.004588,0.001385,0.0,301.699008,5.568526,0.242878,0.135974,2.771313,2.859953,1.137116,1.0,True
0.002,0.6,6,100,0.993339,0.98922,0.997717,1.0,1516.54,10685.14,1.0,1.013861,3.628675,4.642536,4.416984,0.002575,0.004655,0.001397,0.0,115.158514,1.820312,0.0,0.221373,4.142037,4.20928,2.224425,1.0,True
0.002,0.5,6,100,0.993323,0.989403,0.997491,1.0,1516.54,10695.51,1.0,0.814137,4.276224,5.090362,6.659785,0.002232,0.004333,0.001415,0.0,115.158514,1.795027,0.0,0.190679,4.136845,4.295994,4.748263,1.0,True
0.002,0.55,7,100,0.993321,0.989114,0.997816,1.0,1552.54,10690.39,1.09,0.776442,3.704962,4.481404,4.29347,0.002445,0.004609,0.001195,0.0,301.699008,16.955018,0.473436,0.163002,3.12241,3.242019,1.26524,1.0,True
0.003,0.8,7,100,0.993306,0.989099,0.99782,1.0,1552.54,10667.34,1.11,0.814382,4.114229,4.928611,4.066403,0.002916,0.005409,0.001345,0.0,301.699008,26.583666,0.529818,0.195546,3.9061,4.00153,0.804846,1.0,True
0.0025,0.6,6,100,0.993285,0.98933,0.997504,1.0,1516.54,10690.14,1.0,0.992293,3.390591,4.382885,4.076759,0.002179,0.004244,0.00147,0.0,115.158514,1.820312,0.0,0.216466,3.450839,3.554467,1.276937,1.0,True
0.0025,0.55,6,100,0.993261,0.989113,0.997712,1.0,1516.54,10695.22,1.0,1.014123,3.472386,4.486509,4.038147,0.002763,0.005062,0.001392,0.0,115.158514,4.267756,0.0,0.202579,2.918788,3.01102,0.722748,1.0,True
0.0025,0.65,6,100,0.993238,0.989298,0.997421,1.0,1516.54,10689.04,1.0,1.01018,3.162309,4.17249,3.956087,0.002407,0.004434,0.001484,0.0,115.158514,0.723627,0.0,0.212109,2.314443,2.456138,0.614448,1.0,True
0.003,0.5,7,100,0.993236,0.989134,0.997644,1.0,1552.54,10708.56,1.0,0.817144,4.577803,5.394947,4.194336,0.003019,0.005535,0.001289,0.0,301.699008,4.555649,0.0,0.185745,3.941088,4.080322,1.038304,1.0,True
0.003,0.8,6,100,0.993233,0.98913,0.997602,1.0,1516.54,10672.73,1.0,0.995396,4.079287,5.074683,4.098845,0.002311,0.004326,0.001261,0.0,115.158514,7.697376,0.0,0.210767,3.842868,3.953678,0.836122,1.0,True
0.003,0.5,6,100,0.993226,0.989012,0.997718,1.0,1516.54,10705.51,1.0,1.083231,4.303494,5.386725,4.252116,0.002803,0.005064,0.001321,0.0,115.158514,1.795027,0.0,0.257236,4.03967,4.190002,0.964749,1.0,True
0.0025,0.75,7,100,0.993221,0.988957,0.997775,1.0,1552.54,10674.62,1.24,0.823792,4.083267,4.907059,4.140645,0.002312,0.004335,0.001273,0.0,301.699008,39.923862,1.173099,0.226555,3.872662,3.999541,1.168018,1.0,True
0.0025,0.55,7,100,0.993211,0.989071,0.997631,1.0,1552.54,10697.31,1.07,0.796725,3.595741,4.392466,3.983368,0.002471,0.004622,0.00128,0.0,301.699008,7.117619,0.382839,0.182324,3.110614,3.224334,1.102615,1.0,True
0.003,0.65,6,100,0.993196,0.988989,0.997694,1.0,1516.54,10694.04,1.0,1.081083,4.730248,5.811331,4.217263,0.002618,0.004902,0.001166,0.0,115.158514,0.723627,0.0,0.266165,4.567502,4.752969,0.936195,1.0,True
0.003,0.6,7,100,0.993192,0.989008,0.997661,1.0,1552.54,10701.98,1.04,0.84006,4.534132,5.374192,4.273612,0.002359,0.004428,0.001327,0.0,301.699008,2.416191,0.315268,0.196546,4.259837,4.382842,1.180931,1.0,True
0.003,0.65,7,100,0.993163,0.989022,0.997585,1.0,1552.54,10698.72,1.04,0.865087,5.182634,6.047722,4.380815,0.002825,0.005093,0.001309,0.0,301.699008,7.174703,0.242878,0.290725,5.504944,5.590617,1.355234,1.0,True
0.003,0.7,7,100,0.99313,0.9887,0.997879,1.0,1552.54,10692.46,1.07,0.844418,4.765581,5.609999,4.258757,0.002497,0.00478,0.001205,0.0,301.699008,10.3966,0.382839,0.234492,4.462595,4.583365,1.162866,1.0,True
0.0025,0.6,7,100,0.993094,0.988844,0.997642,1.0,1552.54,10695.3,1.09,0.786494,3.790328,4.576822,4.007247,0.002648,0.004946,0.001413,0.0,301.699008,10.159834,0.51434,0.14827,3.467026,3.539047,0.773581,1.0,True
0.002,0.8,7,100,0.993093,0.988806,0.997704,1.0,1552.54,10630.09,2.17,0.783374,4.246707,5.030081,3.994085,0.002895,0.005338,0.001313,0.0,301.699008,130.387232,4.537287,0.166843,5.955311,6.050908,1.053228,1.0,True
0.002,0.5,7,100,0.993086,0.988745,0.997713,1.0,1552.54,10696.88,1.07,0.778302,3.79301,4.571312,5.126043,0.002262,0.004259,0.001277,0.0,301.699008,9.39727,0.382839,0.150223,3.263832,3.35236,4.528051,1.0,True
0.0025,0.7,6,100,0.992963,0.988802,0.997411,1.0,1516.54,10686.75,1.0,0.991586,3.616155,4.607741,4.135703,0.002764,0.005144,0.001376,0.0,115.158514,2.471555,0.0,0.219775,2.881969,3.027825,0.929267,1.0,True
0.002,0.75,6,100,0.992958,0.988678,0.997512,1.0,1516.54,10674.14,1.0,1.01205,3.509621,4.521671,4.132254,0.002455,0.004462,0.001398,0.0,115.158514,3.458323,0.0,0.232811,3.294738,3.448882,0.889361,1.0,True
0.0025,0.7,7,100,0.992914,0.988439,0.997708,1.0,1552.54,10684.54,1.16,0.827612,3.816638,4.64425,4.12729,0.002622,0.00478,0.00124,0.0,301.699008,22.239023,0.748331,0.206257,3.06146,3.182945,1.005373,1.0,True
0.003,0.5,8,100,0.992775,0.988103,0.997834,1.0,765.64,10609.69,4.45,0.744168,2.91915,3.663318,3.976899,0.003242,0.00593,0.00125,0.0,213.96684,372.985192,10.790358,0.177655,2.215574,2.301883,0.96359,1.0,True
0.002,0.65,7,100,0.992738,0.988228,0.997588,1.0,1552.54,10681.86,1.33,0.775756,3.875718,4.651474,4.131483,0.003116,0.005608,0.001436,0.0,301.699008,36.41734,1.537774,0.157454,4.280379,4.379596,1.068705,1.0,True
0.003,0.55,8,100,0.992593,0.988006,0.99756,1.0,765.64,10550.73,5.85,0.764191,3.197732,3.961923,4.080108,0.003148,0.005864,0.001593,0.0,213.96684,495.055611,12.161684,0.207471,2.664822,2.782106,1.198332,1.0,True
0.003,0.6,8,100,0.992455,0.987674,0.997647,1.0,765.64,10501.7,7.09,0.774684,3.276127,4.050812,3.97679,0.003422,0.006243,0.001512,0.0,213.96684,608.68166,13.512504,0.209216,3.193653,3.293703,1.069763,1.0,True
0.003,0.65,8,100,0.99176,0.986842,0.997331,1.0,765.64,10415.91,8.37,0.754505,3.507057,4.261562,3.966879,0.007332,0.010734,0.002465,0.0,213.96684,703.444356,13.829156,0.224097,3.652514,3.781272,0.996017,1.0,True
0.0025,0.6,8,100,0.989109,0.984936,0.99552,1.0,765.64,10236.77,11.89,0.687859,2.582432,3.27029,3.645904,0.025576,0.02237,0.013029,0.0,213.96684,979.889654,14.422832,0.169791,1.88036,1.98006,0.763978,1.0,True
0.0025,0.55,8,100,0.988892,0.986051,0.995301,1.0,765.64,10354.94,9.97,0.708638,2.649055,3.357693,3.668776,0.03609,0.01873,0.023975,0.0,213.96684,839.180791,13.732991,0.164807,2.811859,2.876633,0.686255,1.0,True
0.002,0.5,8,100,0.988629,0.984252,0.994719,1.0,765.64,10206.58,13.64,0.674323,2.620785,3.295108,3.752355,0.019402,0.015068,0.018129,0.0,213.96684,1013.913143,16.527614,0.146953,1.795386,1.865386,1.06415,1.0,True
0.003,0.7,8,100,0.984084,0.982067,0.992967,1.0,765.64,10284.74,10.26,0.724464,3.350468,4.074932,3.99575,0.052808,0.031805,0.030828,0.0,213.96684,846.344792,14.163989,0.190009,3.311316,3.408761,0.998399,1.0,True
0.0025,0.5,8,100,0.983785,0.981781,0.992992,1.0,765.64,10465.62,8.03,0.739483,2.643687,3.383169,3.681639,0.056818,0.037028,0.03106,0.0,213.96684,703.345394,12.823948,0.17747,2.541628,2.594128,0.620031,1.0,True
0.0025,0.65,8,100,0.982174,0.980351,0.991911,1.0,765.64,10095.45,14.49,0.71365,2.70462,3.41827,3.703724,0.056444,0.035485,0.034268,0.0,213.96684,1128.409405,15.355383,0.182879,1.927661,2.038877,0.845659,1.0,True
0.003,0.8,8,100,0.979133,0.973127,0.990039,1.0,765.64,9909.95,15.76,0.689599,3.11481,3.80441,3.920512,0.073674,0.07833,0.042069,0.0,213.96684,1236.387458,14.020994,0.148181,2.629423,2.696048,1.326786,1.0,True
0.002,0.6,8,100,0.974173,0.970931,0.987636,1.0,765.64,9843.53,22.71,0.754401,2.7017,3.456101,3.583442,0.058462,0.043116,0.036794,0.0,213.96684,1323.258966,18.262007,0.291144,2.164856,2.268493,0.770965,1.0,True
0.0025,0.7,8,100,0.973768,0.968737,0.987611,1.0,765.64,9907.03,18.37,0.720777,2.864882,3.585659,3.605249,0.07219,0.071018,0.04113,0.0,213.96684,1321.445225,15.611867,0.180239,2.145749,2.247294,0.846324,1.0,True
0.003,0.75,8,100,0.970809,0.969019,0.984967,1.0,765.64,10138.22,12.43,0.722533,3.398649,4.121181,3.90999,0.085788,0.080253,0.047961,0.0,213.96684,1026.976877,14.827122,0.183966,3.612484,3.723723,1.036801,1.0,True
0.002,0.55,8,100,0.967183,0.97345,0.980606,1.0,765.64,10034.92,17.5,0.705592,2.778575,3.484167,3.665401,0.094507,0.048447,0.066718,0.0,213.96684,1180.453634,17.452099,0.191031,2.691881,2.814505,0.906446,1.0,True
0.0025,0.75,8,100,0.965397,0.962339,0.984973,1.0,765.64,9652.94,23.73,0.718761,3.138786,3.857547,3.697806,0.082101,0.071061,0.044822,0.0,213.96684,1448.994028,16.411289,0.201328,2.702243,2.823864,0.974314,1.0,True
0.002,0.65,8,100,0.961393,0.960105,0.979888,1.0,765.64,9595.69,29.32,0.702173,2.741711,3.443884,3.549427,0.107041,0.08997,0.064747,0.0,213.96684,1449.886124,17.511255,0.164863,2.511956,2.583283,0.868391,1.0,True
0.002,0.8,8,100,0.956028,0.950913,0.977531,0.999991,765.64,8020.04,57.63,0.689954,3.185686,3.87564,3.081434,0.085666,0.077271,0.056471,7e-05,213.96684,1819.743938,17.557211,0.17403,3.940104,4.02012,1.012805,0.999335,True
0.0025,0.8,8,100,0.954998,0.955802,0.976361,0.999998,765.64,9266.98,30.24,0.715444,3.386084,4.101528,3.631854,0.103906,0.089951,0.059029,2.2e-05,213.96684,1586.07289,16.416375,0.193102,3.381776,3.488033,1.076282,0.999778,True
0.002,0.75,8,100,0.95429,0.955724,0.9753,0.999998,765.64,8715.06,46.32,0.697027,2.825044,3.522071,3.282083,0.097921,0.073437,0.062243,2.2e-05,213.96684,1734.72741,17.425675,0.177019,2.685956,2.769039,0.822339,0.999778,True
0.002,0.7,8,100,0.946978,0.953894,0.971396,1.0,765.64,9232.16,37.05,0.684372,2.895948,3.58032,3.414763,0.110149,0.073898,0.067989,0.0,213.96684,1610.296564,17.740199,0.162895,2.784391,2.840481,0.87431,1.0,True
0.003,0.75,9,43,0.92626,0.919598,0.965542,0.997859,249.883721,3761.837209,55.093023,0.743426,1.894563,2.637989,1.963961,0.093388,0.075108,0.05747,0.010216,77.089376,1245.496362,14.10811,0.167785,2.827522,2.894973,1.069174,0.935226,True
0.003,0.5,9,43,0.92607,0.929886,0.958644,0.999928,249.883721,7845.186047,57.488372,0.82784,2.223716,3.051555,3.293957,0.164471,0.144416,0.103696,0.000215,77.089376,1514.212592,8.987749,0.207019,1.771674,1.877555,1.180001,0.998891,True
0.003,0.6,10,4,0.92435,0.9134,0.9636,0.998004,123.25,1318.5,24.5,1.373594,1.599442,2.973036,1.670949,0.060684,0.056619,0.031058,0.001526,28.523382,397.11837,6.244998,0.179494,2.406169,2.464972,1.608173,0.995785,True
0.002,0.5,10,4,0.9234,0.91755,0.9377,0.996229,123.25,518.0,12.25,1.173115,0.686289,1.859404,0.888497,0.036623,0.028527,0.044915,0.003121,28.523382,161.135554,4.112988,0.163485,0.766718,0.905236,0.458055,0.991571,True
0.003,0.55,10,4,0.91995,0.9174,0.963775,0.998614,123.25,1950.25,38.25,1.208165,1.070158,2.278324,1.265903,0.107407,0.085701,0.057528,0.000492,28.523382,497.263428,8.883505,0.101374,1.30928,1.285028,0.670691,0.998004,True
0.003,0.55,9,43,0.912544,0.930586,0.948981,0.999917,249.883721,7190.906977,65.255814,0.797124,2.412005,3.209129,3.19164,0.167653,0.09947,0.116992,0.000232,77.089376,1520.9265,9.291812,0.194018,2.233132,2.314495,1.311115,0.998891,True
0.003,0.65,9,43,0.911344,0.923926,0.954347,0.999809,249.883721,5760.511628,67.627907,0.744915,2.251152,2.996067,2.55808,0.133502,0.071999,0.087342,0.00054,77.089376,1411.370667,10.141906,0.179747,2.902261,2.988979,1.069535,0.996894,True
0.0025,0.6,9,43,0.90606,0.912581,0.948216,0.997838,249.883721,4186.883721,62.023256,0.760938,1.257262,2.0182,1.789765,0.134427,0.091566,0.085328,0.011563,77.089376,1327.733285,14.668542,0.166093,1.198318,1.295666,0.635888,0.924357,True
0.0025,0.55,9,43,0.903877,0.916188,0.947288,0.99806,249.883721,5035.534884,67.023256,0.794811,1.493185,2.287996,2.06204,0.157352,0.104384,0.100335,0.010421,77.089376,1481.059424,14.075457,0.193013,2.08726,2.216873,0.973899,0.931899,True
0.0025,0.5,9,43,0.901095,0.904212,0.946091,0.999742,249.883721,5864.883721,67.627907,0.743928,1.680696,2.424624,2.296215,0.152872,0.12546,0.098195,0.000922,77.089376,1572.052922,12.375135,0.159308,2.764827,2.8451,0.938367,0.994011,True
0.0025,0.5,10,4,0.893,0.9097,0.936675,0.998004,123.25,1029.0,18.75,1.183272,0.343262,1.526533,0.75978,0.172316,0.11607,0.115184,0.001268,28.523382,314.289675,4.645787,0.08627,0.044714,0.075678,0.091337,0.996229,True
0.0025,0.65,9,43,0.891781,0.898309,0.939809,0.997622,249.883721,3348.581395,53.302326,0.750911,1.25897,2.009881,1.636314,0.149815,0.111731,0.099555,0.012263,77.089376,1147.997309,14.112701,0.161755,1.151638,1.207242,0.691321,0.919698,True
0.0025,0.7,9,43,0.887623,0.897753,0.941526,0.996342,249.883721,2623.511628,45.139535,0.736044,1.035402,1.771446,1.422296,0.152122,0.095567,0.100725,0.015304,77.089376,972.597635,13.667099,0.147676,0.786562,0.875098,0.576894,0.918589,True
0.002,0.55,9,43,0.88706,0.889263,0.932423,0.994882,249.883721,3154.209302,61.860465,0.777222,1.309521,2.086743,1.566471,0.157438,0.135641,0.110091,0.022108,77.089376,1090.709851,17.715451,0.196808,1.776091,1.887991,0.834487,0.895519,True
0.003,0.7,9,43,0.885202,0.888405,0.936535,0.999778,249.883721,4842.767442,63.325581,0.713294,2.02745,2.740744,2.236277,0.171549,0.144868,0.120166,0.000583,77.089376,1375.658541,12.478021,0.160455,3.207207,3.309366,1.035208,0.996673,True
0.002,0.5,9,43,0.881356,0.893677,0.93337,0.999144,249.883721,4024.651163,70.162791,0.760119,1.174252,1.93437,1.718806,0.157435,0.114329,0.106025,0.00314,77.089376,1268.427258,17.0181,0.186686,0.898917,1.025415,0.631528,0.980479,True
0.003,0.8,9,43,0.869814,0.887051,0.9253,0.997178,249.883721,2500.930233,40.069767,0.73783,1.50285,2.24068,1.54013,0.171613,0.11246,0.111798,0.012875,77.089376,925.438696,12.285096,0.172497,2.380625,2.451661,0.843169,0.917702,True
0.003,0.6,9,43,0.867767,0.892042,0.923591,0.999912,249.883721,6524.930233,67.976744,0.764579,2.553943,3.318522,3.041625,0.174898,0.124439,0.118385,0.000233,77.089376,1431.908756,9.067179,0.200505,3.007414,3.113648,1.455544,0.998891,True
0.0025,0.55,10,4,0.8624,0.874925,0.889375,0.997394,123.25,749.5,14.25,1.156957,0.352077,1.509034,0.714442,0.138101,0.112488,0.128607,0.001979,28.523382,244.02254,3.40343,0.128731,0.055355,0.153549,0.044614,0.994454,True
0.002,0.6,9,43,0.861537,0.879723,0.922279,0.99464,249.883721,2469.813953,52.604651,0.74598,1.205548,1.951528,1.33451,0.161231,0.114324,0.108442,0.02302,77.089376,914.454072,16.567524,0.153894,2.311704,2.39706,0.650333,0.891304,True
0.0025,0.8,9,43,0.86057,0.878502,0.916209,0.994506,249.883721,1194.744186,25.27907,0.735881,1.010039,1.74592,1.226926,0.137262,0.093314,0.104871,0.023835,77.089376,540.962946,10.673344,0.208042,0.959809,1.051018,0.601022,0.856921,True
0.003,0.5,10,4,0.852625,0.900725,0.91805,0.998891,123.25,2618.5,44.5,1.277615,0.923789,2.201404,1.351328,0.21434,0.102785,0.137553,0.000256,28.523382,562.054861,5.972158,0.145053,0.830276,0.919592,0.462458,0.998669,True
0.0025,0.65,10,4,0.85255,0.861375,0.8973,0.995397,123.25,341.0,6.5,1.379125,0.461959,1.841083,0.92871,0.22054,0.1937,0.148419,0.002627,28.523382,144.078682,3.109126,0.303373,0.340372,0.621961,0.535724,0.991571,True
0.002,0.65,9,43,0.851435,0.860765,0.911747,0.99349,249.883721,1846.744186,42.44186,0.750425,1.416003,2.166428,1.282511,0.195546,0.153561,0.14035,0.02794,77.089376,736.684726,15.066997,0.169186,2.713207,2.794968,0.721686,0.849379,True
0.0025,0.75,10,4,0.8509,0.858525,0.901975,0.987079,123.25,160.75,2.5,1.302853,0.372958,1.675811,0.884432,0.117806,0.092175,0.077021,0.009073,28.523382,52.264551,1.0,0.227971,0.241795,0.453196,0.414428,0.978039,True
0.002,0.7,9,43,0.8417,0.849986,0.919693,0.991782,249.883721,1219.139535,30.860465,0.737348,1.109139,1.846487,1.268634,0.14412,0.095307,0.100749,0.033435,77.089376,507.603359,12.135311,0.156442,1.673467,1.73729,1.599366,0.838953,True
0.0025,0.75,9,43,0.841323,0.859914,0.9125,0.995997,249.883721,1912.162791,36.837209,0.728506,1.308387,2.036893,1.450505,0.169098,0.122807,0.114122,0.016466,77.089376,770.606407,12.616939,0.17643,1.369182,1.456818,0.695473,0.909716,True
0.003,0.65,10,4,0.8395,0.850125,0.861175,0.997394,123.25,937.25,18.0,1.182628,1.131512,2.31414,1.11315,0.228394,0.198815,0.202094,0.002301,28.523382,402.247333,7.527727,0.14665,1.55305,1.692199,0.679926,0.994011,True
0.003,0.8,10,4,0.827775,0.844675,0.8923,0.953915,123.25,216.25,3.75,1.168143,0.460363,1.628506,0.896329,0.195865,0.153838,0.108812,0.074578,28.523382,88.571534,2.061553,0.141786,0.369179,0.506734,0.504596,0.842502,True
0.002,0.75,9,43,0.826223,0.83374,0.90146,0.991137,249.883721,751.790698,19.767442,0.708674,0.911192,1.619866,0.985474,0.154645,0.117505,0.118986,0.035646,77.089376,347.111383,8.844792,0.170761,1.606533,1.717016,0.686394,0.819876,True
0.002,0.6,10,4,0.8254,0.824775,0.88815,0.991903,123.25,255.25,6.0,1.252115,1.020154,2.272268,1.181929,0.247986,0.225108,0.162288,0.009161,28.523382,84.053059,2.160247,0.145862,1.437123,1.503727,1.056399,0.978261,True
0.002,0.8,9,43,0.810747,0.831591,0.884058,0.977864,249.883721,391.325581,10.55814,0.733365,0.762697,1.496062,0.90044,0.171846,0.095975,0.160959,0.090574,77.089376,198.853706,5.439285,0.160382,1.381033,1.477624,0.53116,0.43567,True
0.002,0.55,10,4,0.809175,0.81555,0.8806,0.992513,123.25,369.5,9.0,1.235974,0.951741,2.187716,1.181829,0.2396,0.197487,0.170221,0.009511,28.523382,124.935984,2.828427,0.159997,1.327311,1.463443,0.962107,0.978261,True
0.003,0.7,10,4,0.8088,0.827025,0.890475,0.997116,123.25,606.5,12.0,1.25987,0.503134,1.763004,0.99435,0.203204,0.157813,0.134826,0.002529,28.523382,241.493271,4.760952,0.247937,0.428187,0.597706,0.636317,0.993345,True
0.003,0.75,10,4,0.808225,0.8204,0.8591,0.996284,123.25,388.5,7.0,1.324259,0.532945,1.857204,0.939864,0.206138,0.182585,0.140326,0.002357,28.523382,186.025984,4.0,0.21105,0.457932,0.662205,0.504698,0.992902,True
0.0025,0.6,10,4,0.794675,0.8392,0.844225,0.997116,123.25,524.25,11.0,1.280872,0.569905,1.850776,0.902234,0.305359,0.202896,0.231003,0.001925,28.523382,128.973835,2.708013,0.164557,0.586285,0.743423,0.44562,0.994232,True
0.002,0.75,10,4,0.78855,0.815225,0.831275,0.94055,123.25,94.0,1.5,1.236512,0.409365,1.645877,1.047646,0.163431,0.146968,0.155522,0.095027,28.523382,46.021734,1.0,0.229202,0.34561,0.566597,0.908425,0.798358,False
0.0025,0.8,10,4,0.785825,0.80435,0.83405,0.941548,123.25,97.0,1.25,1.227727,0.449309,1.677035,1.043695,0.182378,0.135039,0.150906,0.096026,28.523382,43.09679,0.5,0.185457,0.247385,0.413197,0.804288,0.797915,False
0.0025,0.7,10,4,0.783,0.8088,0.841675,0.991238,123.25,242.25,4.5,1.177346,0.265866,1.443212,0.633552,0.206511,0.179014,0.123687,0.008749,28.523382,102.219943,2.380476,0.152598,0.015217,0.164372,0.04274,0.978261,True
0.002,0.7,10,4,0.774725,0.846475,0.8345,0.974656,123.25,140.75,2.5,1.213571,0.86914,2.082712,0.877521,0.205183,0.115775,0.096823,0.037365,28.523382,55.343624,1.290994,0.21505,1.214708,1.427865,0.547198,0.918811,True
0.002,0.65,10,4,0.772875,0.8126,0.835,0.990517,123.25,169.75,3.25,1.330299,1.02541,2.355709,1.427531,0.235102,0.181332,0.175767,0.008935,28.523382,59.550399,1.707825,0.195007,1.523111,1.68974,1.494686,0.977374,True
0.002,0.8,10,4,0.769475,0.79385,0.796325,0.92175,123.25,76.5,1.0,1.282344,0.294713,1.577057,0.653674,0.172935,0.161695,0.15186,0.131213,28.523382,33.361655,0.0,0.072043,0.101693,0.107954,0.106509,0.725155,False
