rep,wndwPercent,metric,windows,kmerset,final_len,type4.fasta,type3.fasta,type1.fasta,type2.fasta,macro_f1,macro_precision,macro_recall,cm,k,extract_time,fit_time,classify_time,n_test,classify_time_per_seq
1,0.002,manhattan,19,729,10074,0.9796,0.992,0.9951,0.9974,0.991,0.9864,0.9958,[719 0 0 0; 9 2404 1 0; 8 29 4882 9; 13 0 1 4359],8,1.560866287,20.496138001,39.76738164,12434,0.00319827743606241
2,0.002,manhattan,92,291,7320,0.8429,0.9144,0.9932,0.9251,0.9189,0.8945,0.9586,[719 0 0 0; 42 2371 1 0; 3 38 4878 9; 223 363 16 3771],8,1.391777775,17.1235572,29.465454302,12434,0.0023697486168570052
3,0.002,manhattan,36,503,9398,0.943,0.991,0.9865,0.9982,0.9797,0.9682,0.9928,[719 0 0 0; 2 2411 1 0; 82 38 4799 9; 3 3 1 4366],8,2.691336322,32.482428051,60.645439357,12434,0.004877387755911212
4,0.002,manhattan,31,590,9896,0.9721,0.9947,0.9963,0.9951,0.9896,0.9839,0.9956,[697 0 0 0; 6 2348 2 0; 4 17 4608 9; 30 0 2 4203],8,2.974843486,46.20014725,64.816368135,11926,0.005434879099027336
5,0.002,manhattan,35,570,9699,0.9561,0.99,0.9944,0.9968,0.9843,0.9762,0.9934,[697 0 0 0; 26 2329 1 0; 21 20 4588 9; 17 0 1 4217],8,2.558350553,25.316916663,41.226754815,11926,0.003456880329951367
6,0.002,manhattan,34,633,9714,0.9776,0.9951,0.9956,0.9969,0.9913,0.9865,0.9963,[697 0 0 0; 5 2350 1 0; 12 17 4599 10; 15 0 1 4219],8,3.315469848,34.723404944,54.175525828,11926,0.004542640099614288
7,0.002,manhattan,78,350,7686,0.9817,0.9939,0.9872,0.9871,0.9875,0.9839,0.9913,[697 0 0 0; 9 2345 2 0; 5 17 4607 9; 12 1 86 4136],8,1.6308423,21.801544751,59.344233862,11926,0.0049760383919168205
8,0.002,manhattan,16,825,10354,0.9741,0.993,0.9956,0.9978,0.9901,0.985,0.9956,[697 0 0 0; 15 2340 1 0; 13 17 4599 9; 9 0 1 4225],8,2.74022807,46.586586751,83.802885165,11926,0.00702690635292638
9,0.002,manhattan,91,215,5846,0.9489,0.9295,0.8709,0.7403,0.8724,0.8861,0.8951,[696 1 0 0; 0 2355 1 0; 4 18 4607 9; 70 337 1334 2494],8,1.469598248,18.357595439,30.072065808,11926,0.0025215550736206608
10,0.002,manhattan,26,614,10009,0.9656,0.9906,0.9963,0.9963,0.9872,0.9834,0.9912,[687 0 0 10; 25 2329 1 1; 5 17 4606 10; 9 0 1 4225],8,2.469860067,36.428750286,83.319290485,11926,0.006986356740315277
11,0.002,manhattan,15,856,10342,0.9866,0.9956,0.9961,0.9979,0.994,0.991,0.9972,[697 0 0 0; 3 2352 1 0; 8 17 4604 9; 8 0 1 4226],8,2.918436575,46.724840977,62.593675604,11926,0.0052485054170719435
12,0.002,manhattan,47,469,9485,0.9803,0.9954,0.9941,0.9979,0.9919,0.9874,0.9966,[697 0 0 0; 0 2355 1 0; 22 20 4586 10; 6 1 1 4227],8,2.417041363,24.18647364,43.407183447,11926,0.0036397101666107664
13,0.002,manhattan,39,497,9495,0.9776,0.8188,0.9443,0.977,0.9294,0.9507,0.9224,[697 0 0 0; 19 1645 510 182; 6 17 4606 9; 7 0 1 4227],8,2.81922387,43.176502999,67.552694021,11926,0.0056643211488344785
14,0.002,manhattan,42,507,9385,0.9522,0.9956,0.996,0.9917,0.9839,0.9746,0.9942,[697 0 0 0; 2 2353 1 0; 8 18 4603 9; 60 0 1 4174],8,3.177513712,45.539573638,86.105446682,11926,0.0072199770821734024
15,0.002,manhattan,64,396,8847,0.9647,0.9939,0.9921,0.9975,0.9871,0.9798,0.995,[697 0 0 0; 5 2350 1 0; 41 19 4567 11; 5 4 1 4225],8,2.672109819,33.156348932,57.402565389,11926,0.0048132286926882446
16,0.002,manhattan,67,406,8746,0.9843,0.9899,0.9841,0.9873,0.9864,0.9847,0.9883,[688 0 0 9; 3 2353 0 0; 7 43 4495 93; 3 2 2 4228],8,1.457627863,20.109612675,41.366994443,11926,0.0034686394803790043
17,0.002,manhattan,14,836,10272,0.9349,0.9878,0.9914,0.998,0.978,0.967,0.9911,[697 0 0 0; 39 2316 1 0; 51 17 4561 9; 7 0 1 4227],8,2.438725705,45.81674352,84.615542414,11926,0.0070950479971490866
18,0.002,manhattan,83,187,4525,0.9214,0.9504,0.9767,0.9877,0.959,0.9453,0.9754,[686 1 0 10; 43 2301 1 11; 48 139 4430 21; 15 45 2 4173],8,2.759126257,22.709797093,24.472783498,11926,0.0020520529513667614
19,0.002,manhattan,28,596,9961,0.5874,0.0042,0.8626,0.9942,0.6121,0.7941,0.7465,[697 0 0 0; 919 5 1432 0; 23 0 4606 9; 37 0 3 4195],8,1.836882729,33.025757576,46.964222562,11926,0.003937969357873554
20,0.002,manhattan,15,862,10423,0.9803,0.9941,0.9961,0.9976,0.992,0.9879,0.9964,[697 0 0 0; 10 2345 1 0; 8 17 4604 9; 10 0 1 4224],8,1.960644929,42.405102232,84.223040392,11926,0.007062136541338253
21,0.002,manhattan,51,466,9176,0.9796,0.9945,0.9962,0.9965,0.9917,0.9873,0.9964,[697 0 0 0; 5 2350 1 0; 7 17 4605 9; 17 3 1 4214],8,2.369928229,27.277151277,38.441685758,11926,0.0032233511452289115
22,0.002,manhattan,57,438,9072,0.9928,0.9949,0.9961,0.9974,0.9953,0.9942,0.9965,[694 1 0 2; 0 2354 1 1; 3 19 4604 12; 4 2 1 4228],8,2.529135038,31.147715091,62.341945418,11926,0.005227397737548214
23,0.002,manhattan,67,402,8710,0.9728,0.9939,0.9956,0.9963,0.9896,0.9841,0.9956,[697 0 0 0; 10 2345 1 0; 11 17 4599 11; 18 1 1 4215],8,2.571128396,30.572861632,57.313666259,11926,0.0048057744641120245
24,0.002,manhattan,40,528,9288,0.988,0.9953,0.9949,0.9974,0.9939,0.9911,0.9968,[697 0 0 0; 2 2351 1 2; 12 17 4594 15; 3 0 2 4230],8,2.60499753,34.719447123,50.847727303,11926,0.004263602826010397
25,0.002,manhattan,31,573,9930,0.9627,0.9861,0.9958,0.9974,0.9855,0.9791,0.9926,[697 0 0 0; 40 2308 6 2; 5 17 4607 9; 9 0 2 4224],8,1.607952101,24.845017678,74.083219354,11926,0.0062119083811839676
26,0.002,manhattan,44,548,9552,0.9859,0.996,0.996,0.9967,0.9936,0.9904,0.997,[697 0 0 0; 1 2354 1 0; 5 17 4604 12; 14 0 2 4219],8,2.978463228,42.127539224,67.106431561,11926,0.0056269018582089545
27,0.002,manhattan,82,218,4944,0.9827,0.9549,0.9806,0.9907,0.9772,0.9832,0.972,[681 0 5 11; 2 2168 138 48; 4 17 4605 12; 2 0 6 4227],8,1.475314832,20.088028924,26.023731633,11926,0.0021821005897199397
28,0.002,manhattan,34,595,9695,0.2098,0.8499,0.0,0.9972,0.5142,0.5285,0.6841,[697 0 0 0; 611 1741 0 4; 4629 0 0 9; 11 0 0 4224],8,2.462055601,36.816596531,70.060507283,11926,0.005874602321230924
29,0.002,manhattan,75,216,5115,0.8822,0.9122,0.9521,0.9494,0.924,0.9194,0.9378,[689 0 0 8; 151 1990 134 81; 5 16 4605 12; 20 1 296 3918],8,2.740872127,29.101398737,46.048491624,11926,0.0038611849424786183
30,0.002,manhattan,77,151,3737,0.9785,0.9859,0.9807,0.976,0.9803,0.9807,0.9803,[683 0 0 14; 0 2309 1 46; 15 16 4464 143; 1 3 1 4230],8,2.3532529,22.506174428,15.890618114,11926,0.0013324348577897032
31,0.002,manhattan,82,265,6315,0.9864,0.9924,0.996,0.9974,0.993,0.9921,0.9941,[688 9 0 0; 0 2355 1 0; 4 21 4603 10; 6 5 1 4223],8,2.081802261,23.32497433,36.81561533,11926,0.0030870044717424116
32,0.002,manhattan,36,550,9754,0.9922,0.9943,0.9958,0.9982,0.9951,0.9933,0.997,[697 0 0 0; 3 2346 7 0; 4 17 4607 10; 4 0 1 4230],8,2.855707374,38.918595793,66.207897084,11926,0.005551559373134328
33,0.002,manhattan,27,651,9900,0.9708,0.9949,0.9938,0.9978,0.9893,0.9833,0.9958,[697 0 0 0; 5 2350 1 0; 29 17 4583 9; 8 1 1 4225],8,1.681182206,31.546788794,56.355510741,11926,0.0047254327302532284
34,0.002,manhattan,78,257,5461,0.9119,0.9662,0.9942,0.9814,0.9634,0.9536,0.9763,[688 0 0 9; 66 2218 2 70; 7 17 4597 17; 51 0 11 4173],8,1.613902076,16.372288988,25.319592723,11926,0.0021230582528089887
35,0.002,manhattan,32,578,9620,0.9857,0.9953,0.9949,0.9975,0.9934,0.9928,0.994,[688 0 9 0; 1 2351 4 0; 3 17 4609 9; 7 0 5 4223],8,2.15861337,41.921863855,77.233541672,11926,0.0064760642019117895
36,0.002,manhattan,47,523,9329,0.9824,0.9956,0.9961,0.9967,0.9927,0.9888,0.9968,[697 0 0 0; 2 2353 1 0; 6 18 4605 9; 17 0 2 4216],8,2.000102683,23.514811237,37.886792007,11926,0.0031768230762200234
37,0.002,manhattan,21,752,10241,0.563,0.7096,0.9953,0.9963,0.816,0.8435,0.8828,[688 0 0 9; 1045 1305 1 5; 11 17 4598 12; 3 0 2 4230],8,2.519730622,34.246638883,77.827942397,11926,0.00652590494692269
38,0.002,manhattan,90,261,7077,0.3833,0.979,0.9907,0.6178,0.7427,0.7964,0.8587,[694 2 1 0; 0 2355 1 0; 4 31 4603 0; 2226 67 49 1893],8,2.72883851,27.470413607,51.843292269,11926,0.0043470813574543014
39,0.002,manhattan,51,101,2246,0.9163,0.6601,0.9634,0.8432,0.8458,0.9027,0.833,[635 0 57 5; 5 1173 6 1172; 6 16 4535 81; 43 9 179 4004],8,1.842609584,21.144713488,14.465029153,11926,0.0012128986376823746
40,0.002,manhattan,30,585,9812,0.9859,0.9956,0.9956,0.9976,0.9937,0.9904,0.997,[697 0 0 0; 1 2352 2 1; 11 17 4601 9; 8 0 2 4225],8,1.614139088,22.565942855,67.860035956,11926,0.005690091896360892
41,0.002,manhattan,81,322,7686,0.9803,0.9941,0.9958,0.9956,0.9914,0.9872,0.9959,[697 0 0 0; 3 2348 5 0; 4 17 4609 8; 21 3 5 4206],8,3.170220523,33.029788654,58.811470229,11926,0.004931365942394768
42,0.002,manhattan,91,233,6346,0.9638,0.9866,0.9836,0.9861,0.98,0.9786,0.9816,[679 0 18 0; 20 2318 18 0; 3 17 4609 9; 10 8 89 4128],8,2.112279109,18.363963374,27.958759647,11926,0.00234435348373302
43,0.002,manhattan,13,833,10257,0.9817,0.9947,0.9962,0.9972,0.9924,0.9885,0.9966,[697 0 0 0; 7 2348 1 0; 6 17 4606 9; 13 0 2 4220],8,2.467502442,35.36558715,75.105897437,11926,0.006297660358628207
44,0.002,manhattan,10,794,10170,0.9831,0.9945,0.9962,0.9978,0.9929,0.9892,0.9967,[697 0 0 0; 8 2347 1 0; 7 17 4605 9; 9 0 1 4225],8,1.769034894,36.386694664,79.561211704,11926,0.006671240290457824
45,0.002,manhattan,30,612,9780,0.8312,0.992,0.9659,0.9961,0.9463,0.9234,0.982,[697 0 0 0; 1 2354 1 0; 263 32 4334 9; 19 4 1 4211],8,2.281852245,31.543159048,40.083297556,11926,0.0033610009689753477
46,0.002,manhattan,24,653,10044,0.9887,0.9958,0.9963,0.9976,0.9946,0.9919,0.9974,[697 0 0 0; 2 2353 1 0; 5 17 4607 9; 9 0 2 4224],8,1.931279996,40.958670185,75.138185307,11926,0.006300367709793728
47,0.002,manhattan,77,142,3710,0.9605,0.9207,0.9924,0.9442,0.9544,0.9509,0.9592,[669 0 1 27; 0 2276 1 79; 9 16 4571 42; 18 296 1 3920],8,2.306307335,23.3634979,28.880319064,11926,0.002421626619486835
48,0.002,manhattan,15,861,10304,0.9852,0.9953,0.9961,0.9978,0.9936,0.9903,0.997,[697 0 0 0; 4 2351 1 0; 8 17 4604 9; 9 0 1 4225],8,2.481071081,33.748870595,58.649691211,11926,0.004917800705265806
49,0.002,manhattan,21,655,10096,0.9831,0.9949,0.9963,0.9974,0.9929,0.9892,0.9968,[697 0 0 0; 6 2349 1 0; 6 17 4606 9; 12 0 1 4222],8,1.534754513,35.946157113,77.003342572,11926,0.006456761912795572
50,0.002,manhattan,92,289,7656,0.9803,0.9951,0.9963,0.9954,0.9918,0.9873,0.9964,[697 0 0 0; 0 2355 1 0; 5 17 4607 9; 23 5 2 4205],8,3.083190181,34.680907287,40.075633413,11926,0.0033603583274358544
51,0.002,manhattan,42,537,9430,0.393,0.9906,0.6975,0.9917,0.7682,0.8059,0.8776,[689 0 0 8; 21 2329 0 6; 2090 17 2484 47; 9 0 1 4225],8,1.577414944,20.709967047,44.376750031,11926,0.003721008723042093
52,0.002,manhattan,19,652,10149,0.9873,0.9958,0.9963,0.9974,0.9942,0.9912,0.9972,[697 0 0 0; 2 2353 1 0; 5 17 4607 9; 11 0 2 4222],8,3.065493009,37.720508218,78.368733527,11926,0.0065712505053664265
53,0.002,manhattan,15,791,10315,0.9894,0.9958,0.996,0.9979,0.9948,0.9922,0.9974,[697 0 0 0; 2 2353 1 0; 7 17 4604 10; 6 0 2 4227],8,1.559072368,25.472734302,55.06947046,11926,0.004617597724299849
54,0.002,manhattan,49,430,9123,0.9929,0.5071,0.0064,0.9938,0.625,0.8293,0.7496,[695 0 0 2; 0 2355 0 1; 4 4575 15 44; 4 2 0 4229],8,2.394674824,29.570105087,41.570323639,11926,0.0034856887170048633
55,0.002,manhattan,53,446,9373,0.9817,0.9937,0.994,0.9978,0.9918,0.9874,0.9964,[697 0 0 0; 1 2354 1 0; 19 25 4585 9; 6 3 1 4225],8,2.741743303,39.714080115,73.420076296,11926,0.006156303563307061
56,0.002,manhattan,32,636,9938,0.9838,0.9919,0.9961,0.9978,0.9924,0.9892,0.9958,[697 0 0 0; 17 2335 3 1; 2 17 4610 9; 4 0 5 4226],8,2.404096158,23.501379564,38.661701086,11926,0.0032417995208787525
57,0.002,manhattan,79,184,4420,0.9328,0.9758,0.9841,0.9868,0.9699,0.9578,0.9838,[687 1 0 9; 0 2355 1 0; 76 47 4495 20; 13 68 1 4153],8,2.688555113,24.634908681,37.210505118,11926,0.0031201161427133993
58,0.002,manhattan,35,618,9710,0.9873,0.9953,0.9953,0.9975,0.9938,0.9908,0.997,[697 0 0 0; 1 2354 1 0; 9 20 4598 11; 8 0 2 4225],8,3.332517226,40.078680159,63.710753885,11926,0.005342172889904411
59,0.002,manhattan,46,467,9271,0.9755,0.9911,0.9961,0.9978,0.9901,0.9854,0.9952,[697 0 0 0; 22 2332 1 1; 6 18 4605 9; 7 0 2 4226],8,2.050389762,29.942182142,48.970336577,11926,0.004106182842277377
60,0.002,manhattan,81,317,7659,0.7751,0.8825,0.9797,0.994,0.9078,0.8992,0.943,[696 0 1 0; 354 1863 139 0; 23 3 4603 9; 26 0 16 4193],8,1.788871534,25.258657515,58.936246482,11926,0.004941828482475264
61,0.002,manhattan,77,148,3797,0.9215,0.957,0.9942,0.9715,0.961,0.9615,0.9607,[646 1 0 50; 32 2223 2 99; 6 19 4596 17; 21 47 10 4157],8,2.776774544,28.632446802,21.011590764,11926,0.0017618305185309409
62,0.002,manhattan,85,250,6276,0.726,0.9799,0.9818,0.9205,0.902,0.8799,0.9565,[697 0 0 0; 39 2314 3 0; 21 20 4588 9; 466 33 117 3619],8,1.563939291,17.180173913,26.394110692,11926,0.0022131570259936277
63,0.002,manhattan,36,543,9671,0.9901,0.9943,0.9959,0.997,0.9943,0.9917,0.9971,[697 0 0 0; 1 2354 1 0; 4 21 4603 10; 9 4 2 4220],8,2.615686535,36.245055062,72.56932262,11926,0.006084967518027838
64,0.002,manhattan,53,519,9136,0.9782,0.9947,0.9947,0.9968,0.9911,0.9865,0.996,[697 0 0 0; 7 2348 1 0; 14 17 4592 15; 10 0 2 4223],8,2.877052603,27.228118664,44.204887363,11926,0.0037065979677175917
65,0.002,manhattan,45,535,9682,0.9789,0.9947,0.1418,0.6656,0.6952,0.8619,0.768,[697 0 0 0; 1 2348 1 6; 25 17 354 4242; 4 0 0 4231],8,2.310394814,30.851185431,53.915966871,11926,0.004520875974425625
66,0.002,manhattan,14,868,10315,0.9755,0.9958,0.9961,0.9959,0.9908,0.9856,0.9963,[697 0 0 0; 2 2353 1 0; 8 17 4604 9; 25 0 1 4209],8,2.840918626,43.464843729,83.378214815,11926,0.0069912975695958415
67,0.002,manhattan,45,530,9316,0.9866,0.9898,0.8424,0.8702,0.9222,0.9342,0.9285,[697 0 0 0; 3 2325 1 27; 13 17 3376 1232; 3 0 0 4232],8,2.211032246,33.273392389,39.63619424,11926,0.003323511172228744
68,0.002,manhattan,45,488,9317,0.7948,0.9924,0.961,0.9957,0.936,0.9123,0.9778,[697 0 0 0; 18 2337 1 0; 318 17 4293 10; 24 0 2 4209],8,2.168954488,30.03486013,69.605405982,11926,0.0058364418901559615
69,0.002,manhattan,53,105,2412,0.8216,0.9509,0.9711,0.9159,0.9149,0.89,0.9546,[691 4 0 2; 5 2343 1 7; 26 32 4487 93; 263 193 115 3664],8,2.705538786,23.845015229,23.476184486,11926,0.0019684877147409024
70,0.002,manhattan,62,389,8757,0.988,0.9928,0.996,0.9955,0.9931,0.9898,0.9964,[697 0 0 0; 0 2355 1 0; 3 21 4605 9; 14 12 3 4206],8,2.292959401,26.107687774,51.010349754,11926,0.004277238785342949
71,0.002,manhattan,47,547,9506,0.9694,0.9947,0.9931,0.9978,0.9888,0.9824,0.9956,[697 0 0 0; 5 2350 1 0; 33 18 4576 11; 6 1 1 4227],8,2.525421149,24.537105905,39.102538282,11926,0.003278763900888814
72,0.002,manhattan,30,532,9560,0.9873,0.9266,0.9562,0.9974,0.9669,0.959,0.9783,[697 0 0 0; 0 2355 1 0; 6 372 4251 9; 12 0 1 4222],8,2.919731785,38.618143571,69.371114537,11926,0.005816796456230085
73,0.002,manhattan,85,299,7267,0.9634,0.9411,0.9662,0.9947,0.9664,0.9548,0.9804,[697 0 0 0; 9 2342 1 4; 16 276 4337 9; 28 3 1 4203],8,1.493508943,17.974797537,28.447591669,11926,0.002385342249622673
74,0.002,manhattan,94,238,6674,0.9453,0.988,0.9902,0.9931,0.9792,0.9844,0.9745,[639 27 31 0; 0 2355 1 0; 3 20 4606 9; 13 9 27 4186],8,2.578562691,27.922716053,52.759194963,11926,0.004423880174660406
75,0.002,manhattan,15,784,10197,0.9901,0.9958,0.9961,0.9981,0.995,0.9926,0.9975,[697 0 0 0; 2 2353 1 0; 7 17 4604 10; 5 0 1 4229],8,3.159203721,34.672934904,50.912045,11926,0.004268995891329868
76,0.002,manhattan,28,601,9895,0.9755,0.9903,0.9949,0.9943,0.9888,0.983,0.9948,[697 0 0 0; 3 2352 1 0; 12 24 4593 9; 20 18 1 4196],8,2.429984082,31.418823585,52.616000148,11926,0.00441187323058863
77,0.002,manhattan,76,138,3704,0.7186,0.8519,0.9455,0.9095,0.8564,0.8503,0.8931,[660 0 0 37; 51 1797 15 493; 275 65 4176 122; 154 1 4 4076],8,1.457171028,23.07179654,26.229462702,11926,0.0021993512243836996
78,0.002,manhattan,11,826,10239,0.988,0.9956,0.9962,0.998,0.9944,0.9916,0.9973,[697 0 0 0; 3 2352 1 0; 7 17 4605 9; 7 0 1 4227],8,3.215159502,43.489847537,58.925979946,11926,0.004940967629213483
79,0.002,manhattan,35,606,9857,0.9796,0.9958,0.9962,0.996,0.9919,0.9874,0.9966,[697 0 0 0; 1 2354 1 0; 5 18 4606 9; 23 0 2 4210],8,1.624251797,22.004324453,48.841528637,11926,0.004095382243585444
80,0.002,manhattan,76,312,7907,0.9943,0.9899,0.9588,0.9492,0.973,0.9733,0.9746,[697 0 0 0; 0 2355 1 0; 2 18 4611 7; 6 29 368 3832],8,2.856317047,35.767256589,61.201532626,11926,0.0051317736563810164
81,0.002,manhattan,15,808,10190,0.9789,0.9932,0.996,0.9978,0.9915,0.9872,0.996,[697 0 0 0; 14 2341 1 0; 8 17 4603 10; 8 0 1 4226],8,1.609126319,23.59567125,53.97177993,11926,0.004525555922354519
82,0.002,manhattan,35,549,9621,0.9866,0.993,0.9965,0.9979,0.9935,0.9907,0.9964,[697 0 0 0; 11 2340 1 4; 4 17 4608 9; 4 0 1 4230],8,2.602408828,31.942981799,45.160504885,11926,0.003786726889569009
83,0.002,manhattan,35,602,9690,0.9714,0.9956,0.9935,0.9976,0.9895,0.9835,0.996,[697 0 0 0; 1 2354 1 0; 31 18 4580 9; 9 1 1 4224],8,2.547749005,40.93333742,72.976220197,11926,0.006119086047040081
84,0.002,manhattan,31,645,9905,0.8789,0.9676,0.992,0.9968,0.9588,0.9434,0.9811,[697 0 0 0; 131 2224 1 0; 45 17 4567 9; 16 0 2 4217],8,2.016676365,30.482083135,40.584671263,11926,0.0034030413603052152
85,0.002,manhattan,80,346,7617,0.9399,0.9776,0.9442,0.9339,0.9489,0.9442,0.9585,[696 0 1 0; 69 2270 17 0; 2 17 4611 8; 17 1 500 3717],8,2.571638683,28.732933452,59.434744168,11926,0.0049836277182626195
86,0.002,manhattan,79,195,4748,0.4783,0.136,0.9795,0.9043,0.6245,0.7835,0.7537,[684 0 0 13; 1454 172 13 717; 18 0 4466 154; 7 1 2 4225],8,2.849676829,23.95656663,37.724486585,11926,0.0031632136998993796
87,0.002,manhattan,84,271,5951,0.6567,0.9891,0.7752,0.8905,0.8279,0.8224,0.8994,[683 0 0 14; 25 2322 0 9; 672 17 2936 1013; 3 0 1 4231],8,2.249694469,25.464086143,34.227968714,11926,0.002870029239812175
88,0.002,manhattan,76,378,8394,0.8224,0.9947,0.9875,0.9525,0.9393,0.9175,0.9754,[697 0 0 0; 2 2350 4 0; 5 18 4607 8; 294 1 82 3858],8,1.612339493,19.193885088,34.091640839,11926,0.002858598091480798
89,0.002,manhattan,45,487,8989,0.8016,0.9903,0.9584,0.9965,0.9367,0.9128,0.9777,[697 0 0 0; 12 2340 1 3; 323 30 4269 16; 10 0 1 4224],8,3.140307377,40.539210104,73.436204784,11926,0.006157655943652524
90,0.002,manhattan,55,497,9349,0.9852,0.9835,0.9895,0.9969,0.9888,0.984,0.9939,[697 0 0 0; 0 2355 1 0; 10 74 4545 9; 11 4 2 4218],8,1.465565373,21.489211476,42.255636104,11926,0.0035431524487673986
91,0.002,manhattan,29,644,10124,0.9873,0.9958,0.9962,0.9978,0.9943,0.9913,0.9973,[697 0 0 0; 2 2353 1 0; 7 17 4605 9; 9 0 1 4225],8,2.39636718,32.493307617,63.035002901,11926,0.005285510892252222
92,0.002,manhattan,27,605,9937,0.9773,0.9807,0.9894,0.9978,0.9863,0.9858,0.9869,[688 0 9 0; 15 2283 58 0; 2 17 4610 9; 6 0 4 4225],8,2.715896508,38.548277212,74.78822016,11926,0.006271022988428643
93,0.002,manhattan,49,507,9163,0.9943,0.9937,0.9959,0.9974,0.9953,0.9936,0.9971,[697 0 0 0; 0 2352 1 3; 4 22 4602 10; 4 4 1 4226],8,2.462804123,30.286022053,38.895584153,11926,0.0032614107121415395
94,0.002,manhattan,41,501,9415,0.9845,0.9935,0.9908,0.9941,0.9907,0.9868,0.9948,[697 0 0 0; 1 2354 1 0; 15 27 4555 41; 6 2 1 4226],8,2.876456535,32.727475107,76.349693392,11926,0.006401953160489687
95,0.002,manhattan,40,545,9334,0.9574,0.9917,0.9944,0.9968,0.9851,0.9772,0.9939,[697 0 0 0; 21 2334 1 0; 24 17 4588 9; 17 0 1 4217],8,2.366815526,39.619441738,64.16855243,11926,0.005380559485996981
96,0.002,manhattan,60,436,8769,0.9767,0.9951,0.9638,0.9618,0.9744,0.9711,0.979,[692 0 0 5; 0 2353 1 2; 4 18 4315 301; 24 2 0 4209],8,2.459817915,29.353468642,45.745485599,11926,0.0038357777627871874
97,0.002,manhattan,36,555,9662,0.4896,0.9932,0.8111,0.9956,0.8224,0.8276,0.9185,[697 0 0 0; 14 2342 0 0; 1429 18 3165 26; 10 0 1 4224],8,1.568437814,24.938723909,71.449095414,11926,0.005991036006540332
98,0.002,manhattan,25,605,9948,0.7831,0.9896,0.9957,0.9546,0.9308,0.908,0.9737,[697 0 0 0; 27 2324 4 1; 5 17 4607 9; 354 0 5 3876],8,2.511414702,41.978744077,77.485099754,11926,0.006497157450444407
99,0.002,manhattan,13,832,10150,0.9368,0.9783,0.9962,0.9979,0.9773,0.9677,0.9889,[697 0 0 0; 81 2272 2 1; 6 17 4606 9; 7 0 1 4227],8,2.288768721,24.596555531,49.656211541,11926,0.004163693739812175
100,0.002,manhattan,39,552,9562,0.9838,0.9947,0.9957,0.9962,0.9926,0.9887,0.9966,[697 0 0 0; 0 2355 1 0; 8 19 4601 10; 15 5 2 4213],8,2.520001078,34.457946144,78.258809875,11926,0.006562033361982224
101,0.002,manhattan,59,116,2730,0.8083,0.9892,0.9729,0.9392,0.9274,0.9057,0.9626,[683 1 2 11; 10 2340 1 5; 21 30 4511 76; 279 4 121 3831],8,2.744152077,25.541497722,23.918980367,11926,0.0020056163312929735
102,0.002,manhattan,32,529,9816,0.9849,0.9934,0.9949,0.9975,0.9927,0.9924,0.993,[687 0 10 0; 6 2342 4 4; 2 17 4609 10; 3 0 4 4228],8,2.611154895,33.792192329,48.496248295,11926,0.004066430345044441
103,0.002,manhattan,84,270,6886,0.8905,0.98,0.9898,0.9634,0.9559,0.9378,0.98,[695 2 0 0; 0 2354 2 0; 3 24 4602 9; 166 68 57 3944],8,1.796097405,23.714860082,54.321761057,11926,0.00455490198364917
