rep,wndwPercent,metric,windows,kmerset,final_len,Epsilon.fasta,Delta.fasta,Kappa.fasta,Gamma.fasta,Iota.fasta,Eta.fasta,Lambda.fasta,Omicron.fasta,Beta.fasta,Alpha.fasta,macro_f1,macro_precision,macro_recall,cm,k,extract_time,fit_time,classify_time,n_test,classify_time_per_seq
1,0.001,manhattan,57,674,4119,0.9592,0.846,0.135,0.9643,0.9555,0.7914,0.9421,0.9091,0.8243,0.965,0.8292,0.7997,0.9522,[8665 697 3 0 4 13 11 1 3 4; 1 8902 871 3 5 67 42 5 0 0; 0 1 69 0 0 0 0 0 0 0; 0 376 6 8902 4 56 1 61 148 3; 0 617 2 0 7758 74 6 1 9 0; 0 0 0 0 0 421 0 0 1 0; 0 0 0 0 0 0 553 0 0 0; 0 38 1 0 0 3 6 1060 0 24; 0 1 0 0 0 0 0 0 387 0; 0 517 0 1 0 8 2 72 3 8736],10,81.211779378,16.681799922,262.884309726,49225,0.005340463376861351
2,0.001,manhattan,59,711,4013,0.9755,0.9894,0.9007,0.9502,0.7882,0.559,0.9164,0.7948,0.2108,0.9899,0.8075,0.7889,0.9324,[9287 8 0 0 2 16 0 20 67 1; 60 9709 13 1 0 21 0 75 14 3; 1 1 68 0 0 0 0 0 0 0; 91 0 0 8698 0 522 0 32 214 0; 115 2 0 51 5510 71 6 257 2456 1; 0 0 0 0 0 419 0 1 2 0; 0 0 0 0 0 0 537 4 12 0; 15 9 0 0 0 4 57 1003 44 0; 3 0 0 0 0 0 0 0 385 0; 67 1 0 1 0 24 19 0 70 9157],10,93.908278391,25.798236462,228.15235851,49227,0.004634699626424523
3,0.001,manhattan,52,515,3551,0.9576,0.951,0.7861,0.9197,0.9647,0.9787,0.9872,0.362,0.7374,0.9912,0.8636,0.8408,0.9259,[8641 217 3 0 0 8 0 299 232 0; 0 9615 32 1 0 0 0 244 4 0; 0 2 68 0 0 0 0 0 0 0; 0 131 0 8135 2 0 0 1284 1 1; 0 27 0 0 7895 1 0 535 11 0; 1 0 0 0 0 413 0 8 0 0; 0 0 0 0 0 0 540 13 0 0; 0 320 0 0 0 0 0 811 0 1; 6 4 0 0 0 0 0 6 372 0; 0 9 0 0 1 0 1 149 1 9178],10,88.307843624,18.841907151,206.177401792,49223,0.004188639493570079
4,0.001,manhattan,51,521,3096,0.9638,0.8319,0.8364,0.892,0.9657,0.1562,0.975,0.7408,0.5326,0.9397,0.7834,0.778,0.9011,[8939 25 0 0 6 379 0 1 51 0; 187 7442 26 0 3 2234 0 4 0 0; 0 1 69 0 0 0 0 0 0 0; 4 325 0 7796 49 469 0 314 576 23; 1 92 0 0 7974 390 0 4 8 0; 0 2 0 0 0 420 0 0 0 0; 1 3 0 0 1 21 527 0 0 0; 16 17 0 11 3 221 1 859 3 1; 0 0 0 7 3 2 0 0 376 0; 0 89 0 110 6 821 0 5 10 8298],10,86.755041088,11.875817763,189.393733746,49226,0.003847432936781376
5,0.001,manhattan,60,697,4076,0.9614,0.9611,0.971,0.9229,0.9771,0.9593,0.8142,0.3826,0.8051,0.9906,0.8745,0.852,0.9327,[8703 91 1 0 0 24 118 315 149 0; 0 9532 0 1 0 0 8 353 0 2; 0 2 67 0 0 0 0 1 0 0; 0 15 0 8190 1 0 25 1318 2 6; 0 25 0 1 8090 0 22 311 19 1; 0 0 0 0 0 412 7 3 0 0; 0 0 0 0 0 1 552 0 0 0; 0 268 0 0 0 0 22 841 0 1; 0 0 0 0 0 0 0 12 376 0; 0 6 0 0 0 0 49 110 0 9174],10,80.222845708,22.536825345,240.649783959,49227,0.0048885730180388805
6,0.001,manhattan,52,594,3608,0.9588,0.7668,0.1616,0.1615,0.9462,0.8651,0.0598,0.7505,0.8256,0.4768,0.5973,0.7622,0.6411,[9127 97 0 6 3 1 162 4 1 0; 476 7124 16 1 0 6 2262 0 0 10; 0 57 8 0 0 0 5 0 0 0; 17 724 1 855 1 114 7832 1 1 0; 11 418 0 60 7609 3 361 3 4 0; 0 0 0 0 0 420 2 0 0 0; 0 1 0 0 0 5 547 0 0 0; 0 48 0 1 0 0 396 686 0 1; 0 1 0 109 0 0 1 0 277 0; 7 215 4 7 2 0 6175 2 0 2927],10,71.82940653,14.648310365,234.489424436,49215,0.00476459259242101
7,0.001,manhattan,67,803,4237,0.9747,0.9882,0.7568,0.9756,0.9807,0.9964,0.9714,0.9237,0.9885,0.9947,0.9551,0.9388,0.981,[9050 46 0 174 128 0 0 0 0 3; 32 9736 45 71 3 0 0 9 0 0; 0 0 70 0 0 0 0 0 0 0; 26 8 0 9503 7 0 2 1 7 3; 55 7 0 65 8290 0 4 46 2 0; 0 0 0 3 0 419 0 0 0 0; 0 1 0 0 0 0 543 9 0 0; 3 10 0 50 6 0 14 1047 0 2; 0 0 0 0 0 0 0 0 388 0; 2 1 0 59 4 0 2 23 0 9248],10,91.714583475,24.819053509,241.164982863,49227,0.0048990387970625875
8,0.001,manhattan,60,621,3688,0.9002,0.5486,0.0335,0.8793,0.9154,0.7161,0.4256,0.4039,0.9751,0.9785,0.6776,0.6824,0.8574,[9086 115 2 10 0 32 149 3 0 4; 1278 3920 3734 2 16 22 63 738 0 123; 0 5 65 0 0 0 0 0 0 0; 8 218 2 7563 1 97 810 854 2 2; 354 112 0 15 7172 146 206 434 1 29; 0 0 0 0 0 415 0 7 0 0; 1 3 0 1 0 0 548 0 0 0; 53 10 3 2 5 20 203 835 0 1; 1 0 0 0 0 1 2 12 372 0; 4 13 0 53 6 4 41 120 0 9098],10,78.152360748,24.072646891,207.081771047,49227,0.004206670547605988
9,0.001,manhattan,58,659,3996,0.8473,0.9573,0.0,0.9238,0.8634,0.5803,0.3546,0.5232,0.9859,0.9847,0.7021,0.6855,0.7969,[6910 28 0 0 1928 12 392 125 3 3; 0 9392 0 0 4 9 160 328 0 3; 0 70 0 0 0 0 0 0 0 0; 0 84 0 8218 87 465 541 153 4 2; 0 43 0 13 7985 53 332 37 1 5; 0 0 0 3 0 403 16 0 0 0; 0 1 0 2 0 0 550 0 0 0; 0 8 0 0 1 0 478 644 0 1; 0 0 0 0 2 0 1 0 385 0; 0 99 0 1 20 25 79 43 0 9072],10,83.730713542,18.544137007,225.35791918,49224,0.00457821223752641
10,0.001,manhattan,57,606,3786,0.8121,0.8465,0.9091,0.8599,0.9749,0.5404,0.99,0.3277,0.287,0.9453,0.7493,0.8091,0.7866,[9081 191 0 0 24 26 0 0 0 0; 1486 8167 6 0 0 225 0 2 0 0; 0 0 70 0 0 0 0 0 0 0; 770 826 2 7168 4 75 0 652 0 5; 182 119 3 0 8087 61 0 7 0 0; 3 2 0 0 0 415 0 2 0 0; 7 4 0 0 0 0 542 0 0 0; 676 64 0 0 17 2 0 371 0 2; 315 0 2 0 0 0 0 6 65 0; 522 37 1 1 0 310 0 92 0 8376],10,84.846492877,19.565288417,221.993063897,49073,0.004523731255415402
11,0.001,manhattan,63,720,3928,0.9672,0.9772,0.7041,0.9109,0.9658,0.3682,0.6458,0.8108,0.7217,0.9463,0.8018,0.7645,0.9321,[8803 32 7 1 204 250 1 2 99 0; 1 9677 45 45 5 90 23 7 2 1; 0 1 69 0 0 0 0 0 0 0; 0 11 1 8508 7 858 104 37 25 5; 0 4 1 36 8112 179 11 4 122 0; 0 0 0 0 0 422 0 0 0 0; 0 0 0 0 0 2 547 4 0 0; 0 181 2 9 0 7 120 810 2 1; 0 0 0 11 0 0 0 1 376 0; 0 4 1 514 1 62 335 1 28 8393],10,69.772924034,18.897488476,235.318297533,49224,0.004780560245672842
12,0.001,manhattan,58,570,4074,0.9599,0.7869,0.8933,0.9577,0.9687,0.7357,0.7117,0.2399,0.3707,0.8011,0.7426,0.7718,0.8461,[8662 314 0 80 5 4 23 0 297 0; 0 9230 12 13 0 83 179 4 371 3; 0 3 67 0 0 0 0 0 0 0; 0 249 0 8942 1 1 37 21 300 5; 1 42 0 72 7964 1 93 0 295 0; 0 0 0 0 0 419 0 0 3 0; 0 5 0 0 0 0 548 0 0 0; 0 885 1 2 0 60 21 158 2 3; 0 1 0 4 3 0 0 0 380 0; 0 2834 0 5 2 149 86 2 14 6247],10,89.042745971,21.846478205,234.357510873,49208,0.004762589637315071
13,0.001,manhattan,60,604,4070,0.91,0.8599,0.7934,0.182,0.4124,0.976,0.0492,0.5306,0.4883,0.0764,0.5278,0.7427,0.6707,[7854 1444 0 0 0 0 12 89 2 0; 0 9552 0 0 0 0 1 343 0 0; 0 22 48 0 0 0 0 0 0 0; 3 732 0 957 0 4 6345 806 708 0; 4 229 1 2 2200 0 5586 389 58 0; 0 0 0 0 0 406 2 9 5 0; 0 0 0 0 0 0 532 21 0 0; 0 72 0 0 0 0 7 1053 0 0; 0 6 2 0 0 0 1 4 375 0; 0 264 0 0 0 0 8581 123 0 371],10,75.821255419,17.756882542,240.875130034,49225,0.004893349518212291
14,0.001,manhattan,47,612,3561,0.9813,0.9179,0.9928,0.8633,0.967,0.7486,0.3922,0.8693,0.9736,0.9744,0.868,0.868,0.929,[9072 119 0 0 32 34 142 0 0 1; 0 9746 0 0 4 17 114 1 0 14; 0 1 69 0 0 0 0 0 0 0; 0 1175 0 7259 10 83 862 0 1 167; 13 138 0 0 7976 89 245 0 0 8; 0 5 0 0 0 408 8 0 0 1; 0 1 0 0 0 2 550 0 0 0; 0 34 0 0 0 3 206 871 0 18; 5 4 0 0 4 6 0 0 369 0; 0 116 0 0 1 26 125 0 0 9071],10,103.158822605,12.997560543,207.898873419,49226,0.004223355003839435
15,0.001,manhattan,62,701,3929,0.9879,0.9646,0.8857,0.9765,0.9768,0.7013,0.9471,0.9262,0.9803,0.9957,0.9342,0.9237,0.9589,[9352 42 0 1 1 5 0 0 0 0; 12 9559 8 7 138 153 4 10 0 5; 0 8 62 0 0 0 0 0 0 0; 127 229 0 9129 19 44 0 0 0 9; 13 60 0 0 8290 104 1 1 0 0; 4 0 0 0 0 418 0 0 0 0; 2 0 0 0 0 4 546 1 0 0; 10 13 0 2 56 4 46 991 0 10; 8 5 0 0 0 2 0 0 373 0; 4 7 0 1 1 36 3 5 0 9282],10,84.671210192,20.345252657,212.793642735,49227,0.004322701824913157
16,0.001,manhattan,36,529,2914,0.9772,0.9735,0.9857,0.9326,0.9808,0.4669,0.8509,0.6423,0.8575,0.9913,0.8659,0.838,0.9481,[8982 11 0 6 15 136 44 181 20 1; 0 9510 1 2 9 24 6 329 0 1; 0 0 69 0 0 1 0 0 0 0; 0 96 0 8299 4 596 20 437 18 1; 5 15 0 0 8187 108 35 115 2 2; 0 0 0 0 0 413 0 9 0 0; 0 0 0 2 0 0 545 6 0 0; 0 21 0 2 6 12 9 1073 0 8; 0 0 0 13 3 46 1 0 325 0; 0 2 0 2 1 11 68 60 5 9190],10,94.224555394,17.383728295,173.019461558,49121,0.0035223114667453834
17,0.001,manhattan,54,583,3921,0.0003,0.0014,0.0,0.001,0.0,0.028,0.0,0.0,0.0,0.0,0.0031,0.0572,0.1002,[2 99 43 0 24 9233 0 0 0 0; 0 16 1 0 0 9877 0 0 0 0; 0 0 0 0 0 70 0 0 0 0; 2181 14 165 5 4185 2968 39 0 0 0; 1 6558 1 3 0 1906 0 0 0 0; 0 0 0 0 0 422 0 0 0 0; 0 0 0 0 0 553 0 0 0 0; 10 0 0 1 0 1121 0 0 0 0; 0 3 0 0 0 385 0 0 0 0; 3 6167 1 0 0 3154 14 0 0 0],10,84.536663607,20.641387628,225.433415003,49225,0.0045796529203250376
18,0.001,manhattan,51,575,3202,0.0002,0.5912,0.0,0.879,0.9636,0.6498,0.9702,0.2663,0.9076,0.981,0.6209,0.6127,0.6753,[1 9115 0 0 0 2 0 266 0 2; 24 8851 0 1 0 0 0 1014 0 0; 5 65 0 0 0 0 0 0 0 0; 0 734 52 7499 4 235 0 1028 4 0; 0 448 1 0 7890 2 0 128 0 0; 0 34 0 0 0 372 0 6 10 0; 0 28 0 0 0 0 521 4 0 0; 1 533 0 5 2 31 0 559 0 1; 0 47 0 0 0 5 0 2 334 0; 0 197 0 1 11 76 0 60 0 8994],10,83.394695487,13.99508484,176.142368378,49205,0.0035797656412559697
19,0.001,manhattan,47,675,3233,0.9758,0.9441,0.9857,0.9068,0.9396,0.3837,0.9149,0.8045,0.983,0.9776,0.8816,0.8648,0.9477,[8985 113 0 0 56 217 1 28 0 0; 3 9510 0 0 279 98 2 3 0 1; 0 0 69 0 1 0 0 0 0 0; 16 364 0 7931 108 794 22 321 1 0; 5 140 1 3 8164 125 25 5 0 0; 0 9 0 0 0 413 0 0 0 0; 1 0 0 0 4 0 548 0 0 0; 0 43 0 0 49 7 31 1002 0 0; 3 0 0 0 8 1 0 0 376 0; 3 72 0 2 240 76 16 0 0 8930],10,82.44338754,19.568330034,187.035877264,49225,0.003799611523900457
20,0.001,manhattan,59,665,4069,0.9773,0.7059,0.1053,0.9034,0.9722,0.2185,0.7994,0.5379,0.4385,0.9902,0.6649,0.7014,0.8267,[9002 13 0 8 6 238 14 64 53 3; 0 5536 2 85 258 1911 194 1588 315 7; 0 10 4 0 52 0 0 4 0 0; 19 181 0 7991 7 740 3 78 530 8; 0 7 0 4 8327 78 37 2 12 2; 0 0 0 0 0 422 0 0 0 0; 0 0 0 0 0 4 548 0 0 1; 0 8 0 0 11 13 20 1057 1 22; 0 9 0 1 0 1 1 2 374 0; 0 24 0 44 1 33 1 3 33 9200],10,100.568070484,14.074115458,216.867864219,49227,0.004405465785422634
21,0.001,manhattan,65,617,4220,0.0271,0.9514,0.7241,0.872,0.5516,0.2128,0.4818,0.8378,0.0489,0.9553,0.5663,0.7303,0.7233,[129 27 0 0 0 609 424 0 8206 0; 0 9100 4 0 0 369 46 5 372 0; 0 27 42 0 0 0 0 0 1 0; 0 24 0 7426 0 1434 21 3 646 0; 0 6 0 0 3226 472 62 34 4669 0; 0 0 0 0 0 416 0 0 6 0; 0 0 0 0 0 18 524 7 4 0; 0 28 0 0 0 30 172 852 49 1; 0 20 0 0 0 3 0 0 365 0; 0 2 0 52 2 136 373 1 233 8540],10,75.541542628,22.379056175,222.131820496,49218,0.004513223221097972
22,0.001,manhattan,47,461,2752,0.7879,0.4848,0.9781,0.8297,0.5259,0.2469,0.9103,0.875,0.9791,0.9785,0.7596,0.797,0.8093,[8911 303 0 1 3 180 0 0 0 0; 3878 4944 0 2 0 1055 0 16 0 0; 3 0 67 0 0 0 0 0 0 0; 164 1066 0 7630 1 658 0 19 2 6; 153 3938 0 1170 3026 154 0 28 0 0; 4 17 0 44 0 357 0 0 0 0; 7 29 0 0 0 1 462 54 0 0; 11 56 0 0 6 8 0 1050 0 1; 7 7 0 0 0 0 0 0 374 0; 85 141 0 0 2 57 0 101 0 8953],10,86.298351416,16.354911025,158.66200906,49212,0.003224051228562139
23,0.001,manhattan,49,680,3451,0.8296,0.8429,0.964,0.948,0.9602,0.9964,0.7553,0.7727,0.9897,0.9369,0.8996,0.9051,0.9117,[7270 2111 0 9 0 0 11 0 0 0; 27 9861 2 2 0 0 1 3 0 0; 0 3 67 0 0 0 0 0 0 0; 560 210 0 8729 1 0 1 55 1 0; 208 311 0 9 7822 0 86 33 0 0; 0 1 0 0 0 419 0 2 0 0; 0 2 0 0 0 0 551 0 0 0; 10 54 0 25 0 0 256 787 0 0; 0 4 0 1 0 0 0 0 383 0; 51 946 0 84 0 0 0 25 2 8231],10,80.957731132,19.756932503,197.86156003,49227,0.004019370671176387
24,0.001,manhattan,50,655,3392,0.9709,0.9343,0.9079,0.878,0.977,0.994,0.9548,0.6867,0.4759,0.9759,0.8755,0.8523,0.9456,[8897 241 0 27 64 0 0 166 6 0; 5 9833 13 6 7 0 0 27 3 2; 0 1 69 0 0 0 0 0 0 0; 9 565 0 7621 11 0 0 551 791 8; 3 80 0 92 8190 0 1 77 26 0; 0 0 0 4 0 417 0 0 1 0; 1 11 0 24 0 0 517 0 0 0; 11 30 0 27 8 0 12 1028 2 14; 0 0 0 1 7 0 0 0 380 0; 0 393 0 2 9 0 0 13 0 8922],10,97.59030001,12.0658971,183.684258644,49226,0.0037314479877300615
25,0.001,manhattan,56,599,3822,0.9526,0.9581,0.8466,0.9728,0.9705,0.7671,0.6482,0.4532,0.6525,0.9835,0.8205,0.8186,0.9056,[8551 352 0 22 85 204 4 0 95 87; 1 9771 24 4 6 0 3 3 48 36; 0 0 69 0 1 0 0 0 0 0; 0 42 0 9212 11 5 6 1 160 110; 1 94 0 147 8091 9 33 1 78 15; 0 6 0 0 0 415 0 0 0 1; 0 4 0 0 0 0 549 0 0 0; 0 219 0 4 7 4 545 334 11 8; 0 0 0 1 2 0 0 1 383 1; 0 13 0 2 2 23 1 2 11 9285],10,84.553112773,17.909492864,213.565516284,49216,0.004339351354925228
26,0.001,manhattan,54,741,3744,0.9692,0.6747,0.1994,0.9417,0.9294,0.6914,0.1787,0.8314,0.9832,0.9662,0.7365,0.7427,0.8927,[8842 28 0 168 145 48 169 1 0 0; 0 5132 490 195 6 16 4002 54 0 0; 0 2 62 0 0 0 6 0 0 0; 0 57 0 9235 0 49 206 8 1 1; 3 70 0 292 7573 52 474 5 0 0; 0 0 0 2 0 419 0 1 0 0; 0 0 0 0 0 0 553 0 0 0; 0 3 0 12 0 1 194 922 0 0; 0 0 0 7 0 0 1 0 380 0; 0 26 0 145 104 205 30 95 4 8730],10,93.351258685,21.690497215,211.375749917,49226,0.0042939859000731325
27,0.001,manhattan,63,737,4533,0.9839,0.9319,0.3019,0.9215,0.9409,0.8364,0.9509,0.8524,0.9716,0.9926,0.8684,0.8401,0.9413,[9214 109 0 33 2 21 2 10 9 1; 11 9610 245 0 0 21 2 7 0 0; 0 14 56 0 0 0 0 0 0 0; 82 663 0 8653 1 58 31 66 2 1; 14 237 0 485 7527 6 5 195 0 0; 0 0 0 8 0 414 0 0 0 0; 0 1 0 0 0 0 552 0 0 0; 2 27 0 32 0 0 16 1054 0 1; 0 0 0 11 0 0 0 0 377 0; 6 68 0 2 1 48 0 9 0 9205],10,79.837416313,20.854657489,241.846964205,49227,0.0049128926037540375
28,0.001,manhattan,56,672,3602,0.9669,0.8972,0.8242,0.9211,0.9619,0.3787,0.9927,0.5464,0.9445,0.9407,0.8374,0.823,0.9044,[8861 228 0 1 51 242 0 15 3 0; 0 9767 27 0 13 71 0 17 0 0; 0 1 68 0 1 0 0 0 0 0; 64 324 0 8199 21 746 0 185 4 14; 2 230 0 0 7943 190 0 98 5 1; 0 0 0 0 4 408 0 10 0 0; 0 2 0 0 0 0 545 6 0 0; 0 540 0 0 2 4 0 586 0 0; 0 2 0 0 2 0 0 1 383 0; 0 782 0 45 10 72 0 95 28 8307],10,78.379544555,15.247906178,224.408309341,49226,0.004558735410982001
29,0.001,manhattan,52,624,3678,0.9514,0.9596,0.9007,0.9311,0.9849,0.5457,0.425,0.3251,0.9844,0.9355,0.7943,0.7946,0.8817,[8995 261 0 0 0 0 124 20 1 0; 2 9714 13 1 42 14 97 12 0 0; 0 0 68 0 2 0 0 0 0 0; 96 28 0 8504 6 432 424 46 1 20; 1 17 0 0 8311 0 136 3 0 1; 8 2 0 0 2 406 4 0 0 0; 0 0 0 0 0 2 551 0 0 0; 21 302 0 10 36 2 502 250 0 9; 2 0 0 0 0 0 0 0 378 8; 383 26 0 194 8 210 202 75 0 8241],10,93.914189021,24.687979936,200.154501741,49226,0.004066032213484744
30,0.001,manhattan,70,674,4783,0.9807,0.8492,0.0,0.884,0.9819,0.7717,0.5945,0.402,0.8197,0.9434,0.7227,0.7537,0.7735,[9074 68 0 0 6 30 167 0 54 2; 23 9844 0 0 0 9 20 0 0 0; 0 70 0 0 0 0 0 0 0 0; 0 1857 0 7578 1 85 16 0 14 6; 5 150 0 0 8175 45 10 0 82 2; 0 35 0 0 0 382 4 0 1 0; 0 1 0 0 0 0 552 0 0 0; 0 312 0 0 0 9 515 285 0 11; 2 7 0 0 0 4 0 0 375 0; 0 945 0 9 1 4 20 1 1 8358],10,71.983521314,22.381947509,278.087023278,49227,0.005649075167651898
31,0.001,manhattan,66,708,4633,0.9722,0.9719,0.9272,0.9479,0.9639,0.4252,0.5593,0.2731,0.6329,0.9915,0.7665,0.7936,0.8846,[9095 75 0 0 1 156 0 0 73 1; 103 9732 11 1 0 35 1 0 4 9; 0 0 70 0 0 0 0 0 0 0; 57 133 0 8614 0 709 10 0 15 19; 30 59 0 1 7892 173 29 0 284 1; 0 0 0 0 0 422 0 0 0 0; 0 1 0 0 0 0 552 0 0 0; 16 91 0 0 0 16 807 179 2 21; 0 14 0 0 12 6 0 0 356 0; 9 26 0 1 1 46 22 0 3 9231],10,87.701080263,19.63738342,281.736699758,49227,0.005723214897474962
32,0.001,manhattan,60,672,4300,0.9644,0.9223,0.9552,0.9368,0.9763,0.645,0.9459,0.8289,0.9805,0.9862,0.9142,0.9171,0.9349,[8860 487 0 1 51 2 0 0 0 0; 5 9888 0 0 0 2 0 0 0 1; 0 6 64 0 0 0 0 0 0 0; 61 578 0 8521 15 370 2 10 0 0; 24 250 0 30 8152 2 0 6 5 0; 0 5 0 0 0 417 0 0 0 0; 0 4 0 0 5 2 542 0 0 0; 15 236 0 0 1 11 49 819 0 1; 2 5 0 2 1 0 0 0 378 0; 6 88 0 80 5 65 0 9 0 9086],10,92.143804484,24.42317523,224.667672882,49227,0.004563911529892132
33,0.001,manhattan,64,635,4736,0.9448,0.9762,0.8415,0.9526,0.9643,0.6269,0.9835,0.9495,0.968,0.9892,0.9196,0.8979,0.9651,[9397 0 0 3 1 0 0 0 0 0; 401 9450 24 7 4 1 0 9 0 0; 0 1 69 0 0 0 0 0 0 0; 215 0 0 8902 12 396 0 21 10 1; 395 3 0 109 7924 33 0 5 0 0; 6 0 0 1 0 415 0 0 0 0; 9 0 0 0 1 4 536 3 0 0; 38 11 1 3 11 0 1 1062 4 1; 1 0 0 9 0 0 0 0 378 0; 28 0 0 98 13 53 0 5 1 9141],10,68.64157807,18.438546357,238.311384611,49227,0.004841070644382148
34,0.001,manhattan,64,624,4214,0.4799,0.7381,0.6497,0.9221,0.9416,0.8144,0.9679,0.8894,0.9428,0.9913,0.8337,0.8734,0.8486,[2968 6306 21 99 1 5 0 0 0 1; 0 9693 13 178 0 9 0 1 0 1; 0 19 51 0 0 0 0 0 0 0; 0 110 0 9328 0 107 0 1 0 11; 1 196 2 705 7536 14 10 0 0 5; 0 0 0 16 0 406 0 0 0 0; 0 2 0 23 0 0 528 0 0 0; 0 38 0 183 0 1 0 909 0 1; 0 1 0 39 0 2 0 0 346 0; 0 5 0 105 0 31 0 1 0 9197],10,76.74747716,12.595075041,201.542514064,49226,0.004094228945354081
35,0.001,manhattan,54,652,3516,0.897,0.9459,1.0,0.9214,0.9718,0.7807,0.8407,0.8338,0.9822,0.9414,0.9115,0.8878,0.9499,[9249 24 0 2 36 36 15 37 0 1; 525 9305 0 3 5 47 2 8 0 0; 0 0 70 0 0 0 0 0 0 0; 907 73 0 8283 143 60 34 46 10 0; 67 15 0 7 8192 87 9 92 0 0; 0 1 0 0 0 420 0 1 0 0; 0 1 0 0 0 0 549 3 0 0; 10 19 0 23 2 1 94 983 0 0; 0 0 0 1 1 0 0 0 386 0; 463 342 0 105 12 3 50 56 2 8306],10,78.953241583,17.715681876,151.941169316,49224,0.0030867294270274666
36,0.001,manhattan,54,651,3588,0.9771,0.9547,0.9241,0.9423,0.9722,0.9622,0.9141,0.9483,0.9896,0.9895,0.9574,0.9483,0.9687,[8998 249 0 152 2 0 0 0 0 0; 0 9832 7 36 0 4 3 14 0 0; 0 3 67 0 0 0 0 0 0 0; 0 466 0 9063 3 23 0 0 0 2; 16 92 0 277 8016 2 66 0 0 0; 0 2 0 0 0 420 0 0 0 0; 0 4 0 0 1 0 548 0 0 0; 0 13 1 38 0 0 17 1063 0 0; 0 1 0 7 0 0 0 0 380 0; 2 38 0 105 0 2 12 33 0 9147],10,64.262282578,13.160115412,182.035492013,49227,0.003697879050378857
37,0.001,manhattan,53,698,3778,0.9447,0.9493,0.8166,0.9655,0.9418,0.7829,0.5527,0.9243,0.8746,0.986,0.8738,0.8349,0.9572,[9081 32 0 0 26 35 178 0 49 0; 7 9445 28 0 2 48 359 5 0 1; 0 1 69 0 0 0 0 0 0 0; 84 204 0 8966 5 55 189 4 47 3; 650 85 0 4 7567 70 83 0 10 0; 0 0 0 0 0 420 2 0 0 0; 0 0 0 0 0 0 553 0 0 0; 1 61 2 1 0 0 79 983 4 1; 0 0 0 1 0 0 0 0 387 0; 1 176 0 44 1 23 5 3 0 9086],10,48.323673766,11.087481568,139.188162253,49226,0.0028275334630682974
38,0.001,manhattan,61,682,4089,0.9475,0.7932,0.6408,0.8368,0.9597,0.0677,0.1989,0.1879,0.9897,0.0264,0.5649,0.7956,0.6869,[8810 10 0 0 307 179 95 0 0 0; 0 6720 0 0 2 42 3132 0 0 0; 0 37 33 0 0 0 0 0 0 0; 202 174 0 6875 6 2070 223 1 6 0; 181 30 0 0 8104 56 98 0 0 0; 0 0 0 0 0 422 0 0 0 0; 0 0 0 0 1 3 549 0 0 0; 0 55 0 0 0 949 10 118 0 0; 1 0 0 0 0 0 1 0 386 0; 2 23 0 0 0 8325 859 5 0 125],10,48.473065218,10.975196543,149.063747078,49227,0.0030280892006012963
39,0.001,manhattan,57,590,4020,0.9487,0.8655,0.1665,0.8892,0.0,0.3095,0.8799,0.1838,0.3252,0.8646,0.5433,0.5126,0.808,[8625 1 272 1 0 255 7 2 233 5; 5 7724 108 6 0 145 1 394 6 1507; 0 0 70 0 0 0 0 0 0 0; 1 31 10 7664 0 1100 3 41 4 703; 150 81 300 6 0 202 39 6288 1284 119; 0 0 0 2 0 420 0 0 0 0; 0 0 1 0 0 26 524 0 2 0; 0 52 2 0 0 31 2 796 1 248; 0 1 0 0 0 2 1 1 373 10; 0 63 8 2 0 111 61 6 3 9085],10,48.498607885,10.65558691,145.514078515,49227,0.002955981037134093
40,0.001,manhattan,72,694,4235,0.9402,0.9544,0.9655,0.9863,0.7206,0.6059,0.6021,0.8161,0.1546,0.9882,0.7734,0.7699,0.9126,[8530 7 0 1 0 84 57 1 709 1; 2 9092 3 2 0 100 569 100 25 3; 0 0 70 0 0 0 0 0 0 0; 0 13 0 9351 0 56 23 34 77 3; 224 19 2 0 4770 138 2 10 3304 0; 0 0 0 0 0 422 0 0 0 0; 0 0 0 0 0 0 553 0 0 0; 0 25 0 49 0 64 62 883 49 0; 0 0 0 0 0 0 0 0 388 0; 0 0 0 1 0 107 18 4 81 9128],10,49.0826459,11.586695208,150.440635477,49216,0.0030567424308558192
41,0.001,manhattan,67,735,4697,0.9852,0.941,0.9008,0.9711,0.9663,0.7939,0.9836,0.8318,0.9896,0.9923,0.9356,0.9363,0.9429,[9225 86 0 2 0 80 0 8 0 0; 38 9780 0 0 0 44 0 33 0 1; 0 11 59 0 0 0 0 0 0 0; 8 317 0 9117 4 57 0 53 1 0; 50 402 2 31 7925 18 0 41 0 0; 0 6 0 0 0 416 0 0 0 0; 0 9 0 0 2 0 539 3 0 0; 4 186 0 27 2 3 4 905 0 1; 1 6 0 0 0 0 0 0 381 0; 0 88 0 43 0 8 0 1 0 9199],10,48.69979782,12.317017149,165.171964385,49227,0.003355312417677291
42,0.001,manhattan,46,517,3147,0.9458,0.8979,0.0548,0.8102,0.918,0.6881,0.8911,0.8892,0.9502,0.969,0.8014,0.8602,0.823,[8619 108 0 624 4 43 0 0 0 0; 9 8866 1 1003 0 17 0 0 0 0; 2 66 2 0 0 0 0 0 0 0; 117 630 0 8639 21 141 0 0 1 0; 49 101 0 947 7213 157 0 1 1 0; 0 0 0 4 0 418 0 0 0 0; 0 0 0 1 1 3 548 0 0 0; 1 6 0 73 5 10 129 907 0 1; 1 0 0 33 1 0 0 0 353 0; 29 76 0 452 0 4 0 0 0 8778],10,48.794785034,9.552279606,120.038301729,49216,0.0024390097067823473
43,0.001,manhattan,48,745,3587,0.9401,0.9794,0.9855,0.8788,0.9616,0.4083,0.7123,0.5459,0.8499,0.9444,0.8206,0.7836,0.9425,[8955 0 0 0 0 297 20 0 128 0; 179 9517 0 1 1 160 10 28 0 0; 0 2 68 0 0 0 0 0 0 0; 32 2 0 7503 2 343 100 1564 3 6; 15 0 0 0 8010 188 248 6 2 0; 7 0 0 0 0 411 0 2 2 0; 1 0 0 0 1 0 551 0 0 0; 11 17 0 0 1 9 26 1067 0 1; 0 0 0 0 0 0 0 0 388 0; 452 0 0 16 176 183 39 110 2 8361],10,47.779942384,10.511182459,130.039195526,49224,0.0026417844044774904
44,0.001,manhattan,56,738,3932,0.9594,0.9214,0.3922,0.906,0.9641,0.3312,0.7115,0.6134,0.9923,0.9687,0.776,0.7368,0.938,[8668 131 8 0 1 378 214 0 0 1; 0 8986 80 0 225 590 13 2 0 0; 0 0 70 0 0 0 0 0 0 0; 0 347 73 7928 12 293 65 827 3 9; 0 66 2 0 8169 200 28 3 0 1; 0 0 0 0 2 418 0 2 0 0; 0 3 0 0 0 0 550 0 0 0; 0 42 1 0 64 4 71 948 0 2; 1 2 0 0 0 0 0 0 385 0; 0 32 53 16 5 219 52 177 0 8785],10,48.594149136,10.955250814,141.203563216,49227,0.0028684169910008733
45,0.001,manhattan,58,802,4541,0.8649,0.9514,0.9781,0.9543,0.9316,0.9336,0.9741,0.6874,0.9649,0.9875,0.9228,0.9262,0.9228,[8931 326 0 0 125 9 0 7 1 2; 416 9448 0 0 3 7 8 4 9 1; 3 0 67 0 0 0 0 0 0 0; 587 22 0 8722 28 3 0 177 13 5; 851 13 0 0 7521 7 9 68 0 0; 13 0 0 0 0 408 0 1 0 0; 6 1 0 0 0 0 546 0 0 0; 391 6 0 0 0 0 5 728 0 2; 3 0 0 0 0 0 0 0 385 0; 50 149 0 1 0 18 0 1 2 9118],10,49.614947372,12.155326197,160.505317038,49227,0.0032605138854287278
46,0.001,manhattan,57,623,3632,0.9088,0.8852,0.1647,0.9001,0.8519,0.8867,0.0144,0.2363,0.9791,0.7931,0.662,0.8028,0.6864,[7865 199 0 2 1310 8 0 15 0 0; 26 9525 8 0 8 5 0 324 0 0; 0 63 7 0 0 0 0 0 0 0; 6 366 0 7838 250 17 0 1074 2 1; 12 512 0 0 7834 37 0 72 0 0; 0 5 0 2 5 407 0 3 0 0; 0 299 0 0 245 2 4 3 0 0; 0 238 0 0 185 0 0 709 0 0; 0 3 0 1 3 6 0 1 374 0; 0 415 0 18 85 14 0 2669 0 6138],10,49.295053296,10.346449935,132.510953991,49220,0.002692217675558716
47,0.001,manhattan,62,713,4182,0.9743,0.9402,0.979,0.9399,0.9696,0.9734,0.8518,0.685,0.983,0.9736,0.927,0.9099,0.954,[9130 262 0 0 1 0 0 7 0 1; 12 9865 2 0 0 3 2 12 0 0; 0 0 70 0 0 0 0 0 0 0; 23 476 0 8497 58 6 5 489 1 2; 155 196 1 0 8027 8 37 40 0 5; 0 0 0 1 0 421 0 0 0 0; 4 15 0 0 0 0 526 8 0 0; 7 34 0 1 0 4 103 982 0 1; 1 0 0 6 1 0 0 4 376 0; 8 242 0 18 1 1 9 193 0 8867],10,49.38090043,11.214270932,149.541333083,49227,0.003037790909114917
48,0.001,manhattan,49,586,3300,0.6981,0.7723,0.0,0.8814,0.1559,0.9807,0.3082,0.8245,0.9674,0.9835,0.6572,0.719,0.7505,[8790 0 0 588 2 0 18 0 0 0; 7 6276 0 953 1 0 2350 303 2 4; 0 69 0 0 0 0 0 1 0 0; 8 1 0 9520 1 0 7 6 12 0; 6975 1 0 731 716 0 7 29 9 0; 0 0 0 16 0 406 0 0 0 0; 0 0 0 2 0 0 551 0 0 0; 0 9 0 18 0 0 47 1057 0 1; 1 0 0 0 0 0 1 0 386 0; 2 0 0 218 0 0 42 36 1 9039],10,49.472601038,10.283636068,121.092755113,49220,0.002460234764587566
49,0.001,manhattan,61,658,3850,0.9748,0.7109,0.25,0.9048,0.9501,0.5545,0.1518,0.0748,0.582,0.8218,0.5975,0.7563,0.7201,[8934 138 0 34 56 95 87 0 51 0; 0 6739 0 40 1 40 3073 0 0 0; 0 60 10 0 0 0 0 0 0 0; 0 258 0 8118 2 384 616 0 179 0; 0 104 0 20 7727 58 279 0 281 0; 0 2 0 0 0 420 0 0 0 0; 0 14 0 6 0 0 533 0 0 0; 0 49 0 17 0 3 1019 44 0 0; 0 3 0 9 0 0 0 0 376 0; 0 1699 0 143 10 93 862 1 17 6514],10,49.471339354,10.954568895,140.735549136,49218,0.002859432507131537
50,0.001,manhattan,51,552,3297,0.9514,0.0629,0.9571,0.5937,0.9469,0.9882,0.2737,0.193,0.7681,0.4309,0.6166,0.7323,0.7676,[8565 2 0 263 9 0 213 240 107 0; 10 321 2 8099 1 1 1088 359 2 0; 0 0 67 0 0 0 3 0 0 0; 9 0 0 7635 1 0 480 1346 1 0; 6 0 0 97 7624 0 590 91 60 0; 0 0 0 0 0 420 1 1 0 0; 0 0 0 0 0 0 551 2 0 0; 8 0 1 54 0 2 66 1001 0 0; 0 0 0 25 0 0 7 0 356 0; 8 0 0 73 0 5 475 6200 13 2565],10,48.753221705,10.12836208,122.98965634,49126,0.0025035552729715427
51,0.001,manhattan,55,563,3490,0.0508,0.9188,0.9928,0.9136,0.6421,0.3239,0.6527,0.7354,0.6973,0.9454,0.6873,0.6782,0.8219,[264 1 0 11 8594 243 6 1 223 41; 725 8501 0 5 3 517 92 9 10 31; 0 0 69 1 0 0 0 0 0 0; 8 73 0 8662 14 726 6 45 0 14; 13 13 0 40 8091 188 18 3 86 16; 0 0 0 0 0 422 0 0 0 0; 0 0 0 0 0 6 546 0 1 0; 1 17 0 40 11 7 347 692 0 17; 5 2 0 0 1 0 1 0 379 0; 1 5 0 655 20 75 104 0 0 8479],10,48.652126871,10.101853716,127.056578578,49197,0.002582608260219119
52,0.001,manhattan,59,714,3985,0.9639,0.9824,0.7797,0.9412,0.9579,0.9787,0.3627,0.6279,0.9793,0.9479,0.8522,0.8313,0.9321,[9093 0 6 34 0 6 229 27 3 0; 113 9566 30 81 0 2 93 11 0 0; 0 1 69 0 0 0 0 0 0 0; 2 2 0 8795 5 0 247 504 1 1; 242 1 0 93 7791 0 331 9 1 1; 0 0 0 7 0 413 1 1 0 0; 0 0 0 2 0 0 551 0 0 0; 16 9 2 17 0 0 283 804 0 1; 3 0 0 5 0 0 2 0 378 0; 0 0 0 97 2 1 748 73 1 8417],10,49.810357684,11.040707876,145.081249586,49224,0.0029473681453356087
53,0.001,manhattan,62,728,3931,0.1355,0.9286,0.8313,0.8939,0.9598,0.34,0.9801,0.8858,0.0781,0.99,0.7023,0.7687,0.8499,[684 132 0 2 0 399 0 1 8167 4; 0 9628 25 0 7 231 0 2 0 3; 0 1 69 0 0 0 0 0 0 0; 4 664 0 7855 0 726 0 0 235 72; 4 245 2 142 7835 142 1 86 12 0; 3 6 0 3 0 409 0 0 0 1; 0 8 0 0 0 0 542 3 0 0; 0 102 0 0 13 33 10 973 0 1; 9 1 0 17 3 0 0 0 358 0; 0 53 0 0 0 44 0 0 9 9233],10,49.045522672,11.062191782,148.044616398,49214,0.0030081809322144103
54,0.001,manhattan,61,733,4825,0.956,0.9651,0.3871,0.9722,0.9782,0.9801,0.7178,0.8272,0.516,0.9829,0.8283,0.833,0.8958,[8609 103 0 138 1 0 28 18 504 0; 0 9630 5 1 0 2 171 62 24 1; 0 52 18 0 0 0 0 0 0 0; 0 106 0 9213 5 0 38 136 58 1; 0 63 0 40 8114 2 32 80 138 0; 0 0 0 0 0 419 3 0 0 0; 0 0 0 0 1 0 538 14 0 0; 0 2 0 1 0 2 39 1087 0 1; 0 0 0 0 0 0 1 0 387 0; 0 105 0 3 0 8 96 99 1 9027],10,48.691988146,11.872660264,181.064296316,49227,0.0036781501272878706
55,0.001,manhattan,47,528,3510,0.9633,0.9696,0.9211,0.9166,0.9639,0.4561,0.8686,0.7317,0.9753,0.9897,0.8756,0.8618,0.9331,[8774 249 7 114 146 83 20 0 5 3; 11 9820 4 5 0 13 12 23 0 0; 0 0 70 0 0 0 0 0 0 0; 2 99 0 8648 2 678 122 2 0 3; 24 112 0 172 8017 139 1 3 1 0; 0 9 0 3 0 410 0 0 0 0; 0 0 0 1 0 0 552 0 0 0; 5 30 0 328 0 43 5 720 0 1; 0 0 0 13 0 0 0 0 375 0; 0 49 1 29 0 10 6 88 0 9156],10,49.044911143,10.013739724,133.336301788,49218,0.002709096301922061
56,0.001,manhattan,41,589,2952,0.9007,0.9119,0.9722,0.9504,0.9584,0.7514,0.7508,0.9165,0.6202,0.9881,0.8721,0.8367,0.9493,[9012 192 0 4 0 147 38 1 2 0; 990 8814 4 0 0 22 51 4 7 4; 0 0 70 0 0 0 0 0 0 0; 100 189 0 8684 1 39 106 1 433 2; 352 126 0 1 7794 47 148 0 1 0; 1 0 0 0 0 414 7 0 0 0; 0 0 0 0 0 0 553 0 0 0; 118 16 0 8 0 5 11 972 1 1; 1 0 0 0 0 0 0 0 387 0; 41 98 0 22 0 6 6 11 29 9126],10,49.826118777,9.619376416,109.737037245,49220,0.0022295212768183663
57,0.001,manhattan,62,704,4071,0.977,0.9518,0.9429,0.8766,0.9871,0.5241,0.991,0.579,0.9639,0.9837,0.8777,0.8575,0.95,[8980 96 0 0 35 275 0 6 8 1; 0 9796 4 0 3 61 0 32 0 0; 0 4 66 0 0 0 0 0 0 0; 0 521 0 7473 2 248 0 1309 2 2; 0 42 0 1 8292 125 0 6 3 0; 0 0 0 0 0 419 0 3 0 0; 0 0 0 0 0 0 553 0 0 0; 0 58 0 0 0 15 10 1048 0 1; 1 1 0 10 0 0 0 2 374 0; 0 171 0 8 0 34 0 82 1 9043],10,49.559345605,11.468228763,148.9332226,49227,0.0030254377191378714
58,0.001,manhattan,59,618,4005,0.9493,0.9653,0.9577,0.9268,0.9659,0.3409,0.9698,0.8887,0.5714,0.9954,0.8531,0.8345,0.9509,[8489 250 0 14 3 250 0 1 383 5; 0 9591 2 62 0 215 0 2 21 2; 0 2 68 0 0 0 0 0 0 0; 0 4 0 8496 0 1024 0 1 27 5; 1 58 2 104 7914 129 9 112 138 2; 0 0 0 0 0 422 0 0 0 0; 0 1 0 1 0 0 529 14 8 0; 0 43 0 74 0 4 0 1010 0 1; 0 0 0 0 0 0 0 0 388 0; 0 28 0 26 1 10 0 1 5 9268],10,49.215977047,10.848021307,145.648465083,49220,0.0029591317570702965
59,0.001,manhattan,59,685,3682,0.9649,0.9463,0.4118,0.9712,0.9688,0.5321,0.9695,0.8925,0.9653,0.9925,0.8615,0.8328,0.9635,[9159 119 4 8 10 83 0 5 13 0; 160 9191 45 11 2 465 0 11 0 11; 0 0 70 0 0 0 0 0 0 0; 98 122 80 9145 8 74 0 22 1 7; 158 91 42 59 7984 66 3 66 0 0; 0 0 0 3 0 418 0 1 0 0; 5 0 14 0 2 0 525 7 0 0; 0 5 12 35 5 9 2 1063 0 1; 1 0 1 5 0 1 0 5 375 0; 2 2 2 9 3 33 0 70 0 9218],10,49.473800748,10.937866092,134.052737927,49227,0.002723154730676255
60,0.001,manhattan,47,593,3044,0.976,0.9322,0.9928,0.8708,0.965,0.9751,0.3876,0.9148,0.7327,0.967,0.8714,0.8568,0.9413,[8973 215 0 0 6 0 152 0 21 34; 1 9592 0 0 45 9 172 7 0 70; 0 0 69 0 0 0 0 1 0 0; 0 637 0 7412 17 0 961 52 144 334; 6 89 0 2 7970 0 301 8 81 12; 3 5 0 0 0 411 3 0 0 0; 0 24 0 0 1 0 526 2 0 0; 0 74 0 4 2 0 15 1015 3 19; 3 0 0 3 0 0 0 0 381 1; 0 47 0 46 8 1 31 2 22 9182],10,49.024424781,9.614574763,109.452244815,49227,0.002223418953318301
61,0.001,manhattan,65,772,4530,0.9927,0.6569,0.0278,0.9543,0.9871,0.8882,0.1813,0.8212,0.991,0.9865,0.7487,0.8281,0.8119,[9273 3 0 32 44 2 46 0 0 1; 2 4895 0 474 4 52 4394 2 0 73; 0 69 1 0 0 0 0 0 0 0; 1 19 0 9340 19 36 127 0 3 12; 4 2 1 117 8318 8 14 0 2 3; 0 0 0 1 0 417 4 0 0 0; 0 0 0 0 0 0 553 0 0 0; 0 19 0 10 0 1 301 790 0 11; 0 0 0 0 0 0 2 0 386 0; 1 1 0 43 0 1 105 0 0 9188],10,49.028043613,12.271104159,158.82054277,49227,0.0032262892877892215
62,0.001,manhattan,53,585,3379,0.9768,0.8948,0.9481,0.8552,0.9772,0.507,0.2201,0.4648,0.8588,0.9052,0.7608,0.8863,0.772,[9045 98 1 89 0 162 1 0 5 0; 0 9863 0 15 0 16 1 0 1 0; 0 6 64 0 0 0 0 0 0 0; 49 630 0 8408 3 454 2 1 2 2; 19 120 0 121 8094 114 0 0 0 0; 0 2 0 3 0 417 0 0 0 0; 0 404 0 62 0 18 69 0 0 0; 1 686 0 92 0 7 1 343 0 2; 0 0 0 90 0 0 0 0 298 0; 5 341 0 1233 0 35 0 0 0 7725],10,49.540070572,10.376013346,124.473586412,49220,0.002528922925883787
63,0.001,manhattan,55,727,4572,0.9441,0.9606,0.9211,0.9548,0.944,0.5215,0.4777,0.3402,0.9681,0.9514,0.7984,0.8349,0.8828,[9150 184 0 0 0 50 17 0 0 0; 37 9717 12 5 0 21 102 0 0 2; 0 0 70 0 0 0 0 0 0 0; 90 171 0 8969 1 186 136 0 0 4; 563 98 0 7 7572 25 204 0 0 0; 0 0 0 1 0 419 2 0 0 0; 0 2 0 0 0 0 551 0 0 0; 6 13 0 164 0 5 710 232 0 2; 3 0 0 13 0 8 0 0 364 0; 134 151 0 71 0 471 32 0 0 8480],10,48.399282323,12.177754459,169.85824233,49227,0.0034505097269790968
64,0.001,manhattan,55,543,3257,0.9077,0.9204,0.764,0.8524,0.9498,0.3269,0.6145,0.6663,0.3174,0.9753,0.7295,0.7054,0.8721,[7817 150 0 342 34 70 1 15 967 0; 10 9142 40 277 2 392 27 6 0 0; 0 0 68 1 0 1 0 0 0 0; 0 522 0 7918 10 800 195 43 56 0; 0 73 0 432 7703 42 7 90 121 0; 0 0 0 1 0 421 0 0 0 0; 0 0 0 0 0 0 546 7 0 0; 0 6 0 7 0 55 414 649 0 1; 0 0 0 10 4 82 3 0 289 0; 0 76 0 46 0 291 31 6 0 8889],10,49.293392163,10.262261511,114.486026952,49208,0.0023265734626889936
65,0.001,manhattan,67,693,4690,0.9592,0.909,0.0282,0.9489,0.9528,0.6042,0.8367,0.7983,0.6816,0.9439,0.7663,0.8472,0.8296,[8667 454 0 3 177 51 28 0 21 0; 1 9871 0 7 5 8 4 0 0 0; 0 69 1 0 0 0 0 0 0 0; 0 589 0 8858 14 72 22 0 1 1; 2 234 0 2 7890 11 8 0 322 0; 0 2 0 1 0 419 0 0 0 0; 0 12 0 0 3 0 538 0 0 0; 0 74 0 68 0 109 124 752 3 2; 0 0 0 6 1 1 0 0 380 0; 0 517 0 168 2 294 9 0 0 8349],10,48.807732074,12.159424729,168.897452705,49227,0.0034309921934101207
66,0.001,manhattan,65,635,4266,0.9778,0.9663,0.0,0.1793,0.9432,0.07,0.8646,0.7913,0.7964,0.9443,0.6533,0.7554,0.7133,[9035 0 0 15 2 347 0 0 0 1; 22 9340 0 145 0 388 0 1 0 0; 0 67 0 0 0 3 0 0 0 0; 21 10 0 962 64 8487 9 0 3 1; 3 4 0 38 7674 708 35 1 5 0; 0 0 0 0 0 422 0 0 0 0; 0 0 0 0 0 4 549 0 0 0; 0 13 0 0 2 249 122 745 0 1; 0 0 0 7 60 57 2 0 262 0; 0 2 0 4 2 971 0 4 0 8356],10,49.504629044,11.136896947,154.879445443,49225,0.0031463574493245305
67,0.001,manhattan,52,715,3743,0.9822,0.9705,0.8625,0.9543,0.9388,0.986,0.9302,0.7956,0.9676,0.987,0.9375,0.9123,0.9691,[9090 67 1 10 197 2 2 24 7 1; 1 9778 20 5 48 1 7 36 0 0; 0 1 69 0 0 0 0 0 0 0; 0 173 0 8747 550 1 1 83 0 2; 16 100 0 2 8201 7 13 111 19 0; 0 0 0 0 0 422 0 0 0 0; 0 0 0 0 0 0 553 0 0 0; 1 52 0 8 0 0 60 1010 0 1; 0 0 0 0 0 0 0 0 388 0; 0 83 0 2 6 1 0 143 0 9104],10,49.157932497,10.671279961,138.714554972,49227,0.002817855139902899
68,0.001,manhattan,58,672,4256,0.9645,0.9538,0.6374,0.9804,0.8765,0.7153,0.934,0.8218,0.9791,0.9213,0.8784,0.8699,0.9141,[9015 82 2 1 4 211 0 0 1 85; 26 9826 18 7 0 7 2 2 0 8; 0 12 58 0 0 0 0 0 0 0; 136 127 0 9238 3 20 4 0 1 28; 95 346 0 4 6621 58 56 0 0 1289; 1 5 0 9 0 407 0 0 0 0; 0 1 0 0 0 0 552 0 0 0; 5 263 1 15 0 0 15 791 0 42; 0 0 0 0 10 1 0 0 374 3; 15 46 33 14 0 12 0 0 0 9219],10,49.515409829,11.622842802,157.413042732,49227,0.003197697254189774
69,0.001,manhattan,61,697,4042,0.979,0.9616,0.9929,0.9474,0.9776,0.9733,0.9881,0.8438,0.9832,0.9868,0.9634,0.9556,0.9741,[9264 16 0 2 6 0 0 110 2 0; 55 9823 1 0 5 5 0 7 0 0; 0 0 70 0 0 0 0 0 0 0; 81 631 0 8812 5 2 0 25 1 0; 118 17 0 62 8122 3 0 146 1 0; 0 0 0 0 0 419 0 3 0 0; 0 0 0 1 0 0 540 12 0 0; 2 8 0 29 7 0 0 1086 0 0; 0 0 0 7 0 0 0 1 380 0; 6 40 0 132 3 10 0 52 1 9095],10,49.075317139,11.112688112,147.246138855,49226,0.002991226970604965
70,0.001,manhattan,64,608,4178,0.6956,0.4005,0.3155,0.8948,0.9277,0.2682,0.9806,0.8155,0.5046,0.9438,0.6747,0.6806,0.846,[8875 71 3 0 5 437 0 0 2 0; 6092 2771 289 5 0 730 0 6 0 0; 0 2 68 0 0 0 0 0 0 0; 239 112 0 7754 5 769 0 7 664 4; 821 75 0 0 7337 232 0 0 4 0; 7 2 0 0 0 412 0 0 1 0; 4 11 0 0 0 6 532 0 0 0; 60 201 1 1 0 4 0 864 0 1; 3 0 0 1 0 0 0 0 384 0; 22 700 0 17 1 60 0 110 79 8350],10,48.807254468,11.259267134,156.097501333,49213,0.003171875344583748
71,0.001,manhattan,55,705,3922,0.9818,0.9664,0.5263,0.9811,0.9752,0.8913,0.7444,0.8736,0.9691,0.9925,0.8902,0.8666,0.9529,[9129 195 4 56 0 15 1 0 1 0; 2 9759 87 34 0 11 3 0 0 0; 0 5 65 0 0 0 0 0 0 0; 0 155 6 9389 4 2 0 0 1 0; 53 160 3 14 8063 30 136 0 10 0; 0 0 0 8 0 414 0 0 0 0; 0 1 0 0 0 0 552 0 0 0; 0 19 2 7 0 8 218 878 0 0; 12 0 0 0 0 0 0 0 376 0; 0 7 10 75 0 27 20 0 0 9200],10,48.689560582,10.794626526,141.740811202,49227,0.002879330676295529
72,0.001,manhattan,56,558,3795,0.9522,0.9513,0.0,0.9078,0.9228,0.3797,0.4886,0.0035,0.5246,0.9764,0.6107,0.642,0.7514,[8757 153 0 40 4 194 0 0 251 0; 9 9845 0 22 0 12 0 0 4 3; 0 70 0 0 0 0 0 0 0 0; 93 232 0 8323 1 685 0 0 210 13; 66 421 0 244 7259 311 0 1 167 0; 0 0 0 3 0 419 0 0 0 0; 0 4 0 24 0 1 523 0 1 0; 29 36 0 36 0 46 965 2 1 17; 2 11 0 2 0 0 0 0 373 0; 39 31 0 86 0 117 100 0 27 8939],10,48.771472637,10.718424631,138.697921467,49224,0.0028176889620307164
73,0.001,manhattan,45,606,2845,0.9245,0.6909,0.88,0.7842,0.9288,0.9579,0.8793,0.4978,0.5531,0.9914,0.8088,0.7907,0.8744,[8078 85 0 516 1 0 0 109 606 2; 0 5681 14 3716 42 2 5 414 2 19; 0 4 66 0 0 0 0 0 0 0; 0 47 0 9223 2 14 0 237 2 26; 1 691 0 136 7382 4 0 237 16 2; 0 6 0 2 0 410 0 3 1 0; 0 0 0 3 0 4 517 29 0 0; 0 34 0 278 0 0 100 720 0 0; 0 0 0 0 0 0 0 0 388 0; 0 3 0 96 0 0 1 12 0 9227],10,48.921874774,9.717710221,108.785160185,49216,0.0022103616747602404
74,0.001,manhattan,60,717,4208,0.9779,0.9503,0.9859,0.9651,0.9784,0.9301,0.8839,0.9513,0.987,0.993,0.9603,0.9474,0.977,[9003 365 1 4 24 0 0 2 0 0; 0 9861 1 2 3 0 2 24 0 3; 0 0 70 0 0 0 0 0 0 0; 2 425 0 9033 9 14 59 4 1 9; 7 165 0 9 8147 46 71 16 1 7; 0 0 0 3 0 419 0 0 0 0; 0 0 0 0 1 0 552 0 0 0; 0 31 0 16 0 0 9 1075 0 1; 0 0 0 8 0 0 0 0 380 0; 1 11 0 89 0 0 3 7 0 9228],10,49.776479854,11.411475144,152.936349425,49224,0.0031069468028807087
75,0.001,manhattan,56,649,3448,0.9662,0.9219,0.8167,0.8881,0.962,0.3749,0.7138,0.8944,0.5952,0.9487,0.8082,0.7911,0.9134,[9029 56 0 0 7 198 106 0 0 1; 44 9590 1 0 37 189 29 5 0 1; 0 21 49 0 0 0 0 0 0 0; 86 328 0 7651 20 802 69 108 489 0; 17 228 0 0 7927 127 169 1 0 0; 0 0 0 0 0 419 3 0 0 0; 0 0 0 0 0 0 550 0 0 0; 0 41 0 3 4 12 38 1033 0 1; 0 8 0 0 1 1 0 6 372 0; 117 636 0 23 15 65 27 25 1 8430],10,48.659530335,10.611333839,128.697464364,49216,0.002614951730412874
76,0.001,manhattan,55,602,3562,0.9776,0.8931,0.8904,0.9571,0.9684,0.9277,0.9274,0.9164,0.975,0.9566,0.939,0.9461,0.9369,[8991 398 0 3 1 1 0 0 0 6; 2 9872 10 2 0 0 0 2 0 0; 0 5 65 0 0 0 0 0 0 0; 1 665 0 8870 17 1 0 0 2 1; 0 419 0 68 7980 0 2 0 0 0; 0 33 0 4 0 385 0 0 0 0; 0 9 0 0 1 0 543 0 0 0; 0 88 1 5 13 0 65 959 0 1; 0 10 0 7 0 0 0 0 371 0; 0 720 0 20 0 21 8 0 0 8570],10,49.473830443,10.766472199,130.013655183,49218,0.002641587532670974
77,0.001,manhattan,65,682,4373,0.9759,0.9662,0.5714,0.9469,0.9005,0.9148,0.9796,0.8986,0.2134,0.9629,0.833,0.8184,0.9459,[9246 130 0 0 5 0 0 2 16 1; 148 9547 105 1 2 3 3 23 64 0; 0 0 70 0 0 0 0 0 0 0; 22 40 0 8598 3 9 0 7 877 1; 98 11 0 3 6958 11 0 28 1359 1; 0 0 0 0 0 419 0 0 3 0; 0 1 0 0 1 0 551 0 0 0; 6 84 0 0 4 6 18 992 21 1; 0 2 0 0 0 0 0 0 386 0; 29 50 0 1 12 46 0 24 503 8674],10,49.181084397,11.363902205,157.364021311,49226,0.0031967663696217444
78,0.001,manhattan,69,714,4985,0.0396,0.8338,0.3594,0.9264,0.6297,0.955,0.9854,0.2597,0.7963,0.9843,0.677,0.6555,0.8083,[217 83 3 0 8745 1 0 335 17 0; 600 7178 241 1 1 8 1 1863 0 3; 0 0 69 0 0 0 0 1 0 0; 235 11 1 8340 5 0 1 941 22 1; 79 19 0 100 7916 0 0 200 155 0; 0 0 0 5 0 414 0 3 0 0; 7 1 0 0 1 0 540 4 0 0; 385 26 0 0 0 16 0 704 0 1; 1 0 0 0 2 0 0 0 385 0; 31 3 0 3 2 6 1 238 0 9055],10,49.614589518,12.081391563,174.599249037,49227,0.0035468187993783896
79,0.001,manhattan,56,650,3830,0.9201,0.9531,0.9706,0.2299,0.8469,0.1946,0.8457,0.1923,0.9709,0.9892,0.7113,0.7889,0.851,[8011 6 0 0 0 1057 1 321 0 4; 0 9035 0 0 0 555 38 268 0 0; 0 4 66 0 0 0 0 0 0 0; 0 10 0 1243 2 1272 5 6987 18 20; 2 1 0 0 6221 429 150 1663 1 2; 0 0 0 0 0 422 0 0 0 0; 0 0 0 0 0 5 548 0 0 0; 0 4 0 10 0 11 1 1104 0 2; 0 0 0 0 0 0 0 4 384 0; 0 4 0 2 0 165 0 1 0 9167],10,49.45046092,10.629591474,143.033577732,49226,0.0029056510326250355
80,0.001,manhattan,60,568,3948,0.8656,0.1228,0.8535,0.9146,0.6366,0.6947,0.1216,0.7043,0.8547,0.0013,0.577,0.6744,0.7502,[9003 20 0 78 22 197 74 0 7 0; 2392 666 19 36 6002 47 213 520 1 0; 0 1 67 0 2 0 0 0 0 0; 0 2 1 8319 10 32 1121 0 72 0; 3 224 0 25 8110 58 49 0 0 0; 0 0 0 0 0 422 0 0 0 0; 0 0 0 0 0 3 550 0 0 0; 2 13 0 4 8 8 198 899 0 0; 0 0 0 33 0 0 5 0 350 0; 1 22 0 140 2856 26 6285 2 1 6],10,49.436981606,10.655514212,144.652475028,49227,0.0029384783762569323
81,0.001,manhattan,62,652,4078,0.9292,0.8199,0.1333,0.9374,0.9431,0.7388,0.3168,0.8852,0.297,0.9899,0.6991,0.7773,0.8317,[9088 0 0 0 0 23 14 0 275 0; 213 6926 0 2 0 61 2058 14 606 16; 5 60 5 0 0 0 0 0 0 0; 205 5 0 8431 6 152 64 0 685 6; 595 1 0 2 7563 22 25 37 224 0; 2 0 0 0 0 420 0 0 0 0; 2 0 0 0 0 0 551 0 0 0; 32 6 0 0 0 29 113 945 5 2; 1 0 0 0 0 0 1 0 386 0; 18 1 0 0 0 8 100 7 30 9175],10,49.17362198,11.216449377,150.386948486,49223,0.0030552170425614043
82,0.001,manhattan,58,666,4144,0.9801,0.9807,0.9718,0.9295,0.9654,0.9976,0.9734,0.6262,0.983,0.9862,0.9394,0.9319,0.9635,[9050 12 0 110 37 0 0 192 0 0; 4 9664 3 107 15 0 0 103 0 0; 0 0 69 1 0 0 0 0 0 0; 0 19 0 8836 8 0 0 685 0 9; 9 19 0 294 7984 0 3 159 0 1; 0 0 0 2 0 420 0 0 0 0; 0 4 0 12 1 0 530 6 0 0; 1 24 0 22 2 0 0 1072 0 11; 2 6 0 0 4 0 0 1 375 0; 0 64 0 72 20 0 3 74 0 9106],10,50.024299174,10.946743198,145.839689179,49227,0.0029625955101671847
83,0.001,manhattan,53,596,3621,0.9621,0.9773,0.971,0.8484,0.9082,0.224,0.7904,0.893,0.8297,0.957,0.8361,0.855,0.898,[8805 0 0 315 0 269 9 0 0 0; 2 9484 1 117 0 285 4 1 0 1; 0 2 67 0 0 1 0 0 0 0; 4 10 0 8175 1 1347 8 0 0 0; 95 3 0 1000 7046 254 57 0 14 0; 0 0 0 1 0 421 0 0 0 0; 0 0 0 1 0 9 543 0 0 0; 0 13 0 4 0 33 165 914 0 3; 0 0 0 101 0 2 0 0 285 0; 0 2 0 13 0 716 35 0 0 8573],10,48.934623232,10.340338145,131.156330464,49211,0.002665183200178822
84,0.001,manhattan,55,665,3871,0.9466,0.9291,0.0,0.9173,0.9283,0.9232,0.2382,0.6671,0.9834,0.9893,0.7523,0.7856,0.8039,[9062 8 3 125 1 1 198 0 2 1; 0 8676 0 22 0 19 1177 1 0 1; 0 70 0 0 0 0 0 0 0 0; 12 2 0 8368 0 4 1171 0 0 0; 672 2 0 110 7336 1 339 0 9 0; 0 0 0 0 0 415 7 0 0 0; 0 0 0 1 0 0 552 0 0 0; 0 17 0 50 0 0 497 567 0 1; 0 0 0 1 0 0 1 0 386 0; 0 6 0 11 0 37 140 0 0 9145],10,48.531569062,10.695541773,144.002126864,49227,0.002925267167692526
85,0.001,manhattan,66,691,3996,0.9533,0.927,0.9324,0.9842,0.9746,0.9711,0.9714,0.4772,0.9858,0.9366,0.9114,0.9034,0.9542,[8609 319 0 0 14 1 0 455 2 0; 0 9211 6 1 2 1 0 675 0 0; 0 1 69 0 0 0 0 0 0 0; 49 70 0 9278 2 7 0 149 1 1; 4 197 0 15 8108 2 0 140 3 0; 0 0 0 0 0 420 0 2 0 0; 0 3 0 0 0 0 526 24 0 0; 0 32 1 0 1 0 4 1094 0 0; 0 0 0 0 2 0 0 3 383 0; 0 143 2 3 41 12 0 911 0 8227],10,48.675544831,11.179382357,145.836371438,49226,0.0029625882955755085
86,0.001,manhattan,67,707,4505,0.9822,0.8603,0.9565,0.9021,0.9398,0.1621,0.8563,0.7344,0.9701,0.9744,0.8338,0.8538,0.8996,[9133 67 0 0 2 199 0 0 0 0; 53 8092 2 0 19 1728 1 1 0 0; 0 4 66 0 0 0 0 0 0 0; 3 357 0 7853 3 1307 3 25 3 3; 1 65 0 0 7530 671 127 75 0 0; 0 0 0 0 0 422 0 0 0 0; 0 1 0 0 0 0 551 1 0 0; 6 310 0 0 0 28 52 730 5 1; 0 13 0 0 0 1 0 1 373 0; 0 7 0 1 1 430 0 23 0 8877],10,48.735481042,11.6257179,161.800920613,49227,0.003286832848091494
87,0.001,manhattan,48,538,3282,0.938,0.9051,0.8872,0.9279,0.9685,0.5104,0.9946,0.9137,0.5613,0.9373,0.8544,0.839,0.9311,[8334 854 0 3 1 190 0 0 18 1; 8 9828 2 2 21 28 1 1 5 0; 0 11 59 0 0 0 0 0 0 0; 22 173 0 8534 1 307 0 23 493 4; 0 227 2 17 8004 170 0 31 18 0; 0 0 0 3 0 416 0 0 3 0; 0 4 0 0 0 1 548 0 0 0; 3 58 0 5 1 16 0 1011 37 1; 0 0 0 1 0 0 0 0 387 0; 1 666 0 272 32 80 0 15 30 8243],10,49.04059177,10.127595785,121.826182808,49227,0.0024747838139232534
88,0.001,manhattan,65,720,4052,0.9798,0.8612,0.8993,0.9242,0.9518,0.4209,0.2104,0.6909,0.979,0.9549,0.7872,0.7678,0.8589,[9030 152 0 0 2 184 32 0 0 1; 0 9033 12 1 8 376 464 2 0 0; 0 3 67 0 0 0 0 0 0 0; 1 372 0 8225 24 293 36 602 1 3; 1 432 0 7 7739 259 28 0 0 3; 0 0 0 0 0 422 0 0 0 0; 0 396 0 0 0 3 154 0 0 0; 0 150 0 8 9 10 16 939 0 0; 0 3 0 1 1 5 5 0 373 0; 0 540 0 0 9 31 176 43 0 8540],10,48.476750498,11.389639354,142.177802114,49227,0.0028882077338452474
89,0.001,manhattan,56,705,4009,0.9847,0.9054,0.8284,0.9099,0.984,0.3162,0.9779,0.7803,0.983,0.9936,0.8663,0.8428,0.9547,[9125 73 0 58 24 117 3 1 0 0; 2 8364 28 462 4 1032 1 2 0 1; 0 0 70 0 0 0 0 0 0 0; 1 120 0 8492 11 470 3 453 1 6; 2 3 0 49 8284 117 2 12 0 0; 0 0 0 1 0 421 0 0 0 0; 0 1 0 0 0 0 552 0 0 0; 0 10 1 4 11 62 12 1032 0 0; 1 0 0 10 0 0 0 1 376 0; 1 8 0 32 34 22 3 12 0 9227],10,48.77323456,11.421681385,147.501829585,49227,0.002996360322282487
90,0.001,manhattan,59,672,4370,0.9791,0.9625,0.2299,0.891,0.1413,0.4256,0.1083,0.7801,0.9282,0.9939,0.644,0.7829,0.7457,[9048 207 0 0 0 98 45 0 0 1; 10 9702 3 0 0 32 144 1 0 3; 0 60 10 0 0 0 0 0 0 0; 0 14 0 7679 2 726 1112 17 0 7; 23 4 0 0 644 223 7575 0 0 0; 0 0 0 0 0 416 6 0 0 0; 0 0 0 0 0 0 553 0 0 0; 0 269 4 0 0 4 118 736 0 1; 1 0 0 0 0 0 51 0 336 0; 1 9 0 0 0 34 57 1 0 9237],10,49.098406941,11.581405226,160.568935619,49224,0.003262005030452625
91,0.001,manhattan,48,606,2860,0.9785,0.8739,0.8846,0.9136,0.9345,0.6127,0.9945,0.2343,0.0103,0.9096,0.7346,0.7202,0.787,[9139 25 0 0 16 0 0 142 5 0; 23 8324 17 1 432 0 0 223 866 0; 1 0 69 0 0 0 0 0 0 0; 185 127 0 8041 13 465 0 696 27 1; 2 20 0 3 8214 50 0 159 15 0; 0 1 0 0 0 416 0 5 0 0; 0 5 0 0 1 0 547 0 0 0; 2 632 0 0 2 0 0 476 19 1; 0 0 0 2 377 0 0 1 8 0; 0 31 0 0 61 5 0 1229 221 7792],10,49.070377018,9.389326442,105.585428409,49135,0.0021488842659814797
92,0.001,manhattan,61,639,4107,0.955,0.8669,0.9185,0.9435,0.9326,0.9797,0.5312,0.485,0.6764,0.9454,0.8234,0.8254,0.8775,[9003 302 0 13 0 0 73 0 6 3; 373 9405 0 15 0 0 91 2 0 10; 0 8 62 0 0 0 0 0 0 0; 21 426 0 8640 1 5 27 96 305 36; 37 468 0 83 7402 0 472 1 3 3; 0 0 0 1 0 410 9 0 0 2; 0 0 0 0 0 0 553 0 0 0; 0 388 1 0 2 0 296 420 20 5; 0 9 0 4 0 0 0 3 372 0; 21 797 2 2 0 0 8 78 6 8425],10,49.655862466,10.912390556,150.839619329,49226,0.0030642266145735992
93,0.001,manhattan,55,584,3778,0.898,0.9654,0.9231,0.9251,0.9633,0.2378,0.8025,0.0105,0.3778,0.99,0.7094,0.7972,0.8329,[8353 0 0 0 4 166 0 0 875 3; 113 9272 0 1 0 293 140 0 76 1; 0 8 60 0 0 0 0 0 2 0; 167 10 0 8227 2 1075 5 0 67 4; 361 0 0 1 7875 149 0 0 83 0; 0 0 0 0 0 415 0 0 7 0; 0 2 0 0 0 25 520 0 6 0; 21 20 0 0 0 940 75 6 70 0; 20 0 0 1 0 0 0 0 367 0; 168 0 0 0 0 5 3 0 2 9161],10,48.341837113,10.301639435,158.372971119,49227,0.0032171972925223963
94,0.001,manhattan,68,685,4272,0.8699,0.9447,0.7434,0.9744,0.9668,0.9929,0.688,0.6013,0.9373,0.9518,0.8671,0.865,0.9111,[8538 8 0 0 13 0 205 633 3 0; 818 8909 1 2 0 5 23 136 1 1; 25 3 42 0 0 0 0 0 0 0; 249 6 0 9158 3 0 33 85 19 3; 357 5 0 1 7945 0 143 13 5 0; 0 0 0 0 0 421 0 1 0 0; 1 0 0 0 0 0 538 14 0 0; 35 17 0 1 1 0 7 1070 0 1; 0 0 0 0 0 0 6 1 381 0; 207 17 0 80 5 0 56 474 16 8484],10,68.85314874,14.925073195,220.439853445,49225,0.00447820931325546
95,0.001,manhattan,61,673,4509,0.9827,0.9078,0.9577,0.9774,0.9276,0.541,0.644,0.4256,0.9722,0.9716,0.8308,0.8632,0.8857,[9096 277 0 1 4 2 21 0 0 0; 0 9876 3 1 0 10 6 0 0 0; 0 2 68 0 0 0 0 0 0 0; 1 305 0 9141 2 100 6 0 0 2; 12 1035 0 0 7331 83 8 0 0 0; 0 3 0 0 0 412 7 0 0 0; 0 12 0 0 1 9 531 0 0 0; 0 295 0 0 0 123 408 306 0 0; 3 4 0 1 0 13 0 0 367 0; 0 52 1 3 0 349 109 0 0 8825],10,78.193721053,18.762890386,218.908905274,49227,0.00444692760627298
96,0.001,manhattan,65,775,4489,0.9735,0.9779,0.8548,0.9012,0.9719,0.9786,0.278,0.8844,0.9155,0.95,0.8686,0.8884,0.9157,[9129 13 0 81 1 0 177 0 0 0; 3 9517 1 51 0 2 310 4 0 8; 0 17 53 0 0 0 0 0 0 0; 41 15 0 8137 2 0 1348 2 0 12; 161 0 0 103 8017 3 106 16 61 2; 0 0 0 8 0 411 3 0 0 0; 0 0 0 0 0 0 553 0 0 0; 1 7 0 6 0 1 198 918 0 1; 0 0 0 1 8 0 0 0 379 0; 19 0 0 114 0 1 730 4 0 8471],10,76.256734224,14.585880717,233.144434244,49227,0.004736108928921121
97,0.001,manhattan,58,614,4003,0.9753,0.9288,0.8333,0.9733,0.9415,0.688,0.9608,0.9494,0.9818,0.9919,0.9224,0.8979,0.9673,[8956 192 0 0 84 167 0 0 0 0; 1 9123 27 1 716 14 2 8 1 3; 0 0 70 0 0 0 0 0 0 0; 1 244 0 9129 52 121 0 0 1 5; 2 92 0 2 8308 65 0 0 0 0; 2 0 0 0 0 420 0 0 0 0; 0 2 0 0 0 0 551 0 0 0; 0 34 1 15 6 3 41 1031 0 1; 5 0 0 0 0 5 0 0 378 0; 0 61 0 59 14 4 0 1 2 9198],10,75.03704742,17.7006352,199.694307692,49221,0.004057095704922696
98,0.001,manhattan,60,656,3869,0.9582,0.9595,0.6848,0.9221,0.968,0.302,0.7032,0.4391,0.6329,0.9443,0.7514,0.7169,0.8874,[8674 93 0 30 80 177 6 16 323 0; 8 9548 51 10 0 116 13 150 0 0; 0 7 63 0 0 0 0 0 0 0; 3 70 0 8346 3 806 64 157 98 10; 1 106 0 8 8223 65 48 12 6 0; 0 1 0 2 0 418 0 0 1 0; 1 1 0 0 0 5 546 0 0 0; 16 146 0 67 214 45 207 420 17 0; 1 0 0 0 0 0 0 0 387 0; 1 34 0 83 0 714 116 26 3 8362],10,80.100508564,13.879489284,186.136520275,49225,0.0037813411940071104
99,0.001,manhattan,58,607,3909,0.9195,0.8619,0.2278,0.9503,0.8877,0.0705,0.9393,0.7186,0.9808,0.0062,0.6563,0.8312,0.7414,[8001 198 0 0 179 1004 14 0 5 0; 0 7921 0 1 1603 328 19 24 0 0; 0 61 9 0 0 0 0 0 0 0; 0 164 0 8667 31 215 5 471 4 0; 0 25 0 0 8349 92 2 1 0 0; 0 9 0 0 0 413 0 0 0 0; 0 3 0 0 1 15 534 0 0 0; 0 29 0 0 8 179 3 913 0 0; 0 0 0 0 0 5 0 0 383 0; 0 75 0 16 170 9041 7 0 1 29],10,64.053051431,16.662203642,203.922905125,49227,0.004142501170597436
100,0.001,manhattan,55,664,3999,0.9672,0.9625,0.8861,0.9622,0.9712,0.9928,0.4472,0.4565,0.9476,0.9538,0.8547,0.8845,0.9047,[9130 6 0 0 172 0 90 0 3 0; 51 9801 18 2 2 0 19 2 0 1; 0 0 70 0 0 0 0 0 0 0; 233 189 0 8911 69 0 134 0 15 6; 22 123 0 2 8271 0 38 1 12 0; 5 0 0 1 0 416 0 0 0 0; 0 0 0 0 0 0 553 0 0 0; 8 24 0 39 42 0 659 336 0 24; 1 0 0 7 0 0 0 0 380 0; 28 327 0 3 7 0 427 1 4 8542],10,80.97300829,18.498962243,185.249970887,49227,0.0037631781519694473
101,0.001,manhattan,48,499,3401,0.9024,0.9139,0.9857,0.8979,0.9654,0.9832,0.733,0.8316,0.7994,0.9476,0.896,0.9077,0.9045,[8982 357 0 3 31 0 27 1 0 0; 242 9645 0 5 0 0 2 1 0 1; 1 0 69 0 0 0 0 0 0 0; 412 768 0 7972 4 0 291 99 1 9; 97 263 1 6 7996 0 62 44 0 0; 0 8 0 1 0 410 3 0 0 0; 1 2 0 0 0 0 549 1 0 0; 70 49 0 10 64 1 11 926 0 1; 3 0 0 120 0 0 0 6 259 0; 697 119 0 84 2 1 0 17 0 8419],10,62.700545109,14.282660803,184.33277429,49226,0.0037446222380449357
102,0.001,manhattan,59,561,4114,0.983,0.8881,0.1153,0.8676,0.9688,0.9905,0.9211,0.8589,0.5264,0.9616,0.8081,0.7986,0.8793,[9174 184 10 2 1 0 1 0 28 1; 73 9688 13 12 52 2 0 1 53 2; 0 34 35 1 0 0 0 0 0 0; 8 1678 5 7395 1 1 0 10 433 26; 4 216 0 5 8105 0 24 53 60 1; 0 0 0 2 0 417 0 0 3 0; 0 4 0 0 16 0 531 2 0 0; 0 19 51 1 77 0 36 922 1 25; 0 4 1 27 0 0 0 2 354 0; 6 95 422 46 12 0 8 25 25 8700],10,77.248273222,17.597262312,196.785962965,49226,0.003997602140433917
